human,rat
A1BG,A1BG
A2M,A2M
AADAC,AADAC
AAMP,AAMP
AANAT,AANAT
AARS1,AARS1
ABAT,ABAT
ABCA1,ABCA1
ABCA2,ABCA2
ABCA3,ABCA3
ABCB7,ABCB7
ABCF1,ABCF1
ABCA4,ABCA4
ABL1,ABL1
AOC1,AOC1
ABL2,ABL2
ABO,ABO
ABR,ABR
ACACA,ACACA
ACACB,ACACB
ACADL,ACADL
ACADM,ACADM
ACADS,ACADS
ACADSB,ACADSB
ACADVL,ACADVL
ACAT1,ACAT1
ACAT2,ACAT2
ASIC2,ASIC2
ASIC1,ASIC1
ACHE,ACHE
ACLY,ACLY
ACO1,ACO1
ACR,ACR
ACO2,ACO2
ACOX1,ACOX1
ACP1,ACP1
ACP2,ACP2
ACP5,ACP5
ACP3,ACP3
ACRV1,ACRV1
ACTA1,ACTA1
ACTA2,ACTA2
ACTB,ACTB
ACTC1,ACTC1
ACTG1,ACTG1
ACTG2,ACTG2
ACTN4,ACTN4
ACTL6A,ACTL6A
ACTN1,ACTN1
ACTN2,ACTN2
ACTN3,ACTN3
ACVR1,ACVR1
ACVR1B,ACVR1B
ACVR2A,ACVR2A
ACVR2B,ACVR2B
ACVRL1,ACVRL1
ACY1,ACY1
ACYP1,ACYP1
ACYP2,ACYP2
ADA,ADA
ADAM8,ADAM8
ADAM10,ADAM10
ADAR,ADAR
ADARB1,ADARB1
ADARB2,ADARB2
ADCY1,ADCY1
ADCY2,ADCY2
ADCY3,ADCY3
ADCY5,ADCY5
ADCY6,ADCY6
ADCY7,ADCY7
ADCY8,ADCY8
ADCY9,ADCY9
ADCYAP1,ADCYAP1
ADCYAP1R1,ADCYAP1R1
ADD1,ADD1
ADD2,ADD2
ADD3,ADD3
PLIN2,PLIN2
ADH1C,ADH1C
ADH4,ADH4
ADH5,ADH5
ADH6,ADH6
ADH7,ADH7
ADK,ADK
ADM,ADM
ADORA1,ADORA1
ADORA2A,ADORA2A
ADORA2B,ADORA2B
ADORA3,ADORA3
ADPRH,ADPRH
PARP1,PARP1
PARP4,PARP4
ADRA1D,ADRA1D
ADRA1B,ADRA1B
ADRA1A,ADRA1A
ADRA2A,ADRA2A
ADRA2B,ADRA2B
ADRA2C,ADRA2C
ADRB1,ADRB1
ADRB2,ADRB2
ADRB3,ADRB3
GRK2,GRK2
GRK3,GRK3
ADSL,ADSL
ADSS2,ADSS2
AP2A1,AP2A1
AP2A2,AP2A2
AP1B1,AP1B1
AP2B1,AP2B1
AP1G1,AP1G1
AEBP1,AEBP1
TLE5,TLE5
CRISP1,CRISP1
AFM,AFM
AFP,AFP
AGA,AGA
ACAN,ACAN
AGER,AGER
AGL,AGL
AGRP,AGRP
JAG1,JAG1
AGT,AGT
AGTR1,AGTR1B
AGTR2,AGTR2
APLNR,APLNR
AGXT,AGXT
NR0B1,NR0B1
AHCY,AHCY
AHR,AHR
AHSG,AHSG
AIF1,AIF1
CRYBG1,CRYBG1
AK1,AK1
AK2,AK2
AK4,AK4
AKT1,AKT1
AKT2,AKT2
ALAD,ALAD
ALAS1,ALAS1
ALAS2,ALAS2
ALB,ALB
ALCAM,ALCAM
ABCD1,ABCD1
ALDH2,ALDH2
ALDH3A1,ALDH3A1
ALDH1B1,ALDH1B1
ALDH1A3,ALDH1A3
ALDH3B1,ALDH3B1
ALDH3B2,ALDH3B2
ALDH9A1,ALDH9A1
ALDH3A2,ALDH3A2
ABCD2,ABCD2
ALDOA,ALDOA
ALDOB,ALDOB
ALDOC,ALDOC
AKR1B1,AKR1B1
ALK,ALK
ALOX12,ALOX12
ALOX5,ALOX5
ALOX5AP,ALOX5AP
ALOX12B,ALOX12B
ALOX15,ALOX15
ALOX15B,ALOX15B
ALPI,ALPI
ALPL,ALPL
ALX3,ALX3
AMBN,AMBN
AMBP,AMBP
AMD1,AMD1
AMELX,AMELX
AMFR,AMFR
AMH,AMH
AMHR2,AMHR2
AMPD1,AMPD1
AMPD2,AMPD2
AMPD3,AMPD3
AMPH,AMPH
BIN1,BIN1
AMT,AMT
ANG,ANG
ANGPT1,ANGPT1
ANGPT2,ANGPT2
ANK1,ANK1
ANK2,ANK2
ANK3,ANK3
ANPEP,ANPEP
SLC25A4,SLC25A4
SLC25A5,SLC25A5
ANXA1,ANXA1
ANXA2,ANXA2
ANXA3,ANXA3
ANXA4,ANXA4
ANXA5,ANXA5
ANXA6,ANXA6
ANXA7,ANXA7
ANXA11,ANXA11
ANXA13,ANXA13
AOAH,AOAH
AOX1,AOX1
APAF1,APAF1
NUDT2,NUDT2
APOF,APOF
APBA1,APBA1
APBA2,APBA2
APBB1,APBB1
APBB2,APBB2
APC,APC
APCS,APCS
AIRE,AIRE
APEH,APEH
APEX1,APEX1
BIRC2,BIRC2
BIRC3,BIRC3
XIAP,XIAP
BIRC5,BIRC5
APLP1,APLP1
APLP2,APLP2
APOA1,APOA1
APOA2,APOA2
APOA4,APOA4
APOB,APOB
APOBEC1,APOBEC1
APOC1,APOC1
AQP8,AQP8
APOC2,APOC2
APOC3,APOC3
APOC4,APOC4
APOD,APOD
APOE,APOE
APOH,APOH
APP,APP
APRT,APRT
FAS,FAS
FASLG,FASLG
SHROOM2,SHROOM2
AQP1,AQP1
AQP3,AQP3
AQP4,AQP4
AQP6,AQP6
AQP7,AQP7
AQP9,AQP9
AR,AR
ABCC6,ABCC6
ARAF,ARAF
ARCN1,ARCN1
TRIM23,TRIM23
AREG,AREG
ARF1,ARF1
ARF3,ARF3
ARF4,ARF4
ARL4D,ARL4D
ARF5,ARF5
ARF6,ARF6
ARG1,ARG1
ARG2,ARG2
RHOA,RHOA
RHOB,RHOB
RHOC,RHOC
RND3,RND3
RHOG,RHOG
ARHGAP1,ARHGAP1
ARHGAP4,ARHGAP4
ARHGAP5,ARHGAP5
ARHGAP6,ARHGAP6
ARHGDIA,ARHGDIA
ARHGDIB,ARHGDIB
ARHGDIG,ARHGDIG
RHOH,RHOH
ARL1,ARL1
PHOX2A,PHOX2A
ARL2,ARL2
ARL3,ARL3
ARNT,ARNT
BMAL1,BMAL1
ARR3,ARR3
ARRB1,ARRB1
ARRB2,ARRB2
ARSA,ARSA
ARSB,ARSB
STS,STS
ART1,ART1
ART3,ART3
ART4,ART4
ARVCF,ARVCF
ASAH1,ASAH1
ASCL1,ASCL1
ASCL2,ASCL2
ASGR1,ASGR1
ASGR2,ASGR2
ASIP,ASIP
ASL,ASL
ASMT,ASMT
GET3,GET3
ASNS,ASNS
ASPA,ASPA
ASPH,ASPH
ASS1,ASS1
ASTN1,ASTN1
SERPINC1,SERPINC1
ZFHX3,ZFHX3
ATF1,ATF1
ATF3,ATF3
ATF4,ATF4
ATIC,ATIC
ATM,ATM
RERE,RERE
ATOH1,ATOH1
ATOX1,ATOX1
ATP1A1,ATP1A1
ATP1A2,ATP1A2
ATP1A3,ATP1A3
ATP12A,ATP12A
ATP1A4,ATP1A4
ATP1B1,ATP1B1
ATP1B2,ATP1B2
ATP1B3,ATP1B3
FXYD2,FXYD2
ATP2A1,ATP2A1
ATP2A2,ATP2A2
ATP2A3,ATP2A3
ATP2B1,ATP2B1
ATP2B2,ATP2B2
ATP2B3,ATP2B3
ATP2B4,ATP2B4
ATP4A,ATP4A
ATP4B,ATP4B
ATP5F1A,ATP5F1A
ALDH7A1,ALDH7A1
ATP5F1B,ATP5F1B
ATP5F1C,ATP5F1C
ATP5F1D,ATP5F1D
ATP5F1E,ATP5F1E
ATP5PB,ATP5PB
ATP5MC1,ATP5MC1
ATP5MC2,ATP5MC2
ATP5MC3,ATP5MC3
ATP5ME,ATP5ME
ATP5PF,ATP5PF
ATP6V1A,ATP6V1A
ATP6V1B1,ATP6V1B1
ATP6V1B2,ATP6V1B2
ATP6V0C,ATP6V0C
ATP6V1C1,ATP6V1C1
ATP6V1E1,ATP6V1E1
ATP6V0B,ATP6V0B
ATP6V1G2,ATP6V1G2
ATP6V0A1,ATP6V0A1
ATP6AP1,ATP6AP1
ATP7A,ATP7A
ATP5PO,ATP5PO
ATP7B,ATP7B
ATR,ATR
ATRX,ATRX
KIF1A,KIF1A
AUH,AUH
AUP1,AUP1
AVP,AVP
AVPR1A,AVPR1A
AVPR1B,AVPR1B
AVPR2,AVPR2
AXL,AXL
AZGP1,AZGP1
B2M,B2M
BAAT,BAAT
BACH1,BACH1
BAD,BAD
BAG1,BAG1
ADGRB1,ADGRB1
ADGRB2,ADGRB2
ADGRB3,ADGRB3
BAK1,BAK1
NKX3-2,NKX3-2
BARD1,BARD1
BAX,BAX
BBS1,BBS1
BBS2,BBS2
BBS4,BBS4
BCAT1,BCAT1
BCAT2,BCAT2
BCHE,BCHE
BCKDHA,BCKDHA
BCKDHB,BCKDHB
CCND1,CCND1
BCL2,BCL2
BCL2A1,BCL2A1
BCL2L1,BCL2L1
BCL2L2,BCL2L2
BCL3,BCL3
BCL6,BCL6
BCL7A,BCL7A
BCL9,BCL9
TNFRSF17,TNFRSF17
HCN2,HCN2
OPN1SW,OPN1SW
BCR,BCR
BCS1L,BCS1L
BDH1,BDH1
BDKRB1,BDKRB1
BDKRB2,BDKRB2
BDNF,BDNF
CFB,CFB
BFSP1,BFSP1
BGLAP,BGLAP
BGN,BGN
CEACAM1,CEACAM1
BICD1,BICD1
BID,BID
BIK,BIK
PRDM1,PRDM1
BLK,BLK
BLM,BLM
BLMH,BLMH
CXCR5,CXCR5
BLVRA,BLVRA
BLVRB,BLVRB
BNC1,BNC1
BMI1,BMI1
BMP1,BMP1
BMP2,BMP2
BMP3,BMP3
BMP4,BMP4
BMP5,BMP5
BMP6,BMP6
BMP7,BMP7
BMPR1A,BMPR1A
BMPR1B,BMPR1B
BMPR2,BMPR2
BMX,BMX
POLR3D,POLR3D
BNIP1,BNIP1
BNIP2,BNIP2
BNIP3,BNIP3
BNIP3L,BNIP3L
BOK,BOK
DST,DST
FOXL2,FOXL2
BPGM,BPGM
BPHL,BPHL
BPI,BPI
BRCA1,BRCA1
BRAF,BRAF
BRCA2,BRCA2
BRDT,BRDT
ZFP36L1,ZFP36L1
ZFP36L2,ZFP36L2
BRS3,BRS3
BSG,BSG
BST1,BST1
BST2,BST2
BTC,BTC
BTD,BTD
KLF9,KLF9
KLF5,KLF5
BTF3,BTF3
BTG1,BTG1
BTK,BTK
BTN1A1,BTN1A1
BUB1,BUB1
BUB1B,BUB1B
BYSL,BYSL
TSPO,TSPO
C1QBP,C1QBP
SERPING1,SERPING1
C1QA,C1QA
C1QB,C1QB
C1QC,C1QC
C1R,C1R
C1S,C1S
C2,C2
C3,C3
C3AR1,C3AR1
C4BPA,C4BPA
C4BPB,C4BPB
CAPN5,CAPN5
C5,C5
C5AR1,C5AR1
C6,C6
C7,C7
C8A,C8A
C8B,C8B
C8G,C8G
OSGIN2,OSGIN2
C9,C9
VPS51,VPS51
MRPL49,MRPL49
ZNHIT2,ZNHIT2
MPPED2,MPPED2
MYRF,MYRF
TMEM258,TMEM258
DAGLA,DAGLA
FMNL1,FMNL1
LDLRAD4,LDLRAD4
PTTG1IP,PTTG1IP
CFAP410,CFAP410
TMEM50B,TMEM50B
MPPED1,MPPED1
CA1,CA1
CA2,CA2
CA3,CA3
CA4,CA4
CA5A,CA5A
CA6,CA6
CA7,CA7
CA8,CA8
CA9,CA9
CA11,CA11
CA12,CA12
CACNA1A,CACNA1A
CACNA1B,CACNA1B
CACNA1C,CACNA1C
CACNA1D,CACNA1D
CACNA1E,CACNA1E
CACNA1F,CACNA1F
CACNA1S,CACNA1S
DDR1,DDR1
CACNA2D1,CACNA2D1
CACNB1,CACNB1
CACNB2,CACNB2
CACNB3,CACNB3
CACNB4,CACNB4
CACNG1,CACNG1
SLC25A20,SLC25A20
CAD,CAD
CALB1,CALB1
CALB2,CALB2
S100G,S100G
CALCA,CALCA
CALCB,CALCB
CALCR,CALCR
CALD1,CALD1
CALM1,CALM1
CALM2,CALM2
CALM3,CALM3
CALML3,CALML3
CALR,CALR
CALU,CALU
CAMK4,CAMK4
CAMK2A,CAMK2A
CAMK2B,CAMK2B
CAMK2D,CAMK2D
CAMK2G,CAMK2G
CAMLG,CAMLG
CAMP,CAMP
CANX,CANX
CAPG,CAPG
CAPN1,CAPN1
CAPN2,CAPN2
CAPN3,CAPN3
CAPNS1,CAPNS1
CAPN6,CAPN6
CAPS,CAPS
CAPZA1,CAPZA1
CAPZA2,CAPZA2
CAST,CAST
CAPZB,CAPZB
CARS1,CARS1
CASP1,CASP1
CASP2,CASP2
CASP3,CASP3
CASP4,CASP4
CASP6,CASP6
CASP7,CASP7
CASP8,CASP8
CASP9,CASP9
CASQ1,CASQ1
CASQ2,CASQ2
CASR,CASR
CAT,CAT
CAV1,CAV1
CAV2,CAV2
CAV3,CAV3
RUNX2,RUNX2
RUNX1,RUNX1
RUNX1T1,RUNX1T1
CBFA2T3,CBFA2T3
RUNX3,RUNX3
CBFB,CBFB
SERPINA6,SERPINA6
CBL,CBL
CBLB,CBLB
CBLN1,CBLN1
SERPINH1,SERPINH1
CBR1,CBR1
CBR3,CBR3
CBS,CBS
CCIN,CCIN
KYAT1,KYAT1
CCK,CCK
CCKAR,CCKAR
CCKBR,CCKBR
KRIT1,KRIT1
CCNA2,CCNA2
CCNB1,CCNB1
CCNC,CCNC
CCND2,CCND2
CCND3,CCND3
CCNE1,CCNE1
CCNF,CCNF
CCNG1,CCNG1
CCNG2,CCNG2
CCNH,CCNH
CCNT1,CCNT1
CCNT2,CCNT2
CCT6A,CCT6A
CD2,CD2
CD3D,CD3D
CD3E,CD3E
CD3G,CD3G
CD247,CD247
CD4,CD4
CD5,CD5
CD5L,CD5L
CD6,CD6
CD7,CD7
CD8A,CD8A
CD8B,CD8B
CD9,CD9
CD14,CD14
CD19,CD19
MS4A1,MS4A1
MS4A3,MS4A3
CD22,CD22
CD27,CD27
CD28,CD28
CD80,CD80
CD86,CD86
TNFRSF8,TNFRSF8
TNFSF8,TNFSF8
CD33,CD33
CD34,CD34
SCARB1,SCARB1
SCARB2,SCARB2
CD37,CD37
CD38,CD38
ENTPD1,ENTPD1
ENTPD2,ENTPD2
ENTPD6,ENTPD6
ENTPD3,ENTPD3
ENTPD5,ENTPD5
CD40,CD40
CD40LG,CD40LG
CD44,CD44
CD47,CD47
CD48,CD48
CD53,CD53
CD59,CD59B
CD63,CD63
CD68,CD68
CD69,CD69
CD70,CD70
CD72,CD72
CD74,CD74
CD79A,CD79A
CD79B,CD79B
CD81,CD81
ADGRE5,ADGRE5
CD151,CD151
CDA,CDA
CDK1,CDK1
CDK11B,CDK11B
LRBA,LRBA
CDC5L,CDC5L
SEPTIN7,SEPTIN7
CDC6,CDC6
CDC20,CDC20
CDC25A,CDC25A
CDC25B,CDC25B
CDC25C,CDC25C
CDC27,CDC27
CDC34,CDC34
CDC42,CDC42
CDH1,CDH1
CDH2,CDH2
CDH3,CDH3
CDH4,CDH4
CDH5,CDH5
CDH6,CDH6
CDH7,CDH7
CDH8,CDH8
CDH9,CDH9
CDH11,CDH11
CDH12,CDH12
CDH13,CDH13
CDH15,CDH15
CDH16,CDH16
CDH17,CDH17
CDH18,CDH18
CDK2,CDK2
CDK4,CDK4
CDK5,CDK5
CDK6,CDK6
CDK7,CDK7
CDK8,CDK8
CDK9,CDK9
CDKN1A,CDKN1A
CDKN1B,CDKN1B
CDKN1C,CDKN1C
CDKN2B,CDKN2B
CDKN2C,CDKN2C
CDKN2D,CDKN2D
CDKN3,CDKN3
CDO1,CDO1
CDR2,CDR2
CDS1,CDS1
CDSN,CDSN
CD52,CD52
CDX1,CDX1
CDX2,CDX2
CDX4,CDX4
CLGN,CLGN
CEBPA,CEBPA
CEBPB,CEBPB
CEBPD,CEBPD
CEBPE,CEBPE
CEBPG,CEBPG
CEL,CEL
CENPA,CENPA
CENPB,CENPB
CENPC,CENPC
CENPE,CENPE
CENPF,CENPF
CETN1,CETN1
CETN2,CETN2
CETN3,CETN3
CFL1,CFL1
CFL2,CFL2
CTSC,CTSC
CFTR,CFTR
CGA,CGA
CHAD,CHAD
RCBTB2,RCBTB2
CHAT,CHAT
RCC1,RCC1
CHD1,CHD1
CHD2,CHD2
CHD3,CHD3
CHD4,CHD4
CHEK1,CHEK1
FOXN3,FOXN3
CHGA,CHGA
CHGB,CHGB
CHI3L1,CHI3L1
CHIT1,CHIT1
CHKA,CHKA
CHKB,CHKB
CHM,CHM
CHML,CHML
CHN1,CHN1
CHN2,CHN2
CHRM1,CHRM1
CHRM2,CHRM2
LYST,LYST
CHRM3,CHRM3
CHRM4,CHRM4
CHRM5,CHRM5
CHRNA1,CHRNA1
CHRNA2,CHRNA2
CHRNA3,CHRNA3
CHRNA4,CHRNA4
CHRNA5,CHRNA5
CHRNA7,CHRNA7
CHRNB1,CHRNB1
CHRNB2,CHRNB2
CHRNB3,CHRNB3
CHRNB4,CHRNB4
CHRND,CHRND
CHRNE,CHRNE
CHRNG,CHRNG
CHUK,CHUK
CIDEA,CIDEA
CKB,CKB
CIRBP,CIRBP
CISH,CISH
TBCB,TBCB
CKM,CKM
CKMT2,CKMT2
ERCC8,ERCC8
CKS1B,CKS1B
CKS2,CKS2
AP2M1,AP2M1
AP1S1,AP1S1
AP2S1,AP2S1
AP3S1,AP3S1
CLCA1,CLCA1
CLCN1,CLCN1
CLCN2,CLCN2
CLCN3,CLCN3
CLCN4,CLCN4
CLCN5,CLCN5
CLCN6,CLCN6
CLCN7,CLCN7
CLU,CLU
CLIC1,CLIC1
CLIC2,CLIC2
CLK1,CLK1
CLK2,CLK2
CLK3,CLK3
TPP1,TPP1
CLN3,CLN3
CLN5,CLN5
CLNS1A,CLNS1A
CLPS,CLPS
CLPTM1,CLPTM1
CLTA,CLTA
CLTB,CLTB
CLTC,CLTC
CMA1,CMA1
CCR1,CCR1
CCR3,CCR3
CCR4,CCR4
CCR6,CCR6
CCR7,CCR7
CCR8,CCR8
ACKR2,ACKR2
CMKLR1,CMKLR1
LTB4R,LTB4R
ABCC2,ABCC2
CNGB1,CNGB1
CNGA1,CNGA1
CNGA2,CNGA2
CNGA3,CNGA3
CNGA4,CNGA4
PLK3,PLK3
CNN1,CNN1
CNN2,CNN2
CNN3,CNN3
CNP,CNP
CNR1,CNR1
CNR2,CNR2
CNTF,CNTF
CNTFR,CNTFR
CNTN1,CNTN1
COL1A1,COL1A1
COL1A2,COL1A2
COL2A1,COL2A1
COL3A1,COL3A1
COL4A1,COL4A1
COL4A2,COL4A2
COL4A3,COL4A3
COL4A4,COL4A4
COL4A5,COL4A5
COL4A6,COL4A6
COL5A1,COL5A1
COL5A2,COL5A2
COL6A1,COL6A1
COL6A2,COL6A2
COL6A3,COL6A3
COL7A1,COL7A1
COL8A1,COL8A1
COL8A2,COL8A2
COL9A1,COL9A1
COL9A2,COL9A2
COL9A3,COL9A3
COL10A1,COL10A1
COL11A1,COL11A1
COL11A2,COL11A2
COL12A1,COL12A1
COL13A1,COL13A1
COL15A1,COL15A1
COL16A1,COL16A1
COL17A1,COL17A1
COL19A1,COL19A1
COMP,COMP
COMT,COMT
COPA,COPA
COPB1,COPB1
KLF6,KLF6
SLC31A1,SLC31A1
SLC31A2,SLC31A2
CORT,CORT
MAP3K8,MAP3K8
COX4I1,COX4I1
COX5B,COX5B
COX6A1,COX6A1
COX6A2,COX6A2
COX6B1,COX6B1
COX6C,COX6C
COX7A1,COX7A1
COX7A2,COX7A2
COX7B,COX7B
COX7C,COX7C
COX8A,COX8A
COX10,COX10
COX11,COX11
COX15,COX15
CP,CP
CPA1,CPA1
CPA2,CPA2
CPA3,CPA3
CPB1,CPB1
CPB2,CPB2
CPD,CPD
CPE,CPE
CLDN4,CLDN4
CLDN3,CLDN3
CLDN7,CLDN7
CPM,CPM
CPN1,CPN1
CPN2,CPN2
CPOX,CPOX
CPS1,CPS1
CPT1A,CPT1A
CPT1B,CPT1B
CPT2,CPT2
CR1L,CR1L
CR2,CR2
CRABP1,CRABP1
CRABP2,CRABP2
CRAT,CRAT
CREB1,CREB1
ATF2,ATF2
CREBBP,CREBBP
ATF6B,ATF6B
CREBL2,CREBL2
CREM,CREM
CRH,CRH
CRHBP,CRHBP
CRHR1,CRHR1
CRHR2,CRHR2
CRIP1,CRIP1
CRIP2,CRIP2
CRK,CRK
CRKL,CRKL
CRMP1,CRMP1
HAPLN1,HAPLN1
CRX,CRX
CRY1,CRY1
CRY2,CRY2
CRYAA,CRYAA
CRYAB,CRYAB
CRYBA1,CRYBA1
CRYBA2,CRYBA2
CRYBA4,CRYBA4
CRYBB1,CRYBB1
CRYBB2,CRYBB2
CRYBB3,CRYBB3
CRYGA,CRYGA
CRYGB,CRYGB
CRYGC,CRYGC
CRYGD,CRYGD
CRYGS,CRYGS
CRYM,CRYM
CRYZ,CRYZ
CS,CS
MAPK14,MAPK14
CSE1L,CSE1L
CSF1,CSF1
CSF1R,CSF1R
CSF2,CSF2
CSF2RA,CSF2RA
CSF2RB,CSF2RB
CSF3,CSF3
CSF3R,CSF3R
CSK,CSK
CSN1S1,CSN1S1
CSN2,CSN2
CSN3,CSN3
CSNK1A1,CSNK1A1
CSNK1D,CSNK1D
CSNK1E,CSNK1E
CSNK1G2,CSNK1G2
CSNK1G3,CSNK1G3
CSNK2A1,CSNK2A1
CSNK2A2,CSNK2A2
CSNK2B,CSNK2B
VCAN,VCAN
NCAN,NCAN
CSPG4,CSPG4
CSRP1,CSRP1
CSRP2,CSRP2
SLC25A10,SLC25A10
CST6,CST6
CSTA,CSTA
CSTB,CSTB
CSTF1,CSTF1
CSTF2,CSTF2
CSTF3,CSTF3
NKX2-5,NKX2-5
CTBS,CTBS
CTBP1,CTBP1
CTBP2,CTBP2
CTF1,CTF1
CCN2,CCN2
CTH,CTH
CTLA4,CTLA4
CTNNA1,CTNNA1
CTNNA2,CTNNA2
CTNS,CTNS
CTNNB1,CTNNB1
CTNND1,CTNND1
CTNND2,CTNND2
CTPS1,CTPS1
CTRL,CTRL
CTSB,CTSB
CTSD,CTSD
CTSE,CTSE
CTSG,CTSG
CTSH,CTSH
CTSK,CTSK
CTSO,CTSO
CTSS,CTSS
CTSW,CTSW
CTSZ,CTSZ
CUX1,CUX1
CX3CR1,CX3CR1
CXADR,CXADR
TEX28,TEX28
CYB5A,CYB5A
CYB561,CYB561
CYBA,CYBA
CYBB,CYBB
CYC1,CYC1
CYLC1,CYLC1
CYLC2,CYLC2
CYLD,CYLD
CYP1A1,CYP1A1
CYP1A2,CYP1A2
CYP1B1,CYP1B1
CYP2E1,CYP2E1
CYP2F1,CYP2F4
CYP4B1,CYP4B1
CYP7A1,CYP7A1
CYP8B1,CYP8B1
CYP11A1,CYP11A1
CYP17A1,CYP17A1
CYP19A1,CYP19A1
CYP21A2,CYP21A1
CYP24A1,CYP24A1
CYP26A1,CYP26A1
CYP27A1,CYP27A1
CYP27B1,CYP27B1
CYP51A1,CYP51
DAB1,DAB1
DAB2,DAB2
DACH1,DACH1
DAD1,DAD1
CD55,CD55
DAG1,DAG1
DGKA,DGKA
DGKB,DGKB
DGKG,DGKG
DGKQ,DGKQ
DAO,DAO
DAP,DAP
DAPK1,DAPK1
DAPK3,DAPK3
DARS1,DARS1
DAXX,DAXX
DAZL,DAZL
BRINP1,BRINP1
DBH,DBH
DBI,DBI
DBN1,DBN1
DBP,DBP
DBT,DBT
DCC,DCC
ECI1,ECI1
DCK,DCK
DCN,DCN
DCTD,DCTD
ACE,ACE
DCT,DCT
DCTN1,DCTN1
DCX,DCX
DDB1,DDB1
DDB2,DDB2
DDC,DDC
GADD45A,GADD45A
DDIT3,DDIT3
DDOST,DDOST
DDT,DDT
DDX1,DDX1
DDX3X,DDX3X
DDX5,DDX5
DDX6,DDX6
DMXL1,DMXL1
DHX8,DHX8
DHX9,DHX9
DDX10,DDX10
DDX11,DDX11
DHX15,DHX15
DECR1,DECR1
DEFB1,DEFB1
DES,DES
CFD,CFD
DFFA,DFFA
DFFB,DFFB
TIMM8A,TIMM8A1
GSDME,GSDME
COCH,COCH
DGUOK,DGUOK
DHCR7,DHCR7
DHCR24,DHCR24
DHFR,DHFR
DHODH,DHODH
DHPS,DHPS
CYB5R3,CYB5R3
NQO1,NQO1
DIAPH1,DIAPH1
DIAPH2,DIAPH2
SEPTIN1,SEPTIN1
DIO1,DIO1
DIO2,DIO2
DIO3,DIO3
DKC1,DKC1
DLAT,DLAT
DLD,DLD
DLG1,DLG1
DLG2,DLG2
DLG3,DLG3
DLG4,DLG4
DLST,DLST
DLX1,DLX1
DLX2,DLX2
DLX3,DLX3
DLX4,DLX4
DLX5,DLX5
DLX6,DLX6
DMBT1,DMBT1
DMD,DMD
SARDH,SARDH
DMP1,DMP1
DNM1,DNM1
DMPK,DMPK
DMRT1,DMRT1
DMWD,DMWD
DNA2,DNA2
DNAH5,DNAH5
DNAH6,DNAH6
DNAH8,DNAH8
DNAH9,DNAH9
DNASE1,DNASE1
DNASE1L1,DNASE1L1
DNASE1L2,DNASE1L2
DNASE1L3,DNASE1L3
DNASE2,DNASE2
DYNC1H1,DYNC1H1
DYNC1I1,DYNC1I1
DYNC1I2,DYNC1I2
DYNC1LI2,DYNC1LI2
DNM2,DNM2
DNMT1,DNMT1
TRDMT1,TRDMT1
DNMT3A,DNMT3A
DNMT3B,DNMT3B
DNTT,DNTT
DOCK1,DOCK1
DOCK2,DOCK2
DOCK3,DOCK3
DOK1,DOK1
DXO,DXO
DPAGT1,DPAGT1
DPEP1,DPEP1
DPH1,DPH1
DPH2,DPH2
DPP4,DPP4
DPP6,DPP6
DPT,DPT
DPYD,DPYD
DPYS,DPYS
DPYSL2,DPYSL2
DPYSL3,DPYSL3
DR1,DR1
SLC26A3,SLC26A3
DRD1,DRD1
DRD2,DRD2
DRD3,DRD3
DRD4,DRD4
DRD5,DRD5
DRG2,DRG2
ARID3A,ARID3A
DRP2,DRP2
ATN1,ATN1
DSC1,DSC1
DSC2,DSC2
DSC3,DSC3
DSCAM,DSCAM
RCAN1,RCAN1
DSG1,DSG1
DSG2,DSG2
DSG3,DSG3
TSC22D3,TSC22D3
DSP,DSP
EPYC,EPYC
DSPP,DSPP
SLC26A2,SLC26A2
DTNA,DTNA
DTNB,DTNB
HBEGF,HBEGF
DTX1,DTX1
DTYMK,DTYMK
ECM2,ECM2
DUSP1,DUSP1
DUSP2,DUSP2
DUSP3,DUSP3
DUSP4,DUSP4
DUSP5,DUSP5
DUSP6,DUSP6
DUSP7,DUSP7
DUSP8,DUSP8
DUSP9,DUSP9
DUT,DUT
DVL1,DVL1
DVL2,DVL2
DVL3,DVL3
DYRK1A,DYRK1A
TOR1A,TOR1A
E2F1,E2F1
E2F2,E2F2
E2F3,E2F3
E2F4,E2F4
E2F6,E2F6
E4F1,E4F1
EBF1,EBF1
GPR183,GPR183
ECE1,ECE1
TYMP,TYMP
ECH1,ECH1
ECHS1,ECHS1
ECM1,ECM1
ECT2,ECT2
EDA,EDA
S1PR1,S1PR1
LPAR1,LPAR1
S1PR3,S1PR3
EDN1,EDN1
EDN2,EDN2
EDN3,EDN3
EDNRA,EDNRA
EDNRB,EDNRB
PHC1,PHC1
PHC2,PHC2
EEF1A1,EEF1A1
EEF1A2,EEF1A2
EEF1B2,EEF1B2
EEF1D,EEF1D
EEF1G,EEF1G
EEF2,EEF2
EIF2D,EIF2D
EFNA1,EFNA1
EFNA2,EFNA2
EFNA3,EFNA3
EFNA4,EFNA4
EFNA5,EFNA5
EFNB1,EFNB1
EFNB2,EFNB2
EFNB3,EFNB3
EGF,EGF
CELSR3,CELSR3
CELSR2,CELSR2
MEGF6,MEGF6
MEGF8,MEGF8
MEGF9,MEGF9
EGFR,EGFR
EGR1,EGR1
EGR2,EGR2
EGR3,EGR3
EGR4,EGR4
EHHADH,EHHADH
EIF1AX,EIF1AX
EIF2S1,EIF2S1
EIF2B1,EIF2B1
EIF2S3,EIF2S3
EPHA2,EPHA2
EIF4A1,EIF4A1
EIF4A2,EIF4A2
EIF4B,EIF4B
EIF4E,EIF4E
EIF4EBP1,EIF4EBP1
EIF4EBP2,EIF4EBP2
EIF4G1,EIF4G1
EIF4G2,EIF4G2
EIF5,EIF5
EIF5A,EIF5A
CELA1,CELA1
ELANE,ELANE
ELAVL2,ELAVL2
ELAVL1,ELAVL1
ELAVL3,ELAVL3
ELAVL4,ELAVL4
ELF1,ELF1
ELF2,ELF2
ELF3,ELF3
ELF4,ELF4
ELF5,ELF5
ELK1,ELK1
ELK3,ELK3
ELK4,ELK4
ELN,ELN
EML1,EML1
EMD,EMD
MARK2,MARK2
EMP1,EMP1
EMP2,EMP2
EMP3,EMP3
ADGRE1,ADGRE1
EMX1,EMX1
CTTN,CTTN
EMX2,EMX2
EN1,EN1
EN2,EN2
ENDOG,ENDOG
ENG,ENG
ENO1,ENO1
ENO2,ENO2
ENO3,ENO3
ENPEP,ENPEP
ENSA,ENSA
SLC29A1,SLC29A1
EP300,EP300
EPAS1,EPAS1
EPB41,EPB41
EPB41L1,EPB41L1
EPB41L2,EPB41L2
EPB42,EPB42
DMTN,DMTN
STOM,STOM
EPHA1,EPHA1
EPHA3,EPHA3
EPHA4,EPHA4
EPHA5,EPHA5
EPHA7,EPHA7
EPHA8,EPHA8
EPHB1,EPHB1
EPHB2,EPHB2
EPHB3,EPHB3
EPHB4,EPHB4
EPHB6,EPHB6
EPHX1,EPHX1
EPHX2,EPHX2
STX2,STX2
CLN8,CLN8
EPO,EPO
EPOR,EPOR
EPRS1,EPRS1
EPS8,EPS8
EPS15,EPS15
NR2F6,NR2F6
ERBB2,ERBB2
ERBB3,ERBB3
ERBB4,ERBB4
ERCC1,ERCC1
ERCC2,ERCC2
EREG,EREG
EYA4,EYA4
ERCC3,ERCC3
ERCC4,ERCC4
ERCC5,ERCC5
ERCC6,ERCC6
ERF,ERF
ERG,ERG
ERH,ERH
ERN1,ERN1
FBL,FBL
ESD,ESD
ESR1,ESR1
ESR2,ESR2
ESRRA,ESRRA
ESRRB,ESRRB
ESRRG,ESRRG
ETF1,ETF1
ETFA,ETFA
ETFB,ETFB
ETFDH,ETFDH
ETS1,ETS1
ETS2,ETS2
ETV1,ETV1
ETV2,ETV2
ETV3,ETV3
ETV4,ETV4
ETV5,ETV5
ETV6,ETV6
EVC,EVC
MECOM,MECOM
EVI2A,EVI2A
EVI2B,EVI2B
EVPL,EVPL
EVX1,EVX1
EWSR1,EWSR1
EXT1,EXT1
EXT2,EXT2
EXTL1,EXTL1
EXTL2,EXTL2
EXTL3,EXTL3
EYA1,EYA1
EYA2,EYA2
EYA3,EYA3
EZH1,EZH1
EZH2,EZH2
F2,F2
F2R,F2R
F2RL1,F2RL1
F2RL2,F2RL2
F3,F3
F5,F5
F7,F7
F8,F8
F9,F9
F10,F10
F11,F11
F12,F12
F13A1,F13A1
F13B,F13B
FAAH,FAAH
FABP4,FABP4
FABP1,FABP1
FABP2,FABP2
FABP3,FABP3
FABP5,FABP5
FABP6,FABP6
FABP7,FABP7
FANCA,FANCA
FANCC,FANCC
FANCD2,FANCD2
FANCE,FANCE
ACSL1,ACSL1
ACSL3,ACSL3
ACSL4,ACSL4
FAH,FAH
PTK2B,PTK2B
BPTF,BPTF
FANCB,FANCB
FANCF,FANCF
FANCG,FANCG
FAP,FAP
FBLN1,FBLN1
FARSA,FARSA
FASN,FASN
FAT1,FAT1
FAT2,FAT2
FAU,FAU
FBLN2,FBLN2
FBN1,FBN1
FBN2,FBN2
EFEMP1,EFEMP1
FBP1,FBP1
FCAR,FCAR
FCER1A,FCER1A
MS4A2,MS4A2
FCER1G,FCER1G
FCER2,FCER2
FCGR1A,FCGR1A
FCGR2B,FCGR2B
FCGR3A,FCGR3A
FCGRT,FCGRT
FKTN,FKTN
FCN1,FCNB
FDFT1,FDFT1
FDPS,FDPS
FDX1,FDX1
FDXR,FDXR
FECH,FECH
FEN1,FEN1
GPC4,GPC4
FER,FER
FES,FES
FGA,FGA
FGB,FGB
FGD1,FGD1
FGF1,FGF1
FGF2,FGF2
FGF3,FGF3
FGF4,FGF4
FGF5,FGF5
FGF6,FGF6
FGF7,FGF7
FGF8,FGF8
FGF9,FGF9
FGF10,FGF10
FGF11,FGF11
FGF12,FGF12
FGF13,FGF13
FGF14,FGF14
FGFR1,FGFR1
FGFR3,FGFR3
GPC5,GPC5
FGFR2,FGFR2
FGFR4,FGFR4
FGG,FGG
FGL1,FGL1
FGR,FGR
FH,FH
FHIT,FHIT
FHL1,FHL1
FHL2,FHL2
FHL3,FHL3
VEGFD,VEGFD
FKBP1A,FKBP1A
FKBP1B,FKBP1B
FKBP2,FKBP2
FKBP3,FKBP3
FKBP4,FKBP4
FKBP5,FKBP5
FOXG1,FOXG1
FOXF1,FOXF1
FOXF2,FOXF2
FOXC1,FOXC1
FOXD1,FOXD1
FOXD4,FOXD4
FOXI1,FOXI1
FOXL1,FOXL1
FOXE3,FOXE3
FOXJ1,FOXJ1
FOXC2,FOXC2
FOXE1,FOXE1
FOXM1,FOXM1
FOXD2,FOXD2
FOXS1,FOXS1
FOXO1,FOXO1
FOXO3,FOXO3
FLG,FLG
FLI1,FLI1
FLII,FLII
MLANA,MLANA
FLNA,FLNA
FLNB,FLNB
FLNC,FLNC
FLOT2,FLOT2
FLT1,FLT1
FLT3,FLT3
FLT3LG,FLT3LG
FLT4,FLT4
FMO1,FMO1
FMO2,FMO2
FMO3,FMO3
FMO4,FMO4
FMO5,FMO5
FMOD,FMOD
FMR1,FMR1
AFF2,AFF2
FN1,FN1
FNTA,FNTA
FNTB,FNTB
FOLH1,FOLH1
FOLR1,FOLR1
FOLR2,FOLR2
FOS,FOS
FOSB,FOSB
FOSL2,FOSL2
FPGS,FPGS
FPR1,FPR1
FPR2,FPR2
FXN,FXN
FRK,FRK
MTOR,MTOR
FRG1,FRG1
FRZB,FRZB
FSHB,FSHB
CENPI,CENPI
FSHR,FSHR
NR5A2,NR5A2
FTH1,FTH1
FTL,FTL1
ADAM2,ADAM2
NR5A1,NR5A1
FUCA1,FUCA1
FUCA2,FUCA2
GAST,GAST
FUS,FUS
FUT1,FUT1
FUT2,FUT2
FUT4,FUT4
FUT6,FUT4-PS1
FUT7,FUT7
FUT8,FUT8
KDSR,KDSR
ACKR1,ACKR1
FYB1,FYB1
FYN,FYN
FZD2,FZD2
G6PC1,G6PC1
G6PD,G6PD
SLC37A4,SLC37A4
XRCC6,XRCC6
GAA,GAA
GAB1,GAB1
GABBR1,GABBR1
GABPA,GABPA
GABPB1,GABPB1
GABRA1,GABRA1
GABRA2,GABRA2
GABRA3,GABRA3
GABRA4,GABRA4
GABRA5,GABRA5
GABRA6,GABRA6
GABRB1,GABRB1
GABRB2,GABRB2
GABRB3,GABRB3
GABRD,GABRD
GABRE,GABRE
GABRG1,GABRG1
GABRG2,GABRG2
GABRG3,GABRG3
GABRP,GABRP
GABRR1,GABRR1
GABRR2,GABRR2
GAD1,GAD1
GAD2,GAD2
GAK,GAK
GALC,GALC
GALE,GALE
B4GALNT1,B4GALNT1
GALK1,GALK1
GALK2,GALK2
GALR1,GALR1
GALNS,GALNS
GALNT1,GALNT1
GALNT2,GALNT2
GALNT3,GALNT3
GALT,GALT
GAMT,GAMT
GANC,GANC
GAP43,GAP43
GAPDH,GAPDH
LRRC32,LRRC32
GARS1,GARS1
GART,GART
GAS1,GAS1
GAS2,GAS2
GAS6,GAS6
DRC4,DRC4
GATA1,GATA1
GATA2,GATA2
GATA3,GATA3
GATA4,GATA4
GATA6,GATA6
GATM,GATM
GBA1,GBA1
NIPSNAP2,NIPSNAP2
GBE1,GBE1
GBP1,GBP1-PS1
GBP2,GBP2
GBX1,GBX1
GBX2,GBX2
GC,GC
GCDH,GCDH
GCG,GCG
GCGR,GCGR
GCH1,GCH1
GCHFR,GCHFR
GCK,GCK
GCKR,GCKR
BLOC1S1,BLOC1S1
KAT2A,KAT2A
NR6A1,NR6A1
GCNT1,GCNT1
GCNT2,GCNT2
OPN1MW,OPN1MW
GCSH,GCSH
GDF1,GDF1
GDF2,GDF2
MSTN,MSTN
GDF9,GDF9
GDF10,GDF10
GDI1,GDI1
GDI2,GDI2
GDNF,GDNF
GEM,GEM
GFAP,GFAP
GFER,GFER
GFI1,GFI1
GFPT1,GFPT1
GFRA1,GFRA1
GFRA2,GFRA2
GFRA3,GFRA3
GGCX,GGCX
GGT1,GGT1
GGTA1,GGTA1
B4GALT1,B4GALT1
GGT7,GGT7
GGT5,GGT5
GH1,GH1
GHR,GHR
GHRH,GHRH
GHRHR,GHRHR
GHSR,GHSR
CBLIF,CBLIF
GIP,GIP
GIPR,GIPR
GJA1,GJA1
GJA3,GJA3
GJA4,GJA4
GJA5,GJA5
GJA8,GJA8
GJB1,GJB1
GJB2,GJB2
GJB3,GJB3
GJB5,GJB5
GK,GK
GK2,GK2
GLA,GLA
GPC3,GPC3
GLB1,GLB1
GCLC,GCLC
GCLM,GCLM
GLDC,GLDC
GLE1,GLE1
GLG1,GLG1
GLI1,GLI1
GLI2,GLI2
GLI3,GLI3
GLI4,GLI4
GLO1,GLO1
GLP1R,GLP1R
GLRA1,GLRA1
GLRA2,GLRA2
GLRB,GLRB
GLS,GLS
GLRX,GLRX
GLUD1,GLUD1
GLUL,GLUL
GM2A,GM2A
GMDS,GMDS
GMFB,GMFB
GML,GML
GMPR,GMPR
GNA11,GNA11
GNA12,GNA12
GNA15,GNA15
GNAI1,GNAI1
GNAI2,GNAI2
GNAI3,GNAI3
GNAL,GNAL
GNAO1,GNAO1
GNAQ,GNAQ
GNAS,GNAS
GNAT1,GNAT1
GNAT2,GNAT2
GNAZ,GNAZ
GNB1,GNB1
GNB2,GNB2
GNB3,GNB3
GNG3,GNG3
GNG4,GNG4
GNG5,GNG5
GNG7,GNG7
GNG10,GNG10
GNG11,GNG11
GNGT1,GNGT1
GNGT2,GNGT2
GNL1,GNL1
GNRH1,GNRH1
GNRHR,GNRHR
GNS,GNS
GOLGA1,GOLGA1
GOLGA2,GOLGA2
GOLGA3,GOLGA3
GOLGA4,GOLGA4
GOLGB1,GOLGB1
GOT1,GOT1
GOT2,GOT2
SFN,SFN
GP1BA,GP1BA
GP1BB,GP1BB
GP2,GP2
GP5,GP5
GP9,GP9
GPC1,GPC1
GPD1,GPD1
GPD2,GPD2
GPI,GPI
GPLD1,GPLD1
GPM6A,GPM6A
GPM6B,GPM6B
CMKLR2,CMKLR2
CCR10,CCR10
GPR3,GPR3
GPR4,GPR4
XCR1,XCR1
GPR6,GPR6
NPBWR1,NPBWR1
CXCR3,CXCR3
PRLHR,PRLHR
GPR12,GPR12
UTS2R,UTS2R
GPR15,GPR15
GPR17,GPR17
GPR18,GPR18
GPR19,GPR19
GPR20,GPR20
GPR21,GPR21
GPR22,GPR22
LPAR4,LPAR4
MCHR1,MCHR1
GPR25,GPR25
GPR26,GPR26
GPR27,GPR27
GPER1,GPER1
GPR31,GPR31
GPR32,GPR32
GPR34,GPR34
GPR35,GPR35
GPR37,GPR37
GPR39,GPR39
FFAR1,FFAR1
FFAR3,FFAR3
FFAR2,FFAR2
GRK4,GRK4
GRK5,GRK5
GRK6,GRK6
MKNK2,MKNK2
GPS1,GPS1
GPS2,GPS2
GPT,GPT
GPX1,GPX1
GPX2,GPX2
GPX3,GPX3
GPX4,GPX4
GPX5,GPX5
GPX7,GPX7
GRB2,GRB2
GRB7,GRB7
GRB10,GRB10
GRB14,GRB14
RAPGEF1,RAPGEF1
GRIA1,GRIA1
GRIA2,GRIA2
GRIA3,GRIA3
GRIA4,GRIA4
GRID1,GRID1
GRID2,GRID2
GRN,GRN
GRIK1,GRIK1
GRIK2,GRIK2
GRIK3,GRIK3
GRIK4,GRIK4
GRIK5,GRIK5
GRIN1,GRIN1
GRIN2A,GRIN2A
GRIN2B,GRIN2B
GRIN2C,GRIN2C
GRIN2D,GRIN2D
GRINA,GRINA
NR3C1,NR3C1
ARHGAP35,ARHGAP35
GRM1,GRM1
GRM2,GRM2
GRM3,GRM3
GRM4,GRM4
GRM5,GRM5
GRM6,GRM6
GRM7,GRM7
GRM8,GRM8
CXCL1,CXCL1
CXCL2,CXCL2
GRP,GRP
PDIA3,PDIA3
GRPR,GRPR
GRSF1,GRSF1
GSC2,GSC2
GSK3A,GSK3A
GSK3B,GSK3B
GSN,GSN
GSPT1,GSPT1
GSR,GSR
GSS,GSS
GSTA1,GSTA1
GSTA2,GSTA2
GSTA4,GSTA4
GSTM3,GSTM5
GSTM4,GSTM4
GSTP1,GSTP1
GSTT1,GSTT1
GSTZ1,GSTZ1
MSH6,MSH6
GTF2A1,GTF2A1
GTF2A2,GTF2A2
GTF2B,GTF2B
GTF2E1,GTF2E1
GTF2E2,GTF2E2
GTF2F1,GTF2F1
GTF2F2,GTF2F2
GTF2H1,GTF2H1
GTF2H2,GTF2H2
GTF2H3,GTF2H3
GTF2H4,GTF2H4
GTF2I,GTF2I
GTF3A,GTF3A
BRF1,BRF1
GTF3C1,GTF3C1
GTF3C2,GTF3C2
GUCY1A2,GUCY1A2
GUCA1A,GUCA1A
GUCA1B,GUCA1B
GUCA2A,GUCA2A
GUCA2B,GUCA2B
GUCY1A1,GUCY1A1
GUCY1B1,GUCY1B1
GUCY2C,GUCY2C
GUCY2F,GUCY2F
GUK1,GUK1
GUSB,GUSB
GYG1,GYG1
GYPA,GYPA
GYPC,GYPC
GYS1,GYS1
GYS2,GYS2
GUCY2D,GUCY2E
GZMA,GZMA
GZMB,GZMB
GZMK,GZMK
GZMM,GZMM
H1-0,H1F0
H1-2,H1F2
H1-4,H1F4
H1-5,H1F5
H1-6,H1F6
H2AX,H2AX
H2AZ1,H2AZ1
H3-3A,H3F3A
H3-3B,H3F3B
H1-1,H1F1
HABP2,HABP2
HSD17B10,HSD17B10
HAGH,HAGH
HADHA,HADHA
HADHB,HADHB
HADH,HADH
HAL,HAL
HARS1,HARS1
HAS1,HAS1
HAS2,HAS2
HAS3,HAS3
HBB,HBB-B1
HBQ1,HBQ1B
HBZ,HBZ
HCCS,HCCS
SERPIND1,SERPIND1
HCFC1,HCFC1
HCK,HCK
HCLS1,HCLS1
HCRT,HCRT
HCRTR1,HCRTR1
HCRTR2,HCRTR2
HTT,HTT
HDAC1,HDAC1
HDAC2,HDAC2
HDC,HDC
HDGF,HDGF
HDLBP,HDLBP
HELLS,HELLS
NCKAP1L,NCKAP1L
HEXA,HEXA
HEXB,HEXB
CFH,CFH
HFE,HFE
CFHR1,CFHR1
HGD,HGD
HGF,HGF
HGFAC,HGFAC
NRG1,NRG1
HHEX,HHEX
HIC1,HIC1
HIF1A,HIF1A
HIP1,HIP1
UBE2K,UBE2K
HINT1,HINT1
HIVEP1,HIVEP1
HIVEP2,HIVEP2
HK1,HK1
HK2,HK2
HK3,HK3
ZBTB48,ZBTB48
HLA-DMA,RT1-DMA
HLA-DMB,RT1-DMB
MNX1,MNX1
HLA-DOA,RT1-DOA
HLA-DOB,RT1-DOB
HLA-DPA1,RT1-HA
HLA-DRA,RT1-DA
HLF,HLF
MR1,MR1
HLCS,HLCS
HLX,HLX
HMBS,HMBS
HMGB1,HMGB1
HMGB2,HMGB2
HMGB3,HMGB3
HMGN1,HMGN1
HMGN2,HMGN2
HMGCL,HMGCL
HMGCR,HMGCR
HMGCS1,HMGCS1
HMGCS2,HMGCS2
HMGA1,HMGA1
HMMR,HMMR
HMOX1,HMOX1
HMOX2,HMOX2
NR4A1,NR4A1
HMX1,HMX1
HMX2,HMX2
FOXA1,FOXA1
FOXA2,FOXA2
FOXA3,FOXA3
HNF4A,HNF4A
HNF4G,HNF4G
ONECUT1,ONECUT1
HNMT,HNMT
SLC29A2,SLC29A2
HNRNPA1,HNRNPA1
HNRNPA2B1,HNRNPA2B1
HNRNPAB,HNRNPAB
HNRNPC,HNRNPC
HNRNPD,HNRNPD
HNRNPF,HNRNPF
HNRNPH1,HNRNPH1
HNRNPH2,HNRNPH2
HNRNPH3,HNRNPH3
HNRNPK,HNRNPK
HNRNPL,HNRNPL
HNRNPU,HNRNPU
TLX1,TLX1
TLX2,TLX2
HOXA1,HOXA1
HOXA2,HOXA2
HOXA3,HOXA3
HOXA4,HOXA4
HOXA5,HOXA5
HOXA6,HOXA6
HOXA7,HOXA7
HOXA9,HOXA9
HOXA10,HOXA10
HOXA11,HOXA11
HPCA,HPCA
HOXA13,HOXA13
HOXB1,HOXB1
HOXB2,HOXB2
HOXB3,HOXB3
HOXB4,HOXB4
HOXB5,HOXB5
HOXB6,HOXB6
HOXB7,HOXB7
HOXB8,HOXB8
HOXB9,HOXB9
HOXC4,HOXC4
HOXC5,HOXC5
HOXC6,HOXC6
HOXC8,HOXC8
HOXC9,HOXC9
HOXC10,HOXC10
HOXC11,HOXC11
HOXC12,HOXC12
HOXC13,HOXC13
HOXD1,HOXD1
HOXD3,HOXD3
HOXD4,HOXD4
HOXD8,HOXD8
HOXD9,HOXD9
HOXD10,HOXD10
HOXD11,HOXD11
HOXD12,HOXD12
HOXD13,HOXD13
HP,HP
HPCAL1,HPCAL1
HPD,HPD
HPGD,HPGD
HPN,HPN
HPRT1,HPRT1
HPS1,HPS1
HPX,HPX
HRAS,HRAS
ERAS,ERAS
AGFG1,AGFG1
AGFG2,AGFG2
HRH1,HRH1
HRC,HRC
HRG,HRG
HRH2,HRH2
PRMT2,PRMT2
PRMT1,PRMT1
HES1,HES1
HSBP1,HSBP1
HSD11B1,HSD11B1
HSD11B2,HSD11B2
HSD17B1,HSD17B1
HSD17B3,HSD17B3
HSD17B2,HSD17B2
HSD17B4,HSD17B4
HSF1,HSF1
HSF2,HSF2
HSF4,HSF4
DNAJB2,DNAJB2
DNAJA1,DNAJA1
HSPA1L,HSPA1L
HSPA2,HSPA2
HSPA4,HSPA4
HSPA5,HSPA5
HSPA8,HSPA8
HSPA9,HSPA9
HSPB1,HSPB1
HSPB2,HSPB2
HSP90AA1,HSP90AA1
IGSF3,IGSF3
HSP90AB1,HSP90AB1
HSPD1,HSPD1
HSPE1,HSPE1
DNAJB1,DNAJB1
DNAJC4,DNAJC4
HSPG2,HSPG2
NDST1,NDST1
FOXN2,FOXN2
HTR1A,HTR1A
HTR1B,HTR1B
HTR1D,HTR1D
HTR1F,HTR1F
HTR2A,HTR2A
HTR2B,HTR2B
HTR2C,HTR2C
HTR3A,HTR3A
HTR4,HTR4
HTR5A,HTR5A
HTR6,HTR6
HTR7,HTR7
HUS1,HUS1
TNC,TNC
HYAL1,HYAL1
IAPP,IAPP
IARS1,IARS1
IBSP,IBSP
ICA1,ICA1
ICAM1,ICAM1
ICAM2,ICAM2
ICAM4,ICAM4
IRF8,IRF8
MRPL58,MRPL58
ID1,ID1
ID2,ID2
ID3,ID3
ID4,ID4
IDE,IDE
IDH1,IDH1
IDH2,IDH2
IDH3A,IDH3A
IDH3B,IDH3B
IDH3G,IDH3G
IDS,IDS
IDUA,IDUA
CFI,CFI
IFI27,IFI27
IFI35,IFI35
SP110,SP110
IFIT2,IFIT2
IFIT3,IFIT3
IFNAR1,IFNAR1
IFNAR2,IFNAR2
IFNB1,IFNB1
IFNG,IFNG
IFNGR1,IFNGR1
IFNGR2,IFNGR2
IFRD1,IFRD1
IGBP1,IGBP1
IGF1,IGF1
IGF1R,IGF1R
IGF2,IGF2
IGF2R,IGF2R
IGFALS,IGFALS
IGFBP1,IGFBP1
IGFBP2,IGFBP2
IGFBP3,IGFBP3
IGFBP4,IGFBP4
IGFBP5,IGFBP5
IGFBP6,IGFBP6
IGFBP7,IGFBP7
CCN1,CCN1
IGHMBP2,IGHMBP2
JCHAIN,JCHAIN
RBPJ,RBPJ
IGLL1,IGLL1
IGSF1,IGSF1
IHH,IHH
IK,IK
IKBKB,IKBKB
IL1A,IL1A
IL1B,IL1B
IL1R1,IL1R1
IL1RAP,IL1RAP
IL1RN,IL1RN
IL2,IL2
IL2RA,IL2RA
IL2RB,IL2RB
IL2RG,IL2RG
IL3,IL3
IL3RA,IL3RA
IL4,IL4
IL4R,IL4R
IL5,IL5
IL5RA,IL5RA
IL6,IL6
IL6R,IL6R
IL6ST,IL6ST
IL7,IL7
IL7R,IL7R
CXCR1,CXCR1
IL9,IL9
CXCR2,CXCR2
IL9R,IL9R
IL10,IL10
IL10RA,IL10RA
IL10RB,IL10RB
IL11,IL11
IL11RA,IL11RA1
IL12A,IL12A
IL12B,IL12B
IL12RB1,IL12RB1
IL12RB2,IL12RB2
IL13,IL13
IL13RA1,IL13RA1
IL13RA2,IL13RA2
IL15,IL15
IL15RA,IL15RA
IL16,IL16
TNFRSF9,TNFRSF9
IL17A,IL17A
IL18,IL18
FOXK2,FOXK2
ILF2,ILF2
ILF3,ILF3
ILK,ILK
IMPA1,IMPA1
IMPA2,IMPA2
IMPDH1,IMPDH1
IMPDH2,IMPDH2
IMPG1,IMPG1
INCENP,INCENP
IDO1,IDO1
ING1,ING1
ING2,ING2
INHA,INHA
INHBA,INHBA
INHBB,INHBB
INHBC,INHBC
CXCL10,CXCL10
INPP1,INPP1
INS,INS2
INPP4A,INPP4A
INPP5A,INPP5A
INPP5B,INPP5B
INPP5D,INPP5D
INPPL1,INPPL1
INSIG1,INSIG1
INSL3,INSL3
INSM1,INSM1
INSR,INSR
INSRR,INSRR
EIF3E,EIF3E
PDX1,PDX1
IPP,IPP
IRAK1,IRAK1
ITGA6,ITGA6
IRAK2,IRAK2
IREB2,IREB2
IRF1,IRF1
IRF2,IRF2
IRF3,IRF3
IRF4,IRF4
IRF5,IRF5
IRF6,IRF6
IRF7,IRF7
IRS1,IRS1
ISG20,ISG20
ISL1,ISL1
ISLR,ISLR
ITGA1,ITGA1
ITGA2,ITGA2
ITGA2B,ITGA2B
ITGA3,ITGA3
ITGA4,ITGA4
ITGA5,ITGA5
ITGA7,ITGA7
ITGA9,ITGA9
ITGAD,ITGAD
ITGAE,ITGAE
ITGAL,ITGAL
ITGAM,ITGAM
ITGAV,ITGAV
ITGAX,ITGAX
ITGB1,ITGB1
ITGB2,ITGB2
ITGB3,ITGB3
ITGB4,ITGB4
EIF6,EIF6
ITGB5,ITGB5
ITGB6,ITGB6
ITGB7,ITGB7
ITGB8,ITGB8
ITIH1,ITIH1
ITIH2,ITIH2
ITIH3,ITIH3
ITIH4,ITIH4
ITK,ITK
STT3A,STT3A
ITPA,ITPA
ITPK1,ITPK1
ITPKA,ITPKA
ITPKB,ITPKB
ITPR1,ITPR1
ITPR2,ITPR2
ITPR3,ITPR3
IVD,IVD
IVL,IVL
JAG2,JAG2
JAK1,JAK1
JAK2,JAK2
JAK3,JAK3
JARID2,JARID2
JUN,JUN
JUNB,JUNB
JUND,JUND
JUP,JUP
CD82,CD82
KARS1,KARS1
KCNA1,KCNA1
KCNA2,KCNA2
KCNA3,KCNA3
KCNA4,KCNA4
KCNA5,KCNA5
KCNA6,KCNA6
KCNA7,KCNA7
KCNA10,KCNA10
KCNB1,KCNB1
KCNC1,KCNC1
KCNC2,KCNC2
KCNC3,KCNC3
KCNC4,KCNC4
KCND1,KCND1
KCND2,KCND2
KCND3,KCND3
KCNE1,KCNE1
KCNF1,KCNF1
KCNG1,KCNG1
KCNH1,KCNH1
KCNH2,KCNH2
KCNJ1,KCNJ1
KCNJ2,KCNJ2
KCNJ3,KCNJ3
KCNJ4,KCNJ4
KCNJ5,KCNJ5
KCNJ6,KCNJ6
KCNJ8,KCNJ8
KCNJ9,KCNJ9
KCNJ10,KCNJ10
KCNJ11,KCNJ11
KCNJ12,KCNJ12
KCNJ13,KCNJ13
KCNJ14,KCNJ14
KCNJ15,KCNJ15
KCNJ16,KCNJ16
KCNK1,KCNK1
KCNK2,KCNK2
KCNK3,KCNK3
KCNMA1,KCNMA1
KCNMB1,KCNMB1
KCNN1,KCNN1
KCNN2,KCNN2
KCNN3,KCNN3
KCNN4,KCNN4
KCNQ1,KCNQ1
KCNQ2,KCNQ2
KCNQ3,KCNQ3
KCNS1,KCNS1
KCNS2,KCNS2
KCNS3,KCNS3
KDR,KDR
KEL,KEL
KHK,KHK
KIF2A,KIF2A
KIF3C,KIF3C
KIF5A,KIF5A
KIF5B,KIF5B
KIF5C,KIF5C
KIFC3,KIFC3
KISS1,KISS1
KIT,KIT
KLK1,KLK1
KLKB1,KLKB1
KLRB1,KLRB1
KLRC1,KLRC1
KLRC2,KLRI1
KLRC3,KLRC3
KLRD1,KLRD1
KNG1,KNG1
KLC1,KLC1
KIF11,KIF11
KIFC1,KIFC1
KIF22,KIF22
KPNA1,KPNA1
KPNB1,KPNB1
KPNA2,KPNA2
KPNA3,KPNA3
KPNA4,KPNA4
KPNA5,KPNA5
TNPO1,TNPO1
IPO5,IPO5
KRAS,KRAS
KRT1,KRT1
KRT2,KRT2
KRT4,KRT4
KRT5,KRT5
KRT7,KRT7
KRT8,KRT8
KRT9,KRT9
KRT10,KRT10
KRT12,KRT12
KRT13,KRT13
KRT15,KRT15
KRT16,KRT16
KRT17,KRT17
KRT18,KRT18
KRT19,KRT19
KRT34,KRT34
KRT35,KRT35
KRT81,KRT81
KRT82,KRT82
KRT84,KRT84
KRT85,KRT85
KRT86,KRT86
KTN1,KTN1
L1CAM,L1CAM
LAD1,LAD1
AFF3,AFF3
LAG3,LAG3
LAIR1,LAIR1
LALBA,LALBA
LAMA2,LAMA2
LAMA3,LAMA3
LAMA4,LAMA4
LAMA5,LAMA5
LAMB1,LAMB1
LAMB2,LAMB2
LAMB3,LAMB3
LAMC1,LAMC1
LAMP1,LAMP1
LAMC2,LAMC2
LAMP2,LAMP2
RPSA,RPSA
STMN1,STMN1
LASP1,LASP1
LBP,LBP
LBR,LBR
LCAT,LCAT
LCK,LCK
LCN2,LCN2
LCP1,LCP1
LCP2,LCP2
LCT,LCT
LDHA,LDHA
LDHB,LDHB
LDHC,LDHC
LDLR,LDLR
LECT2,LECT2
LEP,LEP
LEPR,LEPR
LETM1,LETM1
LFNG,LFNG
LGALS1,LGALS1
LGALS2,LGALS2
LGALS3,LGALS3
LGALS3BP,LGALS3BP
LGALS4,LGALS4
LGALS7,LGALS7
LGALS8,LGALS8
LGALS9,LGALS9
LHB,LHB
LHCGR,LHCGR
LHX1,LHX1
LIF,LIF
LIFR,LIFR
LIG1,LIG1
LIG3,LIG3
LIG4,LIG4
LIM2,LIM2
ABLIM1,ABLIM1
LIMK1,LIMK1
LIMK2,LIMK2
LIMS1,LIMS1
LIPA,LIPA
LIPC,LIPC
LIPE,LIPE
FADS1,FADS1
LLGL2,LLGL2
FADS3,FADS3
LLGL1,LLGL1
LMAN1,LMAN1
LMNA,LMNA
LMNB1,LMNB1
LMO1,LMO1
LMO2,LMO2
PRICKLE3,PRICKLE3
LMO7,LMO7
LMX1A,LMX1A
LMX1B,LMX1B
LNPEP,LNPEP
VWA5A,VWA5A
LORICRIN,LORICRIN
LOX,LOX
LOXL1,LOXL1
LOXL2,LOXL2
LPL,LPL
LPO,LPO
LPP,LPP
IRAG2,IRAG2
LRCH4,LRCH4
LRP1,LRP1
LRP2,LRP2
LRP3,LRP3
LRP4,LRP4
LRP6,LRP6
LRP5,LRP5
LRPAP1,LRPAP1
LSAMP,LSAMP
LSP1,LSP1
LSS,LSS
LTA4H,LTA4H
LTA,LTA
LTB,LTB
LTBP1,LTBP1
LTBP2,LTBP2
LTBP3,LTBP3
LTBR,LTBR
LTC4S,LTC4S
LTF,LTF
LTK,LTK
BCAM,BCAM
LUM,LUM
LY6E,LY6E
LY6H,LY6H
LY9,LY9
CD180,CD180
LY75,LY75
LYL1,LYL1
LYN,LYN
SH2D1A,SH2D1A
TACSTD2,TACSTD2
TM4SF1,TM4SF1
EPCAM,EPCAM
M6PR,M6PR
CAPRIN1,CAPRIN1
NBR1,NBR1
MAB21L1,MAB21L1
MARCKS,MARCKS
MXD1,MXD1
MAD2L1,MAD2L1
SMAD1,SMAD1
SMAD2,SMAD2
SMAD3,SMAD3
SMAD4,SMAD4
SMAD5,SMAD5
SMAD6,SMAD6
SMAD7,SMAD7
SMAD9,SMAD9
MAF,MAF
MAFG,MAFG
MAG,MAG
MAGEA10,MAGEA10
MAGOH,MAGOH
MAK,MAK
MAL,MAL
MAN1A1,MAN1A1
MAN2A2,MAN2A2
MAN2C1,MAN2C1
MAN2A1,MAN2A1
MAN2B1,MAN2B1
MANBA,MANBA
MAOA,MAOA
MAOB,MAOB
MAP1A,MAP1A
MAP1B,MAP1B
MAP2,MAP2
MAP4,MAP4
MAP6,MAP6
MAPT,MAPT
MARK1,MARK1
MARK3,MARK3
MARS1,MARS1
MAS1,MAS1
MAT1A,MAT1A
MAT2A,MAT2A
MATK,MATK
MATN1,MATN1
MATN2,MATN2
MATN3,MATN3
MAX,MAX
MAZ,MAZ
MB,MB
MBL2,MBL2
MBNL1,MBNL1
MBP,MBP
MC1R,MC1R
MC2R,MC2R
MC3R,MC3R
MC4R,MC4R
MC5R,MC5R
MCAM,MCAM
MCC,MCC
MCF2,MCF2
MCL1,MCL1
MCM2,MCM2
MCM3,MCM3
MCM4,MCM4
MCM5,MCM5
MCM6,MCM6
MCM7,MCM7
CD46,CD46
SMCP,SMCP
ADAM11,ADAM11
MDFI,MDFI
DNAJB9,DNAJB9
MDH1,MDH1
MDH2,MDH2
MDK,MDK
MDM2,MDM2
MDM4,MDM4
ME1,ME1
ME2,ME2
MEA1,MEA1
MECP2,MECP2
MEF2A,MEF2A
MEF2C,MEF2C
MEF2D,MEF2D
MEFV,MEFV
MEIS1,MEIS1
MEIS2,MEIS2
MAP3K1,MAP3K1
MAP3K3,MAP3K3
MAP3K4,MAP3K4
MAP3K5,MAP3K5
RAB8A,RAB8A
MEN1,MEN1
MEOX1,MEOX1
MEOX2,MEOX2
MEP1A,MEP1A
MEP1B,MEP1B
MEST,MEST
MET,MET
METTL1,METTL1
MFAP1,MFAP1A
MFAP2,MFAP2
MFAP3,MFAP3
MFAP4,MFAP4
MFGE8,MFGE8
MELTF,MELTF
MFNG,MFNG
MGAT1,MGAT1
SCGB2A1,SCGB2A1
MGAT2,MGAT2
MGAT3,MGAT3
MGAT5,MGAT5
MIA2,MIA2
KITLG,KITLG
MGMT,MGMT
MGP,MGP
MGST1,MGST1
MGST2,MGST2
MGST3,MGST3
CIITA,CIITA
CD99,CD99
MICB,MILL2
MID1,MID1
MIF,MIF
CXCL9,CXCL9
MIP,MIP
MIPEP,MIPEP
MITF,MITF
ATXN3,ATXN3
MKI67,MKI67
MKLN1,MKLN1
MLF1,MLF1
MLH1,MLH1
MAP3K9,MAP3K9
MAP3K10,MAP3K10
MLN,MLN
MAP3K11,MAP3K11
KMT2A,KMT2A
MLLT1,MLLT1
AFF1,AFF1
MLLT3,MLLT3
MLLT6,MLLT6
FOXO4,FOXO4
NR3C2,NR3C2
TRPM1,TRPM1
MME,MME
MMP1,MMP1
MMP2,MMP2
MMP3,MMP3
MMP7,MMP7
MMP8,MMP8
MMP9,MMP9
MMP10,MMP10
MMP11,MMP11
MMP12,MMP12
MMP13,MMP13
MMP14,MMP14
MMP15,MMP15
MMP16,MMP16
MMP17,MMP17
MMP19,MMP19
ALDH6A1,ALDH6A1
MN1,MN1
MNAT1,MNAT1
MNDA,MNDA
MNT,MNT
MOBP,MOBP
MOCS1,MOCS1
MOCS2,MOCS2
MOG,MOG
MOS,MOS
MOV10,MOV10
CD200,CD200
MPG,MPG
MPI,MPI
MPL,MPL
MPO,MPO
MPP2,MPP2
MPP3,MPP3
MPST,MPST
MPV17,MPV17
MPZ,MPZ
MRC1,MRC1
MRE11,MRE11
ABCC1,ABCC1
MYO1B,MYO1B
CITED1,CITED1
MSH2,MSH2
MSH3,MSH3
MSH4,MSH4
MSH5,MSH5
MSI1,MSI1
MSMB,MSMB
MSN,MSN
MSR1,MSR1
MSRA,MSRA
MST1,MST1
MST1R,MST1R
MSX1,MSX1
MSX2,MSX2
MT2A,MT2
MT3,MT3
MTAP,MTAP
MTF1,MTF1
NUDT1,NUDT1
MTHFD1,MTHFD1
MTHFR,MTHFR
MTIF2,MTIF2
MTM1,MTM1
MYO1F,MYO1F
MTNR1A,MTNR1A
MTNR1B,MTNR1B
MTTP,MTTP
MTR,MTR
MTRR,MTRR
MTX1,MTX1
MUC1,MUC1
MUC2,MUC2
MUC4,MUC4
MUC5AC,MUC5AC
MUC6,MUC6
TRIM37,TRIM37
MUSK,MUSK
MMUT,MMUT
MUTYH,MUTYH
MVD,MVD
MVK,MVK
MXI1,MXI1
MYB,MYB
MYBL1,MYBL1
MYBPC1,MYBPC1
MYBL2,MYBL2
MYBPC2,MYBPC2
MYBPC3,MYBPC3
MYBPH,MYBPH
MYC,MYC
MYCL,MYCL
MYCN,MYCN
MYD88,MYD88
GADD45B,GADD45B
MYF5,MYF5
MYF6,MYF6
MYH1,MYH1
MYH2,MYH2
MYH3,MYH3
MYH4,MYH4
MYH6,MYH6
MYH8,MYH8
MYH9,MYH9
MYH10,MYH10
MYL1,MYL1
MYL2,MYL2
MYL3,MYL3
MYL4,MYL4
MYL6,MYL6
MYLK,MYLK
MYO1A,MYO1A
MYO1C,MYO1C
MYO1D,MYO1D
MYO1E,MYO1E
MYO5A,MYO5A
MYO5B,MYO5B
MYO6,MYO6
MYO7A,MYO7A
MYO7B,MYO7B
MYO9A,MYO9A
MYO9B,MYO9B
MYO10,MYO10
MYOC,MYOC
MYOD1,MYOD1
MYOG,MYOG
PPP1R12A,PPP1R12A
PPP1R12B,PPP1R12B
MYT1,MYT1
NAB1,NAB1
NAB2,NAB2
NACA,NACA
NAGA,NAGA
NAGLU,NAGLU
HNRNPM,HNRNPM
NAP1L1,NAP1L1
NAP1L2,NAP1L2
NAP1L3,NAP1L3
NAP1L4,NAP1L4
NARS1,NARS1
NASP,NASP
NBL1,NBL1
NUBP1,NUBP1
NBN,NBN
NCAM1,NCAM1
NCAM2,NCAM2
NCBP1,NCBP1
NCF2,NCF2
NCF4,NCF4
NCK1,NCK1
NUCLEOLIN,NUCLEOLIN
NDN,NDN
NDP,NDP
NDUFA1,NDUFA1
NDUFA2,NDUFA2
NDUFA3,NDUFA3
COXFA4,COXFA4
NDUFA5,NDUFA5
NDUFA6,NDUFA6
NDUFA7,NDUFA7
NDUFA8,NDUFA8
NEB,NEB
NDUFA9,NDUFA9
NDUFA10,NDUFA10
NDUFAB1,NDUFAB1
NDUFB1,NDUFB1
NDUFB2,NDUFB2
NDUFB3,NDUFB3
NDUFB4,NDUFB4
NDUFB5,NDUFB5
NDUFB6,NDUFB6
NDUFB7,NDUFB7
NDUFB8,NDUFB8
NDUFB9,NDUFB9
NDUFB10,NDUFB10
NDUFC1,NDUFC1
NDUFC2,NDUFC2
NDUFS1,NDUFS1
NDUFS2,NDUFS2
NDUFS3,NDUFS3
NDUFV1,NDUFV1
NDUFS4,NDUFS4
NDUFS5,NDUFS5
NDUFS6,NDUFS6
NDUFS8,NDUFS8
NDUFV2,NDUFV2
NDUFV3,NDUFV3
DRG1,DRG1
NEDD4,NEDD4
SEPTIN2,SEPTIN2
RPL10A,RPL10A
NEDD8,NEDD8
NEDD9,NEDD9
NEFM,NEFM
NEFH,NEFH
NELL1,NELL1
NEFL,NEFL
NEK1,NEK1
NEK2,NEK2
NEK3,NEK3
NELL2,NELL2
NEO1,NEO1
NEU1,NEU1
NEU2,NEU2
NEUROD1,NEUROD1
NEUROD2,NEUROD2
NEUROG1,NEUROG1
NF1,NF1
NF2,NF2
NFATC1,NFATC1
NFATC2,NFATC2
NFIA,NFIA
NFATC3,NFATC3
NFATC4,NFATC4
NFE2,NFE2
NFE2L1,NFE2L1
NFE2L2,NFE2L2
NFIB,NFIB
NFIC,NFIC
NFIL3,NFIL3
NFIX,NFIX
NFKB1,NFKB1
NFKB2,NFKB2
NFKBIA,NFKBIA
NFKBIB,NFKBIB
NFKBIE,NFKBIE
NFKBIL1,NFKBIL1
TONSL,TONSL
NFRKB,NFRKB
NFX1,NFX1
NFYA,NFYA
NFYB,NFYB
NFYC,NFYC
NGF,NGF
NGFR,NGFR
NHLH1,NHLH1
NHLH2,NHLH2
SNU13,SNU13
NHS,NHS
NID1,NID1
NINJ1,NINJ1
NINJ2,NINJ2
NIT1,NIT1
NKG7,NKG7
NKTR,NKTR
NKX2-2,NKX2-2
NKX3-1,NKX3-1
NKX6-1,NKX6-1
NNAT,NNAT
NMB,NMB
NMBR,NMBR
NME1,NME1
NME2,NME2
NME3,NME3
NME4,NME4
NQO2,NQO2
NMT1,NMT1
NNMT,NNMT
NODAL,NODAL
NOP2,NOP2
NONO,NONO
NOS1,NOS1
NOS2,NOS2
NOS3,NOS3
CNOT2,CNOT2
CNOT3,CNOT3
CNOT4,CNOT4
NOTCH1,NOTCH1
NPY,NPY
NOTCH2,NOTCH2
NOTCH3,NOTCH3
NOTCH4,NOTCH4
CCN3,CCN3
NOVA1,NOVA1
NOVA2,NOVA2
PNP,PNP
NPAS1,NPAS1
NPAS2,NPAS2
NPAT,NPAT
NPC1,NPC1
NPHP1,NPHP1
NPHS1,NPHS1
NPM1,NPM1
NPPA,NPPA
NPPB,NPPB
NPPC,NPPC
NPR1,NPR1
NPR2,NPR2
NPR3,NPR3
NPTX1,NPTX1
NPTX2,NPTX2
NPY1R,NPY1R
NPY2R,NPY2R
NPY5R,NPY5R
SLC11A2,SLC11A2
NRAP,NRAP
NRAS,NRAS
NRCAM,NRCAM
NRDC,NRDC
NRF1,NRF1
NRGN,NRGN
NRL,NRL
NRTN,NRTN
YBX1,YBX1
NSF,NSF
NT5E,NT5E
NTF3,NTF3
NTF4,NTF4
NTHL1,NTHL1
NTRK1,NTRK1
NTRK2,NTRK2
NTRK3,NTRK3
NTN3,NTN3
ROR1,ROR1
ROR2,ROR2
DDR2,DDR2
NTS,NTS
NTSR1,NTSR1
NUCB1,NUCB1
NUCB2,NUCB2
NUMA1,NUMA1
NUP88,NUP88
NUP98,NUP98
NR4A2,NR4A2
NVL,NVL
GPR143,GPR143
OAS2,OAS2
OAS3,OAS3
OAT,OAT
TBC1D25,TBC1D25
OAZ1,OAZ1
OAZ2,OAZ2
OCA2,OCA2
OCRL,OCRL
ODC1,ODC1
ODF1,ODF1
ODF2,ODF2
OMD,OMD
OGDH,OGDH
OGG1,OGG1
OGN,OGN
OLR1,OLR1
OMG,OMG
OMP,OMP
OPA1,OPA1
OPCML,OPCML
TNFRSF11B,TNFRSF11B
OPHN1,OPHN1
OPRD1,OPRD1
OPRK1,OPRK1
OPRL1,OPRL1
OPRM1,OPRM1
SIX6,SIX6
OR1D2,OR1D2
OR2C1,OR2C1
ORC1,ORC1
ORC2,ORC2
ORC4,ORC4
ORC5,ORC5
SLC67A1,SLC22A18
ORM1,ORM1
OSBP,OSBP
OSM,OSM
OTC,OTC
CLDN11,CLDN11
OTX1,OTX1
OTX2,OTX2
OVOL1,OVOL1
OXA1L,OXA1L
OXCT1,OXCT1
OXT,OXT
OXTR,OXTR
P2RX1,P2RX1
P2RX3,P2RX3
P2RX4,P2RX4
P2RX5,P2RX5
P2RX7,P2RX7
P2RY1,P2RY1
P2RY2,P2RY2
P2RY4,P2RY4
P2RY6,P2RY6
P2RY11,P2RY11
P4HA1,P4HA1
P4HB,P4HB
PA2G4,PA2G4
PEBP1,PEBP1
FURIN,FURIN
PCSK6,PCSK6
PAFAH1B1,PAFAH1B1
PAFAH1B2,PAFAH1B2
PAFAH1B3,PAFAH1B3
PAFAH2,PAFAH2
PRDX1,PRDX1
PAH,PAH
SERPINE1,SERPINE1
SERPINB2,SERPINB2
PAK1,PAK1
PAK2,PAK2
PAK3,PAK3
PALM,PALM
PAM,PAM
CNTN3,CNTN3
PAPPA,PAPPA
PRKN,PRKN
PARN,PARN
PAWR,PAWR
PAX1,PAX1
PAX2,PAX2
PAX3,PAX3
PAX4,PAX4
PAX5,PAX5
PAX6,PAX6
PAX7,PAX7
PDCL,PDCL
PAX9,PAX9
PBX1,PBX1
PBX2,PBX2
PBX3,PBX3
PC,PC
PCBD1,PCBD1
PCBP1,PCBP1
PCBP2,PCBP2
PCCA,PCCA
PCCB,PCCB
PCDH1,PCDH1
PCDHGC3,PCDHGC3
PCDH7,PCDH7
PCDH8,PCDH8
PCDH9,PCDH9
PCK1,PCK1
PCK2,PCK2
PCM1,PCM1
PCMT1,PCMT1
PCNA,PCNA
PCNT,PCNT
PCOLCE,PCOLCE
CHMP1A,CHMP1A
PCP4,PCP4
PCSK1,PCSK1
PCSK5,PCSK5
PCSK2,PCSK2
CDK16,CDK16
CDK17,CDK17
CDK18,CDK18
PCYT1A,PCYT1A
PDC,PDC
PDCD1,PDCD1
PDCD2,PDCD2
PDE1A,PDE1A
PDE1C,PDE1C
PDE2A,PDE2A
PDE3A,PDE3A
PDE3B,PDE3B
PDE4A,PDE4A
PDE4B,PDE4B
PDE4C,PDE4C
PDE4D,PDE4D
PDE6A,PDE6A
PDE6C,PDE6C
PDE6D,PDE6D
PDE6G,PDE6G
PDE6H,PDE6H
PDE7A,PDE7A
PDE8A,PDE8A
PDE9A,PDE9A
PDE1B,PDE1B
PDGFA,PDGFA
PDGFB,PDGFB
PDGFRA,PDGFRA
PDGFRL,PDGFRL
PDE6B,PDE6B
PDGFRB,PDGFRB
PDHA1,PDHA1
PDHA2,PDHA2
PDHB,PDHB
PDK1,PDK1
PDK2,PDK2
PDK3,PDK3
PDK4,PDK4
ENPP1,ENPP1
ENPP2,ENPP2
ENPP3,ENPP3
PDPK1,PDPK1
SLC26A4,SLC26A4
PDYN,PDYN
PDZK1,PDZK1
PECAM1,PECAM1
SERPINF1,SERPINF1
PEG3,PEG3
PENK,PENK
PEPD,PEPD
PER1,PER1
GATB,GATB
PEX1,PEX1
PEX6,PEX6
PEX7,PEX7
PEX10,PEX10
PEX12,PEX12
PEX13,PEX13
PEX14,PEX14
PF4,PF4
PFAS,PFAS
CFP,CFP
PFDN1,PFDN1
PFDN2,PFDN2
PFDN4,PFDN4
PFDN5,PFDN5
ATP8B1,ATP8B1
PFKFB1,PFKFB1
PFKFB2,PFKFB2
PFKFB3,PFKFB3
PFKFB4,PFKFB4
PFKL,PFKL
VIT,VIT
PFKM,PFKM
PFKP,PFKP
PFN1,PFN1
PFN2,PFN2
CDK14,CDK14
PGAM1,PGAM1
PGAM2,PGAM2
PGC,PGC
PGD,PGD
PGF,PGF
PGGT1B,PGGT1B
PGK1,PGK1
PGK2,PGK2
PGM1,PGM1
PGM3,PGM3
PGM5,PGM5
PGR,PGR
ABCB4,ABCB4
PHB1,PHB1
SLC25A3,SLC25A3
PHEX,PHEX
PHF1,PHF1
PHF2,PHF2
PHKA1,PHKA1
PHKA2,PHKA2
PHKB,PHKB
PHKG1,PHKG1
PHKG2,PHKG2
PHYH,PHYH
SERPINA1,SERPINA1
SERPINA4,SERPINA4
SERPINB5,SERPINB5
SERPINE2,SERPINE2
SERPINB8,SERPINB8
SERPINB10,SERPINB10
SERPINI1,SERPINI1
SERPINB13,SERPINB13
SERPINI2,SERPINI2
PIGA,PIGA
PIGC,PIGC
PIGF,PIGF
PIGH,PIGH
PIGR,PIGR
PIK3C2A,PIK3C2A
PIK3C2B,PIK3C2B
PIK3C2G,PIK3C2G
PIK3C3,PIK3C3
PIK3CA,PIK3CA
PIK3CB,PIK3CB
PIM1,PIM1
PIK3CD,PIK3CD
PIK3CG,PIK3CG
PIK3R1,PIK3R1
PIK3R2,PIK3R2
PI4KA,PI4KA
PI4KB,PI4KB
PIN1,PIN1
PIN4,PIN4
PIP,PIP
PIP4K2A,PIP4K2A
PITPNA,PITPNA
PITX1,PITX1
PITX2,PITX2
PITX3,PITX3
PKD1,PKD1
PKD2,PKD2
PKLR,PKLR
PKHD1,PKHD1
PKM,PKM
PKNOX1,PKNOX1
PKP1,PKP1
PKP2,PKP2
PLA2G1B,PLA2G1B
PLA2G2A,PLA2G2A
PLA2G4A,PLA2G4A
PLA2G5,PLA2G5
PLAG1,PLAG1
PLAGL1,PLAGL1
PLAGL2,PLAGL2
PLAT,PLAT
PLAU,PLAU
PLAUR,PLAUR
PLCB2,PLCB2
PLCB3,PLCB3
PLCB4,PLCB4
PLCD1,PLCD1
PLCL1,PLCL1
PLCG1,PLCG1
PLCG2,PLCG2
PLD1,PLD1
PLD2,PLD2
PLEC,PLEC
PLG,PLG
PLEK,PLEK
SERPINF2,SERPINF2
PLIN1,PLIN1
PLK1,PLK1
FXYD1,FXYD1
FXYD3,FXYD3
PLN,PLN
PLOD1,PLOD1
PLOD2,PLOD2
PLP1,PLP1
PLP2,PLP2
PLRG1,PLRG1
PLS1,PLS1
PLS3,PLS3
PLSCR1,PLSCR1
PLTP,PLTP
PLXNA1,PLXNA1
PLXNA2,PLXNA2
PLXNB1,PLXNB1
PLXNB3,PLXNB3
PMAIP1,PMAIP1
PMCH,PMCH
PNOC,PNOC
PML,PML
PMM1,PMM1
PMM2,PMM2
PMP2,PMP2
PMP22,PMP22
PMS1,PMS1
EXOSC9,EXOSC9
EXOSC10,EXOSC10
PMS2,PMS2
PRRX1,PRRX1
PNLIP,PNLIP
PNLIPRP2,PNLIPRP2
PNMT,PNMT
PNN,PNN
UBL3,UBL3
SEPTIN5,SEPTIN5
SEPTIN4,SEPTIN4
PODXL,PODXL
POLA1,POLA1
POLB,POLB
POLD1,POLD1
POLD2,POLD2
POLE,POLE
POLE2,POLE2
POLG,POLG
POLH,POLH
POLR2A,POLR2A
POLR2B,POLR2B
POLR2C,POLR2C
POLR2D,POLR2D
POLR2E,POLR2E
POLR2F,POLR2F
POLR2G,POLR2G
POLR2H,POLR2H
POLR2I,POLR2I
POLR2J,POLR2J
POLR2K,POLR2K
POLR2L,POLR2L
POLRMT,POLRMT
POMC,POMC
PON1,PON1
PON2,PON2
PON3,PON3
POR,POR
POU1F1,POU1F1
POU2AF1,POU2AF1
POU2F1,POU2F1
POU2F2,POU2F2
POU3F1,POU3F1
POU3F2,POU3F2
POU3F3,POU3F3
POU3F4,POU3F4
POU4F1,POU4F1
POU4F2,POU4F2
POU4F3,POU4F3
POU5F1,POU5F1
POU6F1,POU6F1
PPA1,PPA1
PPARA,PPARA
PPARD,PPARD
PPARG,PPARG
MED1,MED1
PPEF2,PPEF2
PPAT,PPAT
PPBP,PPBP
PPEF1,PPEF1
CTSA,CTSA
PPIA,PPIA
PPIB,PPIB
PPIC,PPIC
PPID,PPID
PPL,PPL
PPM1A,PPM1A
PPM1B,PPM1B
PPM1G,PPM1G
PPOX,PPOX
PPP1CA,PPP1CA
PPP1CB,PPP1CB
PPP1CC,PPP1CC
PPP1R1A,PPP1R1A
PPP1R2,PPP1R2
PPP1R3A,PPP1R3A
PPP1R3C,PPP1R3C
PPP1R3D,PPP1R3D
PPP1R7,PPP1R7
PPP1R8,PPP1R8
PPP1R10,PPP1R10
PPP2CA,PPP2CA
PPP2CB,PPP2CB
PPP2R1A,PPP2R1A
PPP2R1B,PPP2R1B
PPP2R2A,PPP2R2A
PPP2R2B,PPP2R2B
PPP2R2C,PPP2R2C
PPP2R3A,PPP2R3A
PTPA,PTPA
PPP2R5A,PPP2R5A
PPP2R5B,PPP2R5B
PPP2R5C,PPP2R5C
PPP2R5D,PPP2R5D
PPP2R5E,PPP2R5E
PPP3CA,PPP3CA
PPP4C,PPP4C
PPP3CB,PPP3CB
PPP3CC,PPP3CC
PPP3R1,PPP3R1
PPP3R2,PPP3R2
PPP5C,PPP5C
PPP6C,PPP6C
PPT1,PPT1
PPY,PPY
NPY4R,NPY4R
PRCC,PRCC
PRCP,PRCP
PRELP,PRELP
PREP,PREP
PRF1,PRF1
SRGN,SRGN
PRG2,PRG2
PRIM1,PRIM1
PRIM2,PRIM2
PRKAA1,PRKAA1
PRKAA2,PRKAA2
PRKAB1,PRKAB1
PRKAB2,PRKAB2
PRKACA,PRKACA
PRKACB,PRKACB
PKIA,PKIA
PKIB,PKIB
PRKAG1,PRKAG1
PRKAR1A,PRKAR1A
PRKAR1B,PRKAR1B
PRKAR2A,PRKAR2A
PRKAR2B,PRKAR2B
PRKCA,PRKCA
PRKCB,PRKCB
PRKCD,PRKCD
PRKCE,PRKCE
PRKCG,PRKCG
PRKCH,PRKCH
PRKCI,PRKCI
PKN1,PKN1
PKN2,PKN2
PRKD1,PRKD1
PRKCQ,PRKCQ
PRKCSH,PRKCSH
PRKCZ,PRKCZ
PRKDC,PRKDC
PRKG1,PRKG1
PRKG2,PRKG2
MAPK1,MAPK1
MAPK3,MAPK3
MAPK4,MAPK4
MAPK6,MAPK6
MAPK7,MAPK7
MAPK8,MAPK8
MAPK11,MAPK11
MAPK9,MAPK9
MAPK10,MAPK10
MAPK13,MAPK13
MAP2K1,MAP2K1
MAP2K2,MAP2K2
MAP2K3,MAP2K3
MAP2K5,MAP2K5
MAP2K6,MAP2K6
MAP2K7,MAP2K7
EIF2AK2,EIF2AK2
DNAJC3,DNAJC3
THAP12,THAP12
PRKX,PRKX
PRL,PRL
PRLR,PRLR
PRM1,PRM1
PRM2,PRM2
PRNP,PRNP
PSPN,PSPN
PROC,PROC
PRODH,PRODH1
PROP1,PROP1
PROS1,PROS1
PROX1,PROX1
PRPH,PRPH
PRPS1,PRPS1
PRPS2,PRPS2
PRPSAP1,PRPSAP1
PRPSAP2,PRPSAP2
PRRG1,PRRG1
PRRG2,PRRG2
LGMN,LGMN
PRSS2,PRSS2
MASP1,MASP1
RELN,RELN
KLK7,KLK7
TMPRSS15,TMPRSS15
PRSS8,PRSS8
HTRA1,HTRA1
KLK10,KLK10
PSAP,PSAP
PSD,PSD
PSEN1,PSEN1
PSEN2,PSEN2
PSKH1,PSKH1
PSMA1,PSMA1
PSMA2,PSMA2
PSMA3,PSMA3
PSMA4,PSMA4
PSMA5,PSMA5
PSMA6,PSMA6
PSMA7,PSMA7
PSMB1,PSMB1
PSMB2,PSMB2
PSMB3,PSMB3
PSMB4,PSMB4
PSMB5,PSMB5
PSMB6,PSMB6
PSMB7,PSMB7
PSMB8,PSMB8
PYY,PYY
PSMB9,PSMB9
PSMB10,PSMB10
PSMC1,PSMC1
PSMC2,PSMC2
PSMC3,PSMC3
PSMC4,PSMC4
PSMC5,PSMC5
PSMC6,PSMC6
PSMD1,PSMD1
PSMD2,PSMD2
PSMD3,PSMD3
PSMD4,PSMD4
PSMD5,PSMD5
PSMD7,PSMD7
PSMD8,PSMD8
PSMD9,PSMD9
PSMD10,PSMD10
PSMD11,PSMD11
PSMD12,PSMD12
PSMD13,PSMD13
PSME1,PSME1
PSME2,PSME2
PSPH,PSPH
PTAFR,PTAFR
PTBP1,PTBP1
TAS2R38,TAS2R138
PTCH1,PTCH1
PTEN,PTEN
PTGDR,PTGDR
PTGDS,PTGDS
PTGER1,PTGER1
PTGER2,PTGER2
PTGER3,PTGER3
PTGER4,PTGER4
PTGFR,PTGFR
PTGFRN,PTGFRN
PTGIR,PTGIR
PTGIS,PTGIS
PTH,PTH
PTGS1,PTGS1
PTGS2,PTGS2
PTHLH,PTHLH
PTH1R,PTH1R
PTH2R,PTH2R
PTK2,PTK2
PTK6,PTK6
PTK7,PTK7
TWF1,TWF1
PTMA,PTMA
PTMS,PTMS
PTN,PTN
QSOX1,QSOX1
PTPN1,PTPN1
PTPN2,PTPN2
PTPN3,PTPN3
PTPN4,PTPN4
PTPN6,PTPN6
PTPN7,PTPN7
PTPN9,PTPN9
PTPN11,PTPN11
PTPN12,PTPN12
PTPN13,PTPN13
PTPN14,PTPN14
PTPRA,PTPRA
PTPRB,PTPRB
PTPRC,PTPRC
PTPRD,PTPRD
PTPRCAP,PTPRCAP
PTPRE,PTPRE
PTPRF,PTPRF
PTPRG,PTPRG
PTPRH,PTPRH
PTPRJ,PTPRJ
PTPRK,PTPRK
PTPRM,PTPRM
PTPRN,PTPRN
PTPRN2,PTPRN2
PTPRO,PTPRO
PTPRR,PTPRR
PTPRS,PTPRS
PTPRZ1,PTPRZ1
PTS,PTS
PTX3,PTX3
RAD1,RAD1
PURA,PURA
PURB,PURB
PVALB,PVALB
PVR,PVR
NECTIN1,NECTIN1
NECTIN2,NECTIN2
PVT1,PVT1
PWP2,PWP2
PEX19,PEX19
ABCD3,ABCD3
ABCD4,ABCD4
PXMP2,PXMP2
PEX2,PEX2
PXN,PXN
PEX5,PEX5
PYCR1,PYCR1
ALDH18A1,ALDH18A1
PCYT2,PCYT2
PYGB,PYGB
PYGL,PYGL
PYGM,PYGM
QARS1,QARS1
QDPR,QDPR
RAB1A,RAB1A
RAB2A,RAB2A
RGL2,RGL2
RAB3A,RAB3A
RAB3B,RAB3B
RAB3IL1,RAB3IL1
RAB4A,RAB4A
RAB5A,RAB5A
RAB5B,RAB5B
RAB6A,RAB6A
MAP4K2,MAP4K2
RAB13,RAB13
RAB27A,RAB27A
RAB27B,RAB27B
RABGGTA,RABGGTA
RABGGTB,RABGGTB
RABIF,RABIF
RAB5C,RAB5C
RAC1,RAC1
RAC2,RAC2
RAC3,RAC3
RAD9A,RAD9A
RAD17,RAD17
RAD21,RAD21
RAD23A,RAD23A
RAD23B,RAD23B
RAD51,RAD51
RAD51C,RAD51C
RAD51B,RAD51B
MOK,MOK
RAD51D,RAD51D
RAD52,RAD52
RAF1,RAF1
RAG1,RAG1
RAG2,RAG2
RALA,RALA
RALB,RALB
RALGDS,RALGDS
RAN,RAN
RANBP1,RANBP1
RANBP2,RANBP2
RANGAP1,RANGAP1
RAP1A,RAP1A
RAP1B,RAP1B
RAP1GAP,RAP1GAP
RAP1GDS1,RAP1GDS1
RAP2A,RAP2A
RAP2B,RAP2B
RAPSN,RAPSN
RARA,RARA
RARB,RARB
RARG,RARG
RARS1,RARS1
RARRES1,RARRES1
RARRES2,RARRES2
RASA1,RASA1
RASA2,RASA2
RASGRF1,RASGRF1
RASGRF2,RASGRF2
RB1,RB1
ARID4A,ARID4A
KDM5A,KDM5A
RBBP4,RBBP4
RBBP5,RBBP5
RBBP6,RBBP6
RBBP7,RBBP7
RBBP8,RBBP8
RBL1,RBL1
RBL2,RBL2
RBM3,RBM3
RBM4,RBM4
RBMS1,RBMS1
RBMS2,RBMS2
RBP1,RBP1
RBP2,RBP2
RBP3,RBP3
RBP4,RBP4
RCN1,RCN1
RCN2,RCN2
RCVRN,RCVRN
RDH5,RDH5
PRPH2,PRPH2
RDX,RDX
RECQL,RECQL
REL,REL
RELA,RELA
RELB,RELB
REN,REN
RENBP,RENBP
UPF1,UPF1
DPF2,DPF2
REST,REST
RET,RET
REV3L,REV3L
RFC1,RFC1
RFC2,RFC2
RFC3,RFC3
RFC4,RFC4
RFC5,RFC5
RFNG,RFNG
TRIM27,TRIM27
RFX1,RFX1
RFX2,RFX2
RFX3,RFX3
RFX4,RFX4
RFX5,RFX5
RFXAP,RFXAP
RGR,RGR
RGS1,RGS1
RGS2,RGS2
RGS3,RGS3
RGS4,RGS4
RGS7,RGS7
RGS10,RGS10
RGS12,RGS12
RGS13,RGS13
RGS16,RGS16
RHAG,RHAG
RHCE,RHD
RHEB,RHEB
RHO,RHO
GRK1,GRK1
RLN1,RLN1
RIT2,RIT2
RING1,RING1
RIT1,RIT1
RLBP1,RLBP1
RLF,RLF
RNASE1,RNASE1
RNASE2,EAR1
RNASE3,RNASE3
RNASE4,RNASE4
RNASE6,RNASE6
RNASEL,RNASEL
RNF2,RNF2
BRD2,BRD2
RNF4,RNF4
RNF5,RNF5
RNF6,RNF6
RNH1,RNH1
RNPEP,RNPEP
ABCE1,ABCE1
ROBO1,ROBO1
ROBO2,ROBO2
ROCK1,ROCK1
ROM1,ROM1
RORA,RORA
RORB,RORB
RORC,RORC
ROS1,ROS1
RP9,RP9
RP1,RP1
RP2,RP2
RPGR,RPGR
RPA1,RPA1
RPA2,RPA2
RPA3,RPA3
RPE,RPE
RPE65,RPE65
RPL3,RPL3
RPL3L,RPL3L
RPL4,RPL4
RPL5,RPL5
RPL6,RPL6
RPL7,RPL7
RPL7A,RPL7A
RPL8,RPL8
RPL9,RPL9
RPL10,RPL10
RPL11,RPL11
RPL12,RPL12
RPL13,RPL13
RPL15,RPL15
RPL17,RPL17
RPL18,RPL18
RPL18A,RPL18A
RPL19,RPL19
RPL21,RPL21
RPL22,RPL22
RPL23A,RPL23A
MRPL23,MRPL23
RPL24,RPL24
RPL26,RPL26
RPL27,RPL27
RPL30,RPL30
RPL27A,RPL27A
RPL28,RPL28
RPL29,RPL29
RPL31,RPL31
RPL32,RPL32
RPL34,RPL34
RPL35A,RPL35A
RPL36AL,RPL36AL1
RPL37,RPL37
RPL37A,RPL37A
RPL38,RPL38
RPL39,RPL39
RPL41,RPL41
RPL36A,RPL36A
RPLP0,RPLP0
RPLP1,RPLP1
RPLP2,RPLP2
MRPL12,MRPL12
MRPS12,MRPS12
RPN1,RPN1
RPN2,RPN2
RPS2,RPS2
RPS3,RPS3
RPS3A,RPS3A
RPS4X,RPS4X
RPS5,RPS5
RPS6,RPS6
RPS6KA1,RPS6KA1
RPS6KA2,RPS6KA2
RPS6KA3,RPS6KA3
RPS6KB1,RPS6KB1
RPS6KB2,RPS6KB2
RPS7,RPS7
RPS8,RPS8
RPS9,RPS9
RPS10,RPS10
RPS11,RPS11
RPS12,RPS12
RPS13,RPS13
RPS14,RPS14
RPS15,RPS15
RPS15A,RPS15A
RPS16,RPS16
RPS17,RPS17
RPS18,RPS18
RPS19,RPS19
RPS20,RPS20
RPS21,RPS21
RPS23,RPS23
RPS24,RPS24
RPS25,RPS25
RPS26,RPS26
RPS27,RPS27
RPS27A,RPS27A
RPS28,RPS28
RPS29,RPS29
RRAD,RRAD
RRAS,RRAS
RRBP1,RRBP1
RREB1,RREB1
RRM1,RRM1
RRM2,RRM2
RTKN,RTKN
RS1,RS1
CLIP1,CLIP1
RSU1,RSU1
RTN1,RTN1
RTN2,RTN2
RXRA,RXRA
RXRB,RXRB
RXRG,RXRG
RYK,RYK
RYR1,RYR1
RYR2,RYR2
RYR3,RYR3
S100A1,S100A1
SORT1,SORT1
S100A2,S100A2
S100A3,S100A3
S100A4,S100A4
S100A5,S100A5
S100A6,S100A6
S100A8,S100A8
S100A9,S100A9
S100A10,S100A10
S100A11,S100A11
S100A13,S100A13
S100B,S100B
SAA4,SAA4
VPS52,VPS52
SAFB,SAFB
SAG,SAG
ACSM3,ACSM3
SALL2,SALL2
SALL1,SALL1
MAPK12,MAPK12
SARS1,SARS1
TSPAN31,TSPAN31
SAT1,SAT1
SATB1,SATB1
SBF1,SBF1
MSMO1,MSMO1
SC5D,SC5D
ATXN1,ATXN1
ATXN2,ATXN2
ATXN7,ATXN7
CLEC11A,CLEC11A
SCN1A,SCN1A
SCN1B,SCN1B
SCN2A,SCN2A
SCN2B,SCN2B
SCN3A,SCN3A
SCN4A,SCN4A
SCN4B,SCN4B
SCN5A,SCN5A
SCN7A,SCN7A
SCN8A,SCN8A
SCN9A,SCN9A
SCN10A,SCN10A
SCNN1A,SCNN1A
SCNN1B,SCNN1B
SCNN1D,SCNN1D
SCNN1G,SCNN1G
SCO1,SCO1
SCP2,SCP2
SCT,SCT
SCTR,SCTR
SRL,SRL
CCL1,CCL1
CCL3,CCL3
CCL4,CCL4
CCL5,CCL5
CCL7,CCL7
CCL11,CCL11
CCL17,CCL17
CCL19,CCL19
CCL20,CCL20
CCL21,CCL21
CCL22,CCL22
CCL24,CCL24
CCL25,CCL25
CXCL11,CXCL11
XCL1,XCL1
CX3CL1,CX3CL1
SDC1,SDC1
SDC2,SDC2
SDC4,SDC4
SDCBP,SDCBP
CXCL12,CXCL12
SDF2,SDF2
SDHA,SDHA
SDHB,SDHB
SDHC,SDHC
SDHD,SDHD
SEC13,SEC13
SEC14L1,SEC14L1
TRAPPC2,TRAPPC2
SEL1L,SEL1L
SELE,SELE
SELL,SELL
SELP,SELP
SELPLG,SELPLG
SEMA3F,SEMA3F
SELENOP,SELENOP
SELENOW,SELENOW
MAP2K4,MAP2K4
SET,SET
SETMAR,SETMAR
SFPQ,SFPQ
SFRP1,SFRP1
SFRP2,SFRP2
SFRP4,SFRP4
SFRP5,SFRP5
SRSF1,SRSF1
SRSF2,SRSF2
SRSF3,SRSF3
SRSF4,SRSF4
SRSF5,SRSF5
SRSF6,SRSF6
SRSF7,SRSF7
SFSWAP,SFSWAP
TRA2B,TRA2B
SFTPB,SFTPB
SFTPC,SFTPC
SFTPD,SFTPD
SGCA,SGCA
SGCB,SGCB
SGCD,SGCD
SGCG,SGCG
SGK1,SGK1
SCG5,SCG5
SGSH,SGSH
SGTA,SGTA
SH3BGR,SH3BGR
SH3BGRL,SH3BGRL
SH3BP2,SH3BP2
ITSN1,ITSN1
SH3GL1,SH3GL1
SH3GL2,SH3GL2
SH3GL3,SH3GL3
SHB,SHB
SHBG,SHBG
SHC1,SHC1
FBXW4,FBXW4
SHH,SHH
SHMT1,SHMT1
SHMT2,SHMT2
SHOX2,SHOX2
SI,SI
SIAH1,SIAH1
SIAH2,SIAH2
ST6GAL1,ST6GAL1
ST3GAL1,ST3GAL1
ST3GAL2,ST3GAL2
ST3GAL4,ST3GAL4
ST3GAL3,ST3GAL3
ST8SIA1,ST8SIA1
PMEL,PMEL
STIL,STIL
SIM1,SIM1
SIM2,SIM2
SIPA1,SIPA1
SIX1,SIX1
SIX3,SIX3
SKI,SKI
SKIL,SKIL
SKIC2,SKIC2
SKP1,SKP1
SKP2,SKP2
SLA,SLA
SLAMF1,SLAMF1
SLC1A1,SLC1A1
SLC1A2,SLC1A2
SLC1A3,SLC1A3
SLC4A3,SLC4A3
SLC1A4,SLC1A4
SLC1A5,SLC1A5
SLC1A6,SLC1A6
SLC1A7,SLC1A7
SLC2A1,SLC2A1
SLC2A2,SLC2A2
SLC2A3,SLC2A3
SLC2A4,SLC2A4
SLC2A5,SLC2A5
SLC3A1,SLC3A1
SLC3A2,SLC3A2
SLC4A1,SLC4A1
SLC4A2,SLC4A2
SLC5A1,SLC5A1
SLC5A2,SLC5A2
SMTN,SMTN
SLC5A3,SLC5A3
SLC5A4,SLC5A4
SLC5A5,SLC5A5
SLC6A1,SLC6A1
SLC6A2,SLC6A2
SLC6A3,SLC6A3
SLC6A4,SLC6A4
SLC6A6,SLC6A6
SLC6A7,SLC6A7
SLC6A8,SLC6A8
SLC6A9,SLC6A9
SLC6A11,SLC6A11
SLC6A12,SLC6A12
SLC6A13,SLC6A13
SLC7A1,SLC7A1
SLC7A2,SLC7A2
SLC8A2,SLC8A2
SLC7A4,SLC7A4
SLC8A1,SLC8A1
SLC8A3,SLC8A3
SLC9A1,SLC9A1
SLC9A2,SLC9A2
SLC9A3,SLC9A3
SLC9A5,SLC9A5
SLC10A1,SLC10A1
SLC11A1,SLC11A1
SLC12A1,SLC12A1
SLC12A2,SLC12A2
SLC12A3,SLC12A3
SLC12A4,SLC12A4
SLC13A1,SLC13A1
SLC14A1,SLC14A1
SLC15A1,SLC15A1
SLC15A2,SLC15A2
SLC16A1,SLC16A1
SLC16A2,SLC16A2
SLC17A1,SLC17A1
SLC34A1,SLC34A1
SLC18A1,SLC18A1
SLC18A2,SLC18A2
SLC18A3,SLC18A3
SLC19A1,SLC19A1
SLC20A1,SLC20A1
SLC20A2,SLC20A2
SLC25A1,SLC25A1
SLCO2A1,SLCO2A1
SLC22A1,SLC22A1
SLC22A3,SLC22A3
SLC22A2,SLC22A2
SLC22A5,SLC22A5
SLIT1,SLIT1
SLIT3,SLIT3
SLN,SLN
SLPI,SLPI
SNAI2,SNAI2
SMARCA1,SMARCA1
SMARCA2,SMARCA2
HLTF,HLTF
SMARCA4,SMARCA4
SMARCB1,SMARCB1
SMARCC1,SMARCC1
SMARCC2,SMARCC2
SMARCD1,SMARCD1
SMARCD2,SMARCD2
SMARCD3,SMARCD3
SMARCE1,SMARCE1
SMO,SMO
SMPD1,SMPD1
SMPD2,SMPD2
SMS,SMS
SUMO3,SUMO3
SUMO2,SUMO2
SIGLEC1,SIGLEC1
SNAI1,SNAI1
SNAP25,SNAP25
SNAPC1,SNAPC1
SNAPC2,SNAPC2
SNAPC3,SNAPC3
SNCB,SNCB
SNAPC4,SNAPC4
SNCA,SNCA
SNCG,SNCG
FSCN1,FSCN1
SNRNP70,SNRNP70
SNRPA,SNRPA
SNRPA1,SNRPA1
SNRPB,SNRPB
SNRPB2,SNRPB2
SNRPC,SNRPC
SNRPD1,SNRPD1
SNRPD2,SNRPD2
SNRPD3,SNRPD3
SNRPE,SNRPE
SNRPF,SNRPF
SNRPG,SNRPG
SNRPN,SNRPN
SNTA1,SNTA1
SNTB1,SNTB1
SNX1,SNX1
SNX2,SNX2
SNTB2,SNTB2
SOAT1,SOAT1
SOD1,SOD1
SOD2,SOD2
SOD3,SOD3
CAPN15,CAPN15
SON,SON
SORD,SORD
SORL1,SORL1
SOS1,SOS1
SOS2,SOS2
SOX1,SOX1
SOX2,SOX2
SOX3,SOX3
SOX4,SOX4
SOX5,SOX5
SOX9,SOX9
SOX10,SOX10
SOX11,SOX11
SOX15,SOX15
SOX12,SOX12
SP1,SP1
SP2,SP2
SP3,SP3
SP4,SP4
SP100,SP100
SPAG1,SPAG1
UAP1,UAP1
SPAG4,SPAG4
SPARC,SPARC
SPAST,SPAST
SPG7,SPG7
SPI1,SPI1
SPIB,SPIB
SPINK2,SPINK2
SPINT1,SPINT1
SPN,SPN
SPP2,SPP2
SPOCK1,SPOCK1
SPP1,SPP1
SPR,SPR
SPRR1A,SPRR1A
SPRR1B,SPRR1B
SPRR3,SPRR3
SPTA1,SPTA1
SPTAN1,SPTAN1
SPTB,SPTB
SPTBN1,SPTBN1
SPTBN2,SPTBN2
SQLE,SQLE
SRC,SRC
SRD5A1,SRD5A1
SRD5A2,SRD5A2
SRI,SRI
AKR1D1,AKR1D1
SREBF1,SREBF1
SREBF2,SREBF2
SRF,SRF
SRM,SRM
SRMS,SRMS
SRP9,SRP9
SRP14,SRP14
SRP19,SRP19
SRP54,SRP54A
SRP68,SRP68
SRP72,SRP72
SRPK1,SRPK1
SRPK2,SRPK2
SRPRA,SRPRA
TRIM21,TRIM21
RO60,RO60
SSB,SSB
SSBP1,SSBP1
ITPRID2,ITPRID2
SSR1,SSR1
SSR2,SSR2
SSR3,SSR3
SSR4,SSR4
SSRP1,SSRP1
SST,SST
SSTR1,SSTR1
SSTR2,SSTR2
SSTR3,SSTR3
SSTR4,SSTR4
SSTR5,SSTR5
SS18,SS18
DENND2B,DENND2B
ST13,ST13
ST14,ST14
STAC,STAC
STAR,STAR
STAT1,STAT1
STAT2,STAT2
STAT3,STAT3
STAT4,STAT4
STAT5A,STAT5A
STAT5B,STAT5B
STAT6,STAT6
STATH,STATH
STAU1,STAU1
STC1,STC1
HSPA13,HSPA13
SULT1E1,SULT1E1
ELOVL4,ELOVL4
STIM1,STIM1
NEK4,NEK4
STK3,STK3
STK4,STK4
AURKA,AURKA
CDKL5,CDKL5
STK10,STK10
STK11,STK11
AURKC,AURKC
STRN,STRN
STX1A,STX1A
STX3,STX3
STX4,STX4
STX5,STX5
STXBP1,STXBP1
STXBP2,STXBP2
STXBP3,STXBP3
STYX,STYX
SULT1A1,SULT1A1
SULT2B1,SULT2B1
SUOX,SUOX
SUPT4H1,SUPT4H1
SUPT5H,SUPT5H
SUPT6H,SUPT6H
SUPV3L1,SUPV3L1
ABCC8,ABCC8
SURF1,SURF1
SURF2,SURF2
SURF4,SURF4
MED22,MED22
SURF6,SURF6
SUV39H1,SUV39H1
SVIL,SVIL
VAMP1,VAMP1
VAMP2,VAMP2
VAMP7,VAMP7
SYCP1,SYCP1
SYK,SYK
SYN1,SYN1
SYN2,SYN2
SYP,SYP
SYPL1,SYPL1
SYT1,SYT1
SYT4,SYT4
SYT5,SYT5
TBXT,TBXT
TAC1,TAC1
TACR2,TACR2
TAC3,TAC3
TACC1,TACC1
ADAM17,ADAM17
TACR1,TACR1
TACR3,TACR3
TADA2A,TADA2A
TAF1,TAF1
TAF2,TAF2
TAF4,TAF4
TAF4B,TAF4B
TAGLN,TAGLN
TAF5,TAF5
TAF6,TAF6
TAF7,TAF7
TAF9,TAF9
TAF10,TAF10
TAF11,TAF11
TAF12,TAF12
TAF13,TAF13
MAP3K7,MAP3K7
TAL1,TAL1
TAL2,TAL2
TALDO1,TALDO1
TAP1,TAP1
TAP2,TAP2
TAPBP,TAPBP
TARBP1,TARBP1
TARBP2,TARBP2
TARS1,TARS1
TAT,TAT
TBX1,TBX1
CNTN2,CNTN2
TAFAZZIN,TAFAZZIN
TBCA,TBCA
TBCC,TBCC
TBCD,TBCD
TBCE,TBCE
SERPINA7,SERPINA7
TBL1X,TBL1X
TBP,TBP
TBX2,TBX2
TBX5,TBX5
TBX6,TBX6
TBX15,TBX15
TBXA2R,TBXA2R
TBXAS1,TBXAS1
TCEA1,TCEA1
TCEA2,TCEA2
TCEA3,TCEA3
ELOC,ELOC
ELOB,ELOB
ELOA,ELOA
TCF4,TCF4
TBX3,TBX3
HNF1A,HNF1A
HNF1B,HNF1B
TCF3,TCF3
TCF7,TCF7
TCF7L2,TCF7L2
ZEB1,ZEB1
GCFC2,GCFC2
TCF12,TCF12
TCF15,TCF15
TCF19,TCF19
TCF20,TCF20
TCF21,TCF21
VPS72,VPS72
MLX,MLX
TCN2,TCN2
TCOF1,TCOF1
TCP1,TCP1
TCP11,TCP11
TECTB,TECTB
TCTA,TCTA
DYNLT3,DYNLT3
DYNLT2,DYNLT2
PPP1R11,PPP1R11
DYNLT1,DYNLT1
TDG,TDG
CRIPTO,CRIPTO
TDO2,TDO2
PRDX2,PRDX2
TEAD1,TEAD1
TEAD4,TEAD4
TEAD3,TEAD3
TEC,TEC
TECTA,TECTA
TEF,TEF
TMBIM6,TMBIM6
TEK,TEK
TEP1,TEP1
TERF1,TERF1
TERF2,TERF2
TERT,TERT
TESK1,TESK1
TF,TF
TFAM,TFAM
TFAP2A,TFAP2A
TFAP2B,TFAP2B
TFAP2C,TFAP2C
TFAP4,TFAP4
TFCP2,TFCP2
NR2F1,NR2F1
NR2F2,NR2F2
TFDP1,TFDP1
TFDP2,TFDP2
TFE3,TFE3
TFF1,TFF1
TFF2,TFF2
TFF3,TFF3
TFPI,TFPI
TFR2,TFR2
TFRC,TFRC
TG,TG
TGFA,TGFA
TGFB1,TGFB1
TGFB1I1,TGFB1I1
TGFB2,TGFB2
TGFB3,TGFB3
TGFBI,TGFBI
TGFBR1,TGFBR1
TGM4,TGM4
TGFBR2,TGFBR2
TGFBR3,TGFBR3
TGIF1,TGIF1
TGM1,TGM1
TGM2,TGM2
TGM3,TGM3
TH,TH
THBD,THBD
THBS1,THBS1
THBS2,THBS2
THBS3,THBS3
THBS4,THBS4
TCHH,TCHH
THOP1,THOP1
THPO,THPOL1
THRA,THRA
THRB,THRB
THRSP,THRSP
THY1,THY1
KLF10,KLF10
TIA1,TIA1
TIAL1,TIAL1
TIAM1,TIAM1
TIE1,TIE1
TIMP1,TIMP1
TIMP2,TIMP2
TIMP3,TIMP3
TIMP4,TIMP4
NKX2-1,NKX2-1
TJP1,TJP1
TK1,TK1
TK2,TK2
TKT,TKT
ICAM5,ICAM5
TLE1,TLE1
TLE2,TLE2
TLE3,TLE3
TLE4,TLE4
TLL1,TLL1
TLL2,TLL2
TLN1,TLN1
SEC62,SEC62
TLR1,TLR1
TLR2,TLR2
TLR3,TLR3
TLR4,TLR4
TLR5,TLR5
NR2E1,NR2E1
TSPAN7,TSPAN7
TSPAN8,TSPAN8
TM4SF4,TM4SF4
TSPAN6,TSPAN6
TSPAN4,TSPAN4
GPR137B,GPR137B
TM7SF2,TM7SF2
TRAPPC10,TRAPPC10
TMF1,TMF1
TMOD1,TMOD1
TMPO,TMPO
TMPRSS2,TMPRSS2
TMSB4X,TMSB4X
CLDN5,CLDN5
CLEC3B,CLEC3B
TNF,TNF
TNNC2,TNNC2
TNFAIP1,TNFAIP1
TNFAIP2,TNFAIP2
TNFAIP3,TNFAIP3
TNFAIP6,TNFAIP6
TNFRSF1A,TNFRSF1A
TNFRSF1B,TNFRSF1B
TNNC1,TNNC1
TNNI1,TNNI1
TNNI2,TNNI2
TNNI3,TNNI3
TNNT1,TNNT1
TNNT2,TNNT2
TNNT3,TNNT3
TNP1,TNP1
TNP2,TNP2
TNR,TNR
TNS1,TNS1
TOP1,TOP1
TOP2A,TOP2A
TOP2B,TOP2B
TOP3A,TOP3A
TP53,TP53
TP53BP1,TP53BP1
TP53BP2,TP53BP2
TP73,TP73
TPBG,TPBG
TPD52,TPD52
TPD52L1,TPD52L1
TPD52L2,TPD52L2
TPH1,TPH1
TPI1,TPI1
TPM1,TPM1
TPM2,TPM2
TPM3,TPM3
TPM4,TPM4
TPMT,TPMT
TPO,TPO
TPP2,TPP2
TPR,TPR
TPT1,TPT1
CRISP2,CRISP2
NR2C1,NR2C1
NR2C2,NR2C2
HSP90B1,HSP90B1
TRAF1,TRAF1
TRAF2,TRAF2
TRAF3,TRAF3
TRAF5,TRAF5
TRAF6,TRAF6
TRH,TRH
TRHR,TRHR
CCT3,CCT3
TRIO,TRIO
TRIP6,TRIP6
TRO,TRO
TRPC1,TRPC1
TRPC3,TRPC3
TRPC4,TRPC4
TRPC5,TRPC5
TRPC6,TRPC6
TRPM2,TRPM2
TRPS1,TRPS1
TSN,TSN
TSC1,TSC1
TSC2,TSC2
TSG101,TSG101
TSHB,TSHB
TSHR,TSHR
TSNAX,TSNAX
TSPYL1,TSPYL1
EIPR1,EIPR1
PHLDA2,PHLDA2
TST,TST
GFUS,GFUS
TTC1,TTC1
DNAJC7,DNAJC7
TTC3,TTC3
TTC4,TTC4
TTF1,TTF1
TTK,TTK
TTN,TTN
TTPA,TTPA
TUB,TUB
TTR,TTR
TUBA4A,TUBA4A
TUBG1,TUBG1
TUFM,TUFM
TUFT1,TUFT1
TULP1,TULP1
TULP2,TULP2
TULP3,TULP3
HIRA,HIRA
TWIST1,TWIST1
TNFSF4,TNFSF4
TNFRSF4,TNFRSF4
TXK,TXK
TXN,TXN1
TXNRD1,TXNRD1
TYK2,TYK2
TYMS,TYMS
TYR,TYR
TYRO3,TYRO3
TYROBP,TYROBP
TYRP1,TYRP1
U2AF1,U2AF1
UBA52,UBA52
UBB,UBB
UBC,UBC
UBA1,UBA1
UBA7,UBA7
UBE2A,UBE2A
UBE2B,UBE2B
UBE2D1,UBE2D1
UBE2D2,UBE2D2
UBE2D3,UBE2D3
UBE2E1,UBE2E1
UBE2E2,UBE2E2
UBE2G1,UBE2G1
UBE2G2,UBE2G2
UBE2H,UBE2H
UBE2I,UBE2I
UBE2L3,UBE2L3
UBE2N,UBE2N
UBE2V1,UBE2V1
UBE2V2,UBE2V2
UBE3A,UBE3A
SUMO1,SUMO1
UBP1,UBP1
UBTF,UBTF
UCHL1,UCHL1
UCHL3,UCHL3
UPK1B,UPK1B
UCN,UCN
UCP1,UCP1
UCP2,UCP2
UCP3,UCP3
UFD1,UFD1
SLC35A2,SLC35A2
SCGB1A1,SCGB1A1
UGCG,UGCG
UGDH,UGDH
UGP2,UGP2
UGT8,UGT8
UMOD,UMOD
UCK2,UCK2
UMPS,UMPS
COL14A1,COL14A1
UNG,UNG
USP4,USP4
NR1H2,NR1H2
UPP1,UPP1
UPK2,UPK2
UPK3A,UPK3A
UQCRB,UQCRB
UQCRC1,UQCRC1
UQCRC2,UQCRC2
UQCRFS1,UQCRFS1
UQCRH,UQCRH
UROD,UROD
UROS,UROS
USF1,USF1
USF2,USF2
USP1,USP1
USH2A,USH2A
CLRN1,CLRN1
UTRN,UTRN
KDM6A,KDM6A
UVRAG,UVRAG
VARS1,VARS1
VASP,VASP
VAV1,VAV1
VAV2,VAV2
VBP1,VBP1
VCAM1,VCAM1
VCL,VCL
VCP,VCP
VDAC1,VDAC1
VDAC2,VDAC2
VDAC3,VDAC3
VDR,VDR
VEGFA,VEGFA
VEGFB,VEGFB
VEGFC,VEGFC
VGF,VGF
VHL,VHL
VIL1,VIL1
EZR,EZR
VIM,VIM
VIP,VIP
VIPR1,VIPR1
VIPR2,VIPR2
VLDLR,VLDLR
BEST1,BEST1
VPREB1,VPREB1A
TRPV1,TRPV1
VRK1,VRK1
VRK2,VRK2
VSNL1,VSNL1
VTN,VTN
VWF,VWF
WARS1,WARS1
WAS,WAS
ZAN,ZAN
WIPF1,WIPF1
EIF4H,EIF4H
CLIP2,CLIP2
LAT2,LAT2
CORO2A,CORO2A
WEE1,WEE1
WFS1,WFS1
NSD2,NSD2
NELFA,NELFA
WNT1,WNT1
WNT2,WNT2
WNT3,WNT3
WNT5A,WNT5A
WNT6,WNT6
WNT7A,WNT7A
WNT7B,WNT7B
WNT8A,WNT8A
WNT8B,WNT8B
WNT10B,WNT10B
WNT11,WNT11
WNT2B,WNT2B
WNT9A,WNT9A
WNT9B,WNT9B
GET1,GET1
WRN,WRN
WT1,WT1
XBP1,XBP1
XDH,XDH
XK,XK
XPA,XPA
XPC,XPC
XPNPEP1,XPNPEP1
XPNPEP2,XPNPEP2
XPO1,XPO1
XRCC1,XRCC1
XRCC2,XRCC2
XRCC3,XRCC3
XRCC4,XRCC4
XRCC5,XRCC5
YES1,YES1
YY1,YY1
YWHAB,YWHAB
YWHAE,YWHAE
YWHAG,YWHAG
YWHAH,YWHAH
YWHAZ,YWHAZ
ZAP70,ZAP70
SF1,SF1
ZFP36,ZFP36
ZFP37,ZFP37
ZBTB14,ZBTB14
ZFPL1,ZFPL1
ZFX,ZFX
ZIC1,ZIC1
ZIC2,ZIC2
ZIC3,ZIC3
ZNF2,LOC100909998
ZNF3,ZFP113
ZNF711,ZFP711
ZNF7,ZFP7
ZNF8,ZNF8
CNBP,CNBP
ZNF12,ZFP12
ZNF16,ZNF16-PS1
ZNF18,ZFP18
ZNF182,ZFP182
ZNF22,ZFP422
ZNF23,ZFP612
ZNF24,ZFP24
ZSCAN20,ZSCAN20
ZNF32,ZFP637
ZNF35,ZFP105
ZKSCAN1,ZKSCAN1
ZSCAN21,ZSCAN21
MZF1,MZF1
ZBTB25,ZBTB25
ZNF75D,ZFP75D
ZNF76,ZFP523
ZNF91,ZFP619
MKRN3,MKRN3
ZBTB35,ZBTB35
ZNF133,ZFP133
ZNF142,ZFP142
ZNF143,ZFP143
PCGF2,PCGF2
ZBTB16,ZBTB16
ZNF146,ZFP146
TRIM25,TRIM25
ZNF148,ZFP148
ZBTB17,ZBTB17
VEZF1,VEZF1
TRIM26,TRIM26
ZNF174,ZFP174
RNF112,RNF112
ZNF180,ZFP180
RNF113A,RNF113A1
ZNF184,ZFP184
ZNF185,ZFP185
ZSCAN26,ZSCAN26
ZNF189,ZFP189
ZKSCAN8,ZKSCAN8
ZMYM2,ZMYM2
ZNF202,ZFP202
ZNF205,ZFP13
ZNF207,ZFP207
ZNF213,ZFP213
ZFAND5,ZFAND5
ZNF217,ZFP217
ZNF112,ZFP112
ZNF236,ZFP236
SLC30A1,SLC30A1
SLC30A2,SLC30A2
SLC30A3,SLC30A3
SLC30A4,SLC30A4
ZP2,ZP2
ZP3,ZP3
MAP3K12,MAP3K12
ZYX,ZYX
LUZP1,LUZP1
PRDM2,PRDM2
DNALI1,DNALI1
PTP4A1,PTP4A1
LRP8,LRP8
LAPTM5,LAPTM5
BSND,BSND
CSDE1,CSDE1
EVI5,EVI5
DAP3,DAP3
NPHS2,NPHS2
BTG2,BTG2
PXDN,PXDN
ALMS1,ALMS1
MOGS,MOGS
RNF103,RNF103
TUBA1A,TUBA1A
PAX8,PAX8
IL1R2,IL1R2
MALL,MALL
CXCR4,CXCR4
FZD5,FZD5
SCG2,SCG2
BRPF1,BRPF1
IFRD2,IFRD2
MAPKAPK3,MAPKAPK3
SEMA3B,SEMA3B
SLMAP,SLMAP
MANF,MANF
USP7,USP7
RAB7A,RAB7A
KCNAB1,KCNAB1
SLBP,SLBP
ST8SIA4,ST8SIA4
REEP5,REEP5
DEK,DEK
ALDH5A1,ALDH5A1
PRRC2A,PRRC2A
BAG6,BAG6
GPANK1,GPANK1
DDX39B,DDX39B
ABHD16A,ABHD16A
SLC39A7,SLC39A7
HSD17B8,HSD17B8
OR2H2,OR2H2
NELFE,NELFE
LST1,LST1
PLA2G7,PLA2G7
TFEB,TFEB
EPM2A,EPM2A
AIMP2,AIMP2
MAFK,MAFK
FZD3,FZD3
MTERF1,MTERF1
SEM1,SEM1
TFPI2,TFPI2
ST7,ST7
ARHGEF5,ARHGEF5
ZNF212,ZFP212
TUSC3,TUSC3
UBXN8,UBXN8
KAT6A,KAT6A
PSCA,PSCA
GLRA3,GLRA3
NR4A3,NR4A3
BRD3,BRD3
NUP214,NUP214
LHX3,LHX3
STAM,STAM
MLLT10,MLLT10
CUBN,CUBN
CCDC6,CCDC6
NCOA4,NCOA4
SLC25A16,SLC25A16
SHOC2,SHOC2
ADAM12,ADAM12
RASSF7,RASSF7
CSRP3,CSRP3
PDHX,PDHX
FOSL1,FOSL1
CUL5,CUL5
PTP4A2,PTP4A2
FGF23,FGF23
MFAP5,MFAP5
USP5,USP5
MLF2,MLF2
SSPN,SSPN
KMT2D,KMT2D
AAAS,AAAS
FXR1,FXR1
YEATS4,YEATS4
HMGA2,HMGA2
ALX1,ALX1
CDK2AP1,CDK2AP1
IFT88,IFT88
PABPN1,PABPN1
DPF3,DPF3
GPR68,GPR68
TCL1A,TCL1A
AP3B2,AP3B2
ANP32A,ANP32A
ST8SIA2,ST8SIA2
NPRL3,NPRL3
GAN,GAN
SLC7A5,SLC7A5
TAF15,TAF15
RND2,RND2
COIL,COIL
AKAP1,AKAP1
SLC14A2,SLC14A2
MADCAM1,MADCAM1
SF3A2,SF3A2
ELL,ELL
ZNF239,ZFP239
SYMPK,SYMPK
MIA,MIA
CLPP,CLPP
DPF1,DPF1
MKKS,MKKS
GDF5,GDF5
NCOA3,NCOA3
NRIP1,NRIP1
CHAF1B,CHAF1B
GATD3,GATD3A
DGCR6,DGCR6
LZTR1,LZTR1
ESS2,ESS2
SYN3,SYN3
GTPBP6,GTPBP6
PUDP,PUDP
AKAP17A,AKAP17A
PNPLA4,PNPLA4
ZRSR2,ZRSR2
USP11,USP11
USP9X,USP9X
RBM10,RBM10
KDM5C,KDM5C
SMC1A,SMC1A
NAA10,NAA10
F8A1,F8A1
UBL4A,UBL4A
LAGE3,LAGE3
SLC10A3,SLC10A3
TKTL1,TKTL1
KDM5D,KDM5D
EPX,EPX
ARID1A,ARID1A
H3-4,H3F4
DYSF,DYSF
COLQ,COLQ
SERF1A,SERF1
H4C9,H4C8
TRRAP,TRRAP
PICALM,PICALM
SNN,SNN
ACOX2,ACOX2
ACOX3,ACOX3
AXIN1,AXIN1
AXIN2,AXIN2
BAP1,BAP1
BRAP,BRAP
CDC7,CDC7
CDC45,CDC45
EOMES,EOMES
FZD1,FZD1
FZD4,FZD4
FZD6,FZD6
FZD7,FZD7
FZD8,FZD8
FZD9,FZD9
GFI1B,GFI1B
H2AC20,H2AC20
H2BC21,H2BC21
H3C1,H3C1
HYAL3,HYAL3
MAD1L1,MAD1L1
NME5,NME5
PIP5K1A,PIP5K1A
PIP5K1B,PIP5K1B
PIP4K2B,PIP4K2B
PLA2G6,PLA2G6
PLA2G10,PLA2G10
SLC25A11,SLC25A11
SOX14,SOX14
SPARCL1,SPARCL1
SPOP,SPOP
SRPX,SRPX
TAGLN2,TAGLN2
ULK1,ULK1
UXT,UXT
EEA1,EEA1
BCAR3,BCAR3
ANXA9,ANXA9
STX7,STX7
BFSP2,BFSP2
BBOX1,BBOX1
LTBP4,LTBP4
ZNF282,ZFP282
STK24,STK24
NR0B2,NR0B2
UTF1,UTF1
RECK,RECK
SOAT2,SOAT2
CAVIN2,CAVIN2
RASAL1,RASAL1
RAD54L,RAD54L
NSMAF,NSMAF
NCK2,NCK2
GNPAT,GNPAT
DYRK3,DYRK3
DYRK2,DYRK2
DUSP11,DUSP11
DOC2B,DOC2B
DOC2A,DOC2A
DHX16,DHX16
CUL4B,CUL4B
CUL4A,CUL4A
CUL3,CUL3
CUL2,CUL2
CUL1,CUL1
ATRN,ATRN
FOXN1,FOXN1
TTF2,TTF2
TPST2,TPST2
TPST1,TPST1
KLF11,KLF11
TEAD2,TEAD2
SUPT3H,SUPT3H
SMARCA5,SMARCA5
FKBP6,FKBP6
SORBS2,SORBS2
IRS4,IRS4
OGT,OGT
CDC42BPA,CDC42BPA
GPR65,GPR65
HIRIP3,HIRIP3
RAE1,RAE1
OFD1,OFD1
SEMA7A,SEMA7A
CILP,CILP
GALR3,GALR3
GEMIN2,GEMIN2
RGS5,RGS5
MAP4K3,MAP4K3
PRSS12,PRSS12
PPM1D,PPM1D
PPFIBP2,PPFIBP2
PPFIBP1,PPFIBP1
PPFIA4,PPFIA4
RANBP3,RANBP3
PPFIA2,PPFIA2
PPFIA1,PPFIA1
SLC43A1,SLC43A1
PKP4,PKP4
PIK3R3,PIK3R3
PEX3,PEX3
PARG,PARG
CNTNAP1,CNTNAP1
ENC1,ENC1
NIPSNAP1,NIPSNAP1
NDST2,NDST2
MMP23B,MMP23
LIPF,LIPF
KCNAB2,KCNAB2
ITGA10,ITGA10
ITGA8,ITGA8
IKBKG,IKBKG
ELP1,ELP1
IFITM1,IFITM1
HAT1,HAT1
GCM1,GCM1
GAS7,GAS7
DGKZ,DGKZ
DGKE,DGKE
DGKD,DGKD
DDO,DDO
CST7,CST7
YBX3,YBX3
CPZ,CPZ
COPS3,COPS3
CHST1,CHST1
CBX4,CBX4
CAMK1,CAMK1
BCAS1,BCAS1
BARX2,BARX2
API5,API5
AGPS,AGPS
PPFIA3,PPFIA3
LMO4,LMO4
PIR,PIR
CGGBP1,CGGBP1
AP3B1,AP3B1
BLZF1,BLZF1
LGR5,LGR5
MAPKAPK5,MAPKAPK5
BHLHE40,BHLHE40
PIAS1,PIAS1
CDC14B,CDC14B
CDC14A,CDC14A
TCAP,TCAP
CDK10,CDK10
PRPF18,PRPF18
DEGS1,DEGS1
DENR,DENR
THOC5,THOC5
KMO,KMO
YARS1,YARS1
PDXK,PDXK
MADD,MADD
RRP1,RRP1
MKNK1,MKNK1
KHSRP,KHSRP
PDLIM4,PDLIM4
CASK,CASK
PRKRA,PRKRA
STK16,STK16
TMEFF1,TMEFF1
SCARF1,SCARF1
LY6D,LY6D
OR6A2,OR6A2
TNFSF11,TNFSF11
RGS20,RGS20
NOP14,NOP14
FAM193A,FAM193A
SLC25A12,SLC25A12
PLA2G4C,PLA2G4C
RUVBL1,RUVBL1
RDH16,RDH16
KLF7,KLF7
PLPP1,PLPP1
PLPP2,PLPP2
PLPP3,PLPP3
STC2,STC2
USO1,USO1
CADPS,CADPS
NPFF,NPFF
CDK13,CDK13
PDE8B,PDE8B
ASMTL,ASMTL
PSMG1,PSMG1
RFXANK,RFXANK
TP63,TP63
JRK,JRK
HSD17B6,HSD17B6
SKAP1,SKAP1
DNAH17,DNAH17
UNC5C,UNC5C
RTCA,RTCA
RNASET2,RNASET2
SSNA1,SSNA1
EIF4EBP3,EIF4EBP3
OASL,OASL
AOC3,AOC3
DCHS1,DCHS1
PTCH2,PTCH2
KCNK5,KCNK5
CHRD,CHRD
ABCB11,ABCB11
NCOA1,NCOA1
LAMTOR3,LAMTOR3
NUMB,NUMB
SOCS1,SOCS1
DDX3Y,DDX3Y
PDE5A,PDE5A
DYNLL1,DYNLL1
TNKS,TNKS
ALDH4A1,ALDH4A1
IRS2,IRS2
EIF3A,EIF3A
EIF3B,EIF3B
EIF3C,EIF3C
EIF3D,EIF3D
EIF3F,EIF3F
EIF3G,EIF3G
EIF3H,EIF3H
EIF3I,EIF3I
EIF3J,EIF3J
SLC4A4,SLC4A4
EIF4G3,EIF4G3
VAMP8,VAMP8
VAMP4,VAMP4
STX16,STX16
STX11,STX11
BECN1,BECN1
PEA15,PEA15
SRSF9,SRSF9
MARCO,MARCO
KRT36,KRT36
JRKL,JRKL
HYAL2,HYAL2
GALNT4,GALNT4
DGAT1,DGAT1
CDC23,CDC23
S1PR4,S1PR4
DNAH11,DNAH11
B4GALT4,B4GALT4
B4GALT3,B4GALT3
B4GALT2,B4GALT2
B3GALT4,B3GALT4
B3GALNT1,B3GALNT1
B3GALT2,B3GALT2
B3GALT1,B3GALT1
SERPINB7,SERPINB7
TNK1,TNK1
ABCC3,ABCC3
NOL4,NOL4
TRADD,TRADD
TNFRSF25,TNFRSF25
MBTPS1,MBTPS1
EDF1,EDF1
CTSF,CTSF
SNX4,SNX4
SNX3,SNX3
URI1,URI1
EED,EED
CTNNAL1,CTNNAL1
ADAM19,ADAM19
GBF1,GBF1
RNMT,RNMT
RNGTT,RNGTT
GPAA1,GPAA1
MYH13,MYH13
MYOM1,MYOM1
RIPK1,RIPK1
CRADD,CRADD
HRK,HRK
TNFSF14,TNFSF14
TNFSF13,TNFSF13
TNFSF12,TNFSF12
TNFSF10,TNFSF10
TNFSF9,TNFSF9
ADAM23,ADAM23
ADAM21,ADAM21
ADAM18,ADAM18
ADAM15,ADAM15
ADAM9,ADAM9
ADAM7,ADAM7
CDS2,CDS2
PABPC4,PABPC4
CD164,CD164
TNFRSF14,TNFRSF14
RAB11A,RAB11A
RIPK2,RIPK2
FADD,FADD
SNAP23,SNAP23
NAPG,NAPG
NAPA,NAPA
MTMR1,MTMR1
MPDZ,MPDZ
RIOK3,RIOK3
TNFRSF18,TNFRSF18
MATN4,MATN4
RGS11,RGS11
RGS9,RGS9
DLK1,DLK1
FBP2,FBP2
FPGT,FPGT
TNFRSF11A,TNFRSF11A
SCEL,SCEL
DYRK4,DYRK4
PEX11B,PEX11B
PEX11A,PEX11A
SUCLG2,SUCLG2
SUCLG1,SUCLG1
SUCLA2,SUCLA2
CREG1,CREG1
TRIM24,TRIM24
IL18RAP,IL18RAP
IL36R,IL1RL2
IL18R1,IL18R1
GALR2,GALR2
CCNK,CCNK
DPM1,DPM1
CDKL1,CDKL1
BANF1,BANF1
DCAF5,DCAF5
FGF18,FGF18
DPM2,DPM2
SAP30,SAP30
HESX1,HESX1
INPP4B,INPP4B
FGF17,FGF17
FGF16,FGF16
CES2,CES2
LIN7A,LIN7A
IQGAP1,IQGAP1
NRP2,NRP2
NRP1,NRP1
SYNGAP1,SYNGAP1
CD84,CD84
GMPS,GMPS
TMEM11,TMEM11
SOCS2,SOCS2
GGH,GGH
CFLAR,CFLAR
CCN6,CCN6
CCN5,CCN5
CCN4,CCN4
HDAC3,HDAC3
PROM1,PROM1
KSR1,KSR1
ALKBH1,ALKBH1
TSC22D1,TSC22D1
KAT2B,KAT2B
CDK5R1,CDK5R1
AKAP4,AKAP4
ASAP2,ASAP2
ALDH1A2,ALDH1A2
NR1I2,NR1I2
PROZ,PROZ
WHR1,WHR1
LDB1,LDB1
APLN,APLN
PER3,PER3
PER2,PER2
SYNJ1,SYNJ1
ST3GAL5,ST3GAL5
IER3,IER3
SYNJ2,SYNJ2
CDC123,CDC123
ARHGEF7,ARHGEF7
VNN1,VNN1
SPHK1,SPHK1
SQSTM1,SQSTM1
SGPL1,SGPL1
FUBP1,FUBP1
CDC16,CDC16
ZPR1,ZPR1
NAE1,NAE1
SLC5A6,SLC5A6
DDX18,DDX18
TAX1BP1,TAX1BP1
MCM3AP,MCM3AP
EIF2B4,EIF2B4
EIF2B3,EIF2B3
EIF2B2,EIF2B2
EIF2B5,EIF2B5
EIF2S2,EIF2S2
CPNE3,CPNE3
BUD31,BUD31
MTMR3,MTMR3
MTMR2,MTMR2
PRP4K,PRPF4B
CCNA1,CCNA1
CPNE1,CPNE1
AP1S2,AP1S2
AP1G2,AP1G2
AP1M1,AP1M1
ENDOU,ENDOU
SGCE,SGCE
CACNA1I,CACNA1I
CACNA1H,CACNA1H
CACNA1G,CACNA1G
TIMELESS,TIMELESS
BCL10,BCL10
HERC3,HERC3
HERC2,HERC2
HERC1,HERC1
SNURF,SNURF
BSN,BSN
FOXH1,FOXH1
PHOX2B,PHOX2B
MBD4,MBD4
MBD2,MBD2
RAB29,RAB29
SKAP2,SKAP2
WASF1,WASF1
BAIAP3,BAIAP3
FUBP3,FUBP3
TOP3B,TOP3B
CDK5R2,CDK5R2
KYNU,KYNU
AP3D1,AP3D1
BTRC,BTRC
H1-10,H1F10
MGAM,MGAM
CHRNA6,CHRNA6
P4HA2,P4HA2
USP13,USP13
WASL,WASL
PLOD3,PLOD3
RPS6KA4,RPS6KA4
STBD1,STBD1
HSPB3,HSPB3
TRPA1,TRPA1
SELENBP1,SELENBP1
ATP6V0E1,ATP6V0E1
PGLYRP1,PGLYRP1
LIMD1,LIMD1
TNFSF18,TNFSF18
NOL3,NOL3
KALRN,KALRN
CDKL2,CDKL2
HAP1,HAP1
F2RL3,F2RL3
TAF1C,TAF1C
TAF1B,TAF1B
TAF1A,TAF1A
SLC25A14,SLC25A14
MPZL1,MPZL1
MAP3K14,MAP3K14
SOCS3,SOCS3
CLIC3,CLIC3
CH25H,CH25H
BRSK2,BRSK2
RNF8,RNF8
HIP1R,HIP1R
RHBDL1,RHBDL1
BAZ1B,BAZ1B
TM4SF5,TM4SF5
PKD2L1,PKD2L1
CCRL2,CCRL2
SEMA5A,SEMA5A
TAAR5,TAAR5
UBA3,UBA3
UBE2M,UBE2M
SPAG9,SPAG9
BTAF1,BTAF1
RPL14,RPL14
DOK2,DOK2
SH2D2A,SH2D2A
ARTN,ARTN
AIP,AIP
PSTPIP2,PSTPIP2
PSTPIP1,PSTPIP1
GPRC5A,GPRC5A
MAP7,MAP7
NFS1,NFS1
PRC1,PRC1
SLC7A7,SLC7A7
SLC7A6,SLC7A6
SLC13A2,SLC13A2
PAPSS2,PAPSS2
PAPSS1,PAPSS1
PIAS2,PIAS2
MAP3K6,MAP3K6
SYT7,SYT7
ANGPTL1,ANGPTL1
CLDN12,CLDN12
ASH2L,ASH2L
CLDN10,CLDN10
CLDN8,CLDN8
CLDN6,CLDN6
CLDN2,CLDN2
CLDN1,CLDN1
LDB2,LDB2
CLDN9,CLDN9
PKMYT1,PKMYT1
PIGQ,PIGQ
SART1,SART1
DNAJA3,DNAJA3
UNC119,UNC119
TBX19,TBX19
TBX18,TBX18
USP14,USP14
USP2,USP2
USP10,USP10
USP8,USP8
RGN,RGN
MTMR6,MTMR6
MTMR7,MTMR7
MTMR4,MTMR4
NMI,NMI
MTA1,MTA1
LATS1,LATS1
ATP6V0D1,ATP6V0D1
SEC22C,SEC22C
INA,INA
KRT75,KRT75
SLC16A6,SLC16A6
SLC16A5,SLC16A5
SLC16A4,SLC16A4
SLC16A3,SLC16A3
PDLIM1,PDLIM1
CNOT9,CNOT9
SMC3,SMC3
P2RX6,P2RX6
PRPF4,PRPF4
PRPF3,PRPF3
FAM50A,FAM50A
AIFM1,AIFM1
KCNQ4,KCNQ4
CCNB2,CCNB2
CCNE2,CCNE2
RABEP1,RABEP1
RRP9,RRP9
ARHGEF1,ARHGEF1
CBFA2T2,CBFA2T2
ATG12,ATG12
PDCD5,PDCD5
SYNGR3,SYNGR3
SYNGR2,SYNGR2
SYNGR1,SYNGR1
HGS,HGS
NEMF,NEMF
NEURL1,NEURL1
DYRK1B,DYRK1B
CTDP1,CTDP1
SLC6A5,SLC6A5
SLC28A2,SLC28A2
SLC28A1,SLC28A1
EXO1,EXO1
FIBP,FIBP
PCSK7,PCSK7
DGKI,DGKI
EBAG9,EBAG9
COX7A2L,COX7A2L
TMSB10,TMSB10
SCAF11,SCAF11
LPAR2,LPAR2
MYOM2,MYOM2
IL33R,IL1RL1
MAP3K13,MAP3K13
HTR3B,HTR3B
AP4M1,AP4M1
OSMR,OSMR
ARHGEF2,ARHGEF2
RASSF9,RASSF9
ZW10,ZW10
BUB3,BUB3
REPS2,REPS2
SLC24A1,SLC24A1
DDX21,DDX21
DEDD,DEDD
SLC16A7,SLC16A7
KCNAB3,KCNAB3
SLC33A1,SLC33A1
HACD1,HACD1
DCLK1,DCLK1
ZMYM4,ZMYM4
ZMYM3,ZMYM3
ZMYM6,ZMYM6
ZMYM5,ZMYM5
LRRFIP1,LRRFIP1
LRRFIP2,LRRFIP2
BMP15,BMP15
LGI1,LGI1
AURKB,AURKB
XPR1,XPR1
FCMR,FCMR
LARGE1,LARGE1
VAPB,VAPB
VAPA,VAPA
MTA2,MTA2
NOLC1,NOLC1
MAGI1,MAGI1
LRAT,LRAT
DLGAP2,DLGAP2
DLGAP1,DLGAP1
RAB11B,RAB11B
DLG5,DLG5
PTTG1,PTTG1
CCPG1,CCPG1
TBRG4,TBRG4
PNMA1,PNMA1
NOG,NOG
MSC,MSC
CRLF1,CRLF1
GCNT3,GCNT3
UBE2L6,UBE2L6
GCM2,GCM2
GPR50,GPR50
DHRS3,DHRS3
RPS6KA5,RPS6KA5
NUMBL,NUMBL
CACNA2D2,CACNA2D2
AIMP1,AIMP1
TSPOAP1,TSPOAP1
MFHAS1,MFHAS1
PDLIM7,PDLIM7
MAPKAPK2,MAPKAPK2
STK17B,STK17B
CYTH3,CYTH3
CYTH2,CYTH2
CYTH1,CYTH1
ITGB1BP1,ITGB1BP1
PIWIL1,PIWIL1
BCL7C,BCL7C
BCL7B,BCL7B
COPB2,COPB2
WDR46,WDR46
ZBTB22,ZBTB22
MED14,MED14
GPR37L1,GPR37L1
TAAR2,TAAR2
ADGRG1,ADGRG1
GPR55,GPR55
GPR52,GPR52
S1PR2,S1PR2
SRSF11,SRSF11
ATP6V1F,ATP6V1F
SOCS6,SOCS6
CD83,CD83
ZNF235,ZNF235
ASIC3,ASIC3
KCNB2,KCNB2
MMP20,MMP20
KLF4,KLF4
NREP,NREP
PTER,PTER
COPS2,COPS2
TRIP13,TRIP13
TRIP12,TRIP12
TRIP11,TRIP11
TRIP10,TRIP10
HMGN3,HMGN3
TRIP4,TRIP4
ZNHIT3,ZNHIT3
GTF3C5,GTF3C5
GTF3C4,GTF3C4
GTF3C3,GTF3C3
B4GALT6,B4GALT6
CD163,CD163
TGM5,TGM5
B4GALT5,B4GALT5
CNOT8,CNOT8
TCEAL1,TCEAL1
GLP2R,GLP2R
VAMP3,VAMP3
SNAP29,SNAP29
EFTUD2,EFTUD2
TAOK2,TAOK2
NDST3,NDST3
RPL23,RPL23
CER1,CER1
NHERF2,NHERF2
TXNL1,TXNL1
SLIT2,SLIT2
UBE4A,UBE4A
LHX2,LHX2
SLC22A6,SLC22A6
ITGBL1,ITGBL1
PPIG,PPIG
LONP1,LONP1
CPNE6,CPNE6
RAB33A,RAB33A
RAB28,RAB28
KL,KL
RAB9A,RAB9A
NHERF1,NHERF1
NRXN3,NRXN3
ADIPOQ,ADIPOQ
KIF3B,KIF3B
ZFYVE9,ZFYVE9
PLAA,PLAA
PPT2,PPT2
TM9SF2,TM9SF2
SLC22A8,SLC22A8
COX5A,LOC148004154
NRXN1,NRXN1
NRXN2,NRXN2
GRHPR,GRHPR
OTOF,OTOF
COG1,COG1
LIPG,LIPG
SLC22A14,SLC22A14
SLC22A13,SLC22A13
CIAO1,CIAO1
TGFBRAP1,TGFBRAP1
HS6ST1,HS6ST1
NMT2,NMT2
CD101,CD101
STOML1,STOML1
RECQL5,RECQL5
RECQL4,RECQL4
GRAP2,GRAP2
SELENOF,SELENOF
LPXN,LPXN
ZRANB2,ZRANB2
TMPRSS11D,TMPRSS11D
PEX16,PEX16
SNRNP40,SNRNP40
ARHGAP29,ARHGAP29
MED21,MED21
ENTREP1,ENTREP1
TJP2,TJP2
FADS2,FADS2
DDX23,DDX23
CRIPT,CRIPT
CYP7B1,CYP7B1
HAND1,HAND1
NTN1,NTN1
KCNK6,KCNK6
CDYL,CDYL
ECEL1,ECEL1
ABCG2,ABCG2
CHST2,CHST2
NCR1,NCR1
MED23,MED23
MED17,MED17
MED26,MED26
MED27,MED27
MED7,MED7
QKI,QKI
ITM2B,ITM2B
GSTO1,GSTO1
AIM2,AIM2
MAP4K4,MAP4K4
LY86,LY86
EIF2AK3,EIF2AK3
ITM2A,ITM2A
GGPS1,GGPS1
HOMER3,HOMER3
HOMER2,HOMER2
HOMER1,HOMER1
FHL5,FHL5
ARHGEF6,ARHGEF6
RASAL2,RASAL2
PICK1,PICK1
HAND2,HAND2
AKAP7,AKAP7
IL27RA,IL27RA
SH3BP5,SH3BP5
PCYT1B,PCYT1B
CHST3,CHST3
EIF4E2,EIF4E2
AKAP6,AKAP6
THEMIS2,THEMIS2
ATG5,ATG5
ROCK2,ROCK2
NAPSA,NAPSA
MED20,MED20
CABP1,CABP1
MAPK8IP1,MAPK8IP1
ONECUT2,ONECUT2
SLC25A27,SLC25A27
STX8,STX8
CHST10,CHST10
PIGL,PIGL
PIGB,PIGB
PGS1,PGS1
PSMF1,PSMF1
KIF23,KIF23
AKAP5,AKAP5
TBX4,TBX4
SLC4A7,SLC4A7
SLC4A8,SLC4A8
MYOT,MYOT
MAGED1,MAGED1
RPH3AL,RPH3AL
ADAMTS4,ADAMTS4
ADAMTS3,ADAMTS3
ADAMTS2,ADAMTS2
ADAMTS1,ADAMTS1
PMPCB,PMPCB
FXR2,FXR2
GAL3ST1,GAL3ST1
STXBP5L,STXBP5L
LITAF,LITAF
SPTLC2,SPTLC2
GDF15,GDF15
TBPL1,TBPL1
NPEPPS,NPEPPS
EEF1E1,EEF1E1
SCAMP1,SCAMP1
TECR,TECR
VPS4B,VPS4B
MPDU1,MPDU1
GOSR1,GOSR1
TMEM59,TMEM59
BAG5,BAG5
BAG4,BAG4
BAG3,BAG3
BAG2,BAG2
POLR1C,POLR1C
ZNF254,ZFP470
GMFG,GMFG
PTGES,PTGES
TP53I11,TP53I11
EI24,EI24
CIRSR,CIRSR
NRG2,NRG2
IGDCC3,IGDCC3
RAB3D,RAB3D
APBA3,APBA3
CXCL14,CXCL14
ATP6V1G1,ATP6V1G1
ATP5MF,ATP5MF
SPAG7,SPAG7
MRPL33,MRPL33
SEC22B,SEC22B
MACROH2A1,MACROH2A1
ATP5MJ,ATP5MJ
CHD1L,CHD1L
VPS26A,VPS26A
MINPP1,MINPP1
H6PD,H6PD
BCAR1,BCAR1
GTPBP1,GTPBP1
GABBR2,GABBR2
GTF2IRD1,GTF2IRD1
GOSR2,GOSR2
NR1D1,NR1D1
GDF3,GDF3
CLOCK,CLOCK
SPAG6,SPAG6
BABAM2,BABAM2
CDC42BPB,CDC42BPB
SOX13,SOX13
PREPL,PREPL
ENTPD4,ENTPD4
RBM39,RBM39
KIF20B,KIF20B
CREB5,CREB5
MAD2L1BP,MAD2L1BP
PRDX6,PRDX6
WTAP,WTAP
AKAP12,AKAP12
IER2,IER2
CYTIP,CYTIP
OR1R1,OR1R1
PITPNM1,PITPNM1
PDIA4,PDIA4
NFE2L3,NFE2L3
RNF14,RNF14
VPS9D1,VPS9D1
CARTPT,CARTPT
RAB36,RAB36
RIN1,RIN1
NCOR1,NCOR1
NCOR2,NCOR2
GDA,GDA
RNF7,RNF7
MTRF1,MTRF1
TRAF4,TRAF4
ABCG1,ABCG1
CELSR1,CELSR1
KLK4,KLK4
LMTK1,AATK
SNCAIP,SNCAIP
RGS6,RGS6
GNA14,GNA14
NUP155,NUP155
SEC24C,SEC24C
TESMIN,TESMIN
CLCA2,CLCA2
ISG15,ISG15
FEZ2,FEZ2
FEZ1,FEZ1
ARHGEF10,ARHGEF10
ZNF592,ZFP592
IKBKE,IKBKE
MORF4L2,MORF4L2
SH3PXD2A,SH3PXD2A
MICAL2,MICAL2
CTR9,CTR9
PPM1F,PPM1F
GCC2,GCC2
RALGPS1,RALGPS1
MTFR1,MTFR1
PLCH2,PLCH2
SKIC3,SKIC3
HS2ST1,HS2ST1
TTLL4,TTLL4
SOCS5,SOCS5
MDC1,MDC1
IQCB1,IQCB1
ZNF516,ZFP516
PDE4DIP,PDE4DIP
CEP135,CEP135
LPIN2,LPIN2
MARF1,MARF1
DZIP3,DZIP3
SAFB2,SAFB2
EIF5B,EIF5B
IPO13,IPO13
WSCD2,WSCD2
SDC3,SDC3
SLC25A44,SLC25A44
KIAA0040,KIAA0040
TTI1,TTI1
PPIP5K1,PPIP5K1
PHF14,PHF14
FAM53B,FAM53B
DEPDC5,DEPDC5
KDM4A,KDM4A
N4BP1,N4BP1
LRRC14,LRRC14
CLINT1,CLINT1
VGLL4,VGLL4
GREB1,GREB1
NUP93,NUP93
BZW1,BZW1
UBE3C,UBE3C
PRORP,PRORP
RAPGEF2,RAPGEF2
EMC2,EMC2
EDEM1,EDEM1
CROCC,CROCC
TRAM2,TRAM2
PUM1,PUM1
RIMS2,RIMS2
ESPL1,ESPL1
PPP6R2,PPP6R2
CEP57,CEP57
BLTP2,BLTP2
DHX34,DHX34
ST18,ST18
ULK2,ULK2
PCDHGA8,PCDHGA8
HERPUD1,HERPUD1
GARRE1,GARRE1
RUBCN,RUBCN
USP6NL,USP6NL
FAM131B,FAM131B
AQR,AQR
SEC14L5,SEC14L5
ECE2,ECE2
ADAMTSL2,ADAMTSL2
GPRIN2,GPRIN2
NOS1AP,NOS1AP
SEMA3E,SEMA3E
TMEM63A,TMEM63A
ZNF646,ZFP646
RAB11FIP3,RAB11FIP3
SECISBP2L,SECISBP2L
KIAA0408,9330159F19RIKL
DCAF1,DCAF1
CEP104,CEP104
DOCK4,DOCK4
SART3,SART3
HDAC9,HDAC9
KNTC1,KNTC1
USP34,USP34
GPRASP1,GPRASP1
CCP110,CCP110
SETD1A,SETD1A
LAPTM4A,LAPTM4A
IFT140,IFT140
ARHGAP32,ARHGAP32
ACAP1,ACAP1
ZNF536,ZFP536
CLSTN3,CLSTN3
TCAF1,TCAF1
SLK,SLK
PHACTR2,PHACTR2
RIPOR2,RIPOR2
SNPH,SNPH
ZSCAN12,ZSCAN12
STARD8,STARD8
TBKBP1,TBKBP1
KMT2B,KMT2B
FRMPD4,FRMPD4
HDAC4,HDAC4
TOX,TOX
MLEC,MLEC
LZTS3,LZTS3
KIAA0513,6430548M08RIKL
ZFYVE16,ZFYVE16
SUSD6,SUSD6
JADE3,JADE3
PCLAF,PCLAF
RASSF2,RASSF2
RAPGEF5,RAPGEF5
TMEM94,TMEM94
BCLAF1,BCLAF1
EIF4A3,EIF4A3
ATG13,ATG13
TM9SF4,TM9SF4
KIAA0232,KIAA0232
TBC1D5,TBC1D5
PIEZO1,PIEZO1
RNF144A,RNF144A
MATR3,MATR3
RIMS3,RIMS3
SNX17,SNX17
DHX38,DHX38
KIAA0586,KIAA0586
DLGAP5,DLGAP5
MTSS1,MTSS1
SPCS2,SPCS2
BMS1,BMS1
PTDSS1,PTDSS1
SERTAD2,SERTAD2
CKAP5,CKAP5
MAML1,MAML1
PHYHIP,PHYHIP
TATDN2,TATDN2
IST1,IST1
MRPL19,MRPL19
DAZAP2,DAZAP2
TOMM20,TOMM20
SCRN1,SCRN1
SPOCK2,SPOCK2
IP6K1,IP6K1
RNF40,RNF40
CTIF,CTIF
DELE1,DELE1
EFCAB14,EFCAB14
SFI1,SFI1
GIT2,GIT2
URB2,URB2
KEAP1,KEAP1
NUP58,NUP58
TSC22D2,TSC22D2
CUL7,CUL7
RB1CC1,RB1CC1
ARMCX2,ARMCX2
ARHGAP11A,ARHGAP11A
SPATA2,SPATA2
ARHGEF11,ARHGEF11
RGP1,RGP1
ARHGEF17,ARHGEF17
DNAJC6,DNAJC6
TRIM14,TRIM14
ZNF623,ZFP623
JAKMIP2,JAKMIP2
MELK,MELK
LCMT2,LCMT2
GINS1,GINS1
ZEB2,ZEB2
ZBTB24,ZBTB24
PLEKHM1,PLEKHM1
HEPH,HEPH
ELMO1,ELMO1
GAB2,GAB2
C2CD5,C2CD5
MFAP3L,MFAP3L
ZNF518A,ZFP518A
KIAA0753,4933427D14RIKL
EPM2AIP1,EPM2AIP1
RUSC2,RUSC2
C2CD2L,C2CD2L
FARP2,FARP2
KIAA0319,KIAA0319
CEP350,CEP350
PPP1R26,PPP1R26
CEP170,CEP170
LRIG2,LRIG2
PSMD6,PSMD6
MED24,MED24
MAGI2,MAGI2
TRIL,TRIL
TRIM66,TRIM66
PJA2,PJA2
TOMM70,TOMM70
SETDB1,SETDB1
AREL1,AREL1
SEC24D,SEC24D
FCHSD2,FCHSD2
TLK1,TLK1
URB1,URB1
ZC3H11A,ZC3H11A
TOX4,TOX4
DDX46,DDX46
ZBTB39,ZBTB39
TRANK1,TRANK1
TBC1D4,TBC1D4
POM121,POM121
OSBPL2,OSBPL2
RHOBTB1,RHOBTB1
SMG7,SMG7
ZBED4,ZBED4
PLPPR4,PLPPR4
NUAK1,NUAK1
SNAP91,SNAP91
TELO2,TELO2
TECPR2,TECPR2
FIG4,FIG4
WASHC5,WASHC5
UBAP2L,UBAP2L
SV2B,SV2B
SV2A,SV2A
SRGAP3,SRGAP3
MRC2,MRC2
KLHL21,KLHL21
RBM19,RBM19
SGSM2,SGSM2
AP5Z1,AP5Z1
G3BP2,G3BP2
DENND4B,DENND4B
RABGAP1L,RABGAP1L
TMCC2,TMCC2
ARHGAP44,ARHGAP44
SUPT7L,SUPT7L
ATP2C2,ATP2C2
ARNT2,ARNT2
FAM20B,FAM20B
NCAPD2,NCAPD2
SEC16A,SEC16A
KBTBD11,KBTBD11
RNF10,RNF10
IQSEC1,IQSEC1
ZBTB40,ZBTB40
PAN2,PAN2
ZBTB5,ZBTB5
LPGAT1,LPGAT1
MFN2,MFN2
KIF14,KIF14
JOSD1,JOSD1
HELZ,HELZ
PUM3,PUM3
P2RY14,P2RY14
MAFB,MAFB
CD302,CD302
DCLRE1A,DCLRE1A
ARHGAP25,ARHGAP25
RBM8A,RBM8A
DLEC1,DLEC1
EXOG,EXOG
XYLB,XYLB
OXSR1,OXSR1
GFPT2,GFPT2
CRYZL1,CRYZL1
WDR1,WDR1
AMMECR1,AMMECR1
GOLGA5,GOLGA5
HS3ST4,HS3ST4
HS3ST3B1,HS3ST3B1
HS3ST3A1,HS3ST3A1
HS3ST2,HS3ST2
HS3ST1,HS3ST1
USP15,USP15
USP3,USP3
MVP,MVP
SLC23A2,SLC23A2
SLC23A1,SLC23A1
FGF19,FGF19
TNFSF15,TNFSF15
THRAP3,THRAP3
MED12,MED12
MED13,MED13
NR1I3,NR1I3
NR1H4,NR1H4
NUP153,NUP153
CCS,CCS
NR1D2,NR1D2
RBX1,RBX1
DOP1B,DOP1B
THOC1,THOC1
REC8,REC8
RCE1,RCE1
HNRNPDL,HNRNPDL
DMTF1,DMTF1
PPP4R1,PPP4R1
SLC12A6,SLC12A6
PTBP3,PTBP3
KCNE2,KCNE2
DGCR2,DGCR2
CASP8AP2,CASP8AP2
SCO2,SCO2
AKT3,AKT3
MED6,MED6
NR2E3,NR2E3
NAALAD2,NAALAD2
NAALADL1,NAALADL1
ACOT8,ACOT8
ABI1,ABI1
GNPDA1,GNPDA1
KCNE3,KCNE3
ZBTB33,ZBTB33
TANK,TANK
SRA1,SRA1
HDAC6,HDAC6
HDAC5,HDAC5
PDCD6IP,PDCD6IP
PDCD6,PDCD6
BCL2L10,BCL2L10
BCL2L11,BCL2L11
SH2B3,SH2B3
GNE,GNE
HCN4,HCN4
INSL5,INSL5
FRAT1,FRAT1
TROAP,TROAP
MED16,MED16
PIGK,PIGK
CHAF1A,CHAF1A
PARP2,PARP2
PARP3,PARP3
TOM1L1,TOM1L1
HMGXB4,HMGXB4
TOM1,TOM1
SH2D3C,SH2D3C
CST8,CST8
RANBP9,RANBP9
DNAJB6,DNAJB6
SLC17A4,SLC17A4
SMC4,SMC4
GJC1,GJC1
AP1M2,AP1M2
UBA2,UBA2
SAE1,SAE1
FARSB,FARSB
ABCC5,ABCC5
ABCB6,ABCB6
DNM1L,DNM1L
ABCC9,ABCC9
ABCF2,ABCF2
NR1H3,NR1H3
COX17,COX17
SCAMP2,SCAMP2
SCAMP3,SCAMP3
IL18BP,IL18BP
RWDD2B,RWDD2B
MUC12,MUC12
DPP3,DPP3
SNUPN,SNUPN
HUWE1,HUWE1
PTPRU,PTPRU
TSPAN32,TSPAN32
TSSC4,TSSC4
ATP9A,ATP9A
PDCD7,PDCD7
GPC6,GPC6
USH1C,USH1C
PQBP1,PQBP1
EDIL3,EDIL3
HHLA1,HHLA1
CERT1,CERT1
KCNK7,KCNK7
UST,UST
ARPC5,ARPC5
ARPC4,ARPC4
ARPC3,ARPC3
ARPC1B,ARPC1B
ACTR3,ACTR3
ACTR2,ACTR2
TSPAN5,TSPAN5
TSPAN3,TSPAN3
TSPAN2,TSPAN2
NUBP2,NUBP2
TSFM,TSFM
TSPAN1,TSPAN1
PPIF,PPIF
CTDSP2,CTDSP2
TRIM10,TRIM10
ARPC2,ARPC2
SGK2,SGK2
RAD50,RAD50
KIF20A,KIF20A
PREB,PREB
HIPK3,HIPK3
FEM1B,FEM1B
ENAM,ENAM
ACTR1B,ACTR1B
ACTR1A,ACTR1A
ARL4C,ARL4C
ARL4A,ARL4A
RASGRP1,RASGRP1
DNAL4,DNAL4
ZNF263,ZFP263
LRPPRC,LRPPRC
FRY,FRY
PDIA6,PDIA6
TRAP1,TRAP1
OPTN,OPTN
BCAP31,BCAP31
NAMPT,NAMPT
RBM12,RBM12
YAF2,YAF2
ARFRP1,ARFRP1
TOB1,TOB1
AKAP9,AKAP9
CLEC3A,CLEC3A
FAM13A,FAM13A
G3BP1,G3BP1
SUGP2,SUGP2
EBI3,EBI3
ADGRG2,ADGRG2
MBNL2,MBNL2
ABI2,ABI2
CEBPZ,CEBPZ
PLXNC1,PLXNC1
TRIM28,TRIM28
RASA4,RASA4
AASS,AASS
PDZK1IP1,PDZK1IP1
ATP6AP2,ATP6AP2
FARP1,FARP1
LPAR6,LPAR6
LPCAT3,LPCAT3
WASF2,WASF2
CHST4,CHST4
SLC25A13,SLC25A13
SLC25A15,SLC25A15
SERF2,SERF2
DHRS9,DHRS9
RCL1,RCL1
SORBS3,SORBS3
CNIH1,CNIH1
TENM1,TENM1
RBM7,RBM7
RBM6,RBM6
RBM5,RBM5
LHFPL2,LHFPL2
LHFPL6,LHFPL6
TNK2,TNK2
ALYREF,ALYREF
TXNDC9,TXNDC9
RNF41,RNF41
TSHZ1,TSHZ1
ALG3,ALG3
PRMT3,PRMT3
PSME3,PSME3
MPHOSPH9,MPHOSPH9
MPHOSPH10,MPHOSPH10
MPHOSPH6,MPHOSPH6
NME6,NME6
DHRS2,DHRS2
CALCRL,CALCRL
NUTF2,NUTF2
MPZL2,MPZL2
TRIM13,TRIM13
PATJ,PATJ
USPL1,USPL1
EIF1,EIF1
TOPORS,TOPORS
FLOT1,FLOT1
DDX39A,DDX39A
PSMD14,PSMD14
OLIG2,OLIG2
PRG4,PRG4
CTDSPL,CTDSPL
ANGPTL7,ANGPTL7
GDF11,GDF11
TRIB1,TRIB1
GPA33,GPA33
CD96,CD96
PLIN3,PLIN3
SLC75A1,SLC75A1
STX6,STX6
COQ7,COQ7
RCAN2,RCAN2
MSLN,MSLN
LRRC23,LRRC23
LRRC17,LRRC17
RASGRP2,RASGRP2
HNRNPR,HNRNPR
SLC35B1,SLC35B1
DCAF7,DCAF7
AP3S2,AP3S2
MRPS31,MRPS31
CALCOCO2,CALCOCO2
KCNMB2,KCNMB2
GPHN,GPHN
RABEPK,RABEPK
TIMM17B,TIMM17B
SLC17A2,SLC17A2
RIDA,RIDA
POP7,POP7
GLYAT,GLYAT
SRRM1,SRRM1
SPRY3,SPRY3
SPRY1,SPRY1
SPRY2,SPRY2
STAM2,STAM2
CNKSR1,CNKSR1
ABCC4,ABCC4
DENND4A,DENND4A
IGSF6,IGSF6
SF3B4,SF3B4
CDK2AP2,CDK2AP2
IRX5,IRX5
RAMP2,RAMP2
RAMP1,RAMP1
RAMP3,RAMP3
ZMPSTE24,ZMPSTE24
AKAP8,AKAP8
FSTL3,FSTL3
STUB1,STUB1
STAG1,STAG1
NET1,NET1
UBE4B,UBE4B
EFS,EFS
PRSS16,PRSS16
SIGMAR1,SIGMAR1
BET1,BET1
CWC27,CWC27
SAP18,SAP18
SMNDC1,SMNDC1
BCAS2,BCAS2
RGS19,RGS19
EIF1B,EIF1B
SPEG,SPEG
SF3A1,SF3A1
TRAIP,TRAIP
DNAJA2,DNAJA2
BCKDK,BCKDK
MAEA,MAEA
APC2,APC2
PAK4,PAK4
MARCHF6,MARCHF6
KATNB1,KATNB1
SNAPC5,SNAPC5
APBB3,APBB3
CCNO,CCNO
VPS26C,VPS26C
TCIRG1,TCIRG1
RTN3,RTN3
LANCL1,LANCL1
NMUR1,NMUR1
B3GALT5,B3GALT5
TNIP1,TNIP1
LAMC3,LAMC3
IKZF1,IKZF1
CRISP3,CRISP3
SMYD5,SMYD5
KLHL41,KLHL41
RRAGB,RRAGB
AKR1A1,AKR1A1
EMC8,EMC8
RXYLT1,RXYLT1
CNPY2,CNPY2
B3GNT3,B3GNT3
CLEC4M,CLEC4M
TLR6,TLR6
IRAG1,IRAG1
PCGF3,PCGF3
TFG,TFG
PKDREJ,PKDREJ
CCL26,CCL26
TRDN,TRDN
ABCA7,ABCA7
ABCA9,ABCA9
ABCA8,ABCA8
WARS2,WARS2
NPM3,NPM3
NPM2,NPM2
HMG20B,HMG20B
HMG20A,HMG20A
KLF2,KLF2
MICU1,MICU1
CACNG3,CACNG3
CACNG2,CACNG2
CITED2,CITED2
SEMA3A,SEMA3A
TUBA1B,TUBA1B
IRF9,IRF9
BPNT1,BPNT1
TUBB3,TUBB3
TUBB4A,TUBB4A
TUBB4B,TUBB4B
BTN2A2,BTN2A2
SYCP2,SYCP2
CEPT1,CEPT1
CORO2B,CORO2B
NOD1,NOD1
ANAPC10,ANAPC10
PRG3,PRG3
DLC1,DLC1
ATP8A1,ATP8A1
NDRG1,NDRG1
MYL9,MYL9
RACK1,RACK1
PEMT,PEMT
PIAS3,PIAS3
ST3GAL6,ST3GAL6
NDC80,NDC80
CPQ,CPQ
WFDC2,WFDC2
SPAG11B,SPAG11B
BASP1,BASP1
IFITM3,IFITM3
RAPGEF3,RAPGEF3
NSA2,NSA2
YAP1,YAP1
SPON2,SPON2
SPON1,SPON1
PRMT5,PRMT5
TESK2,TESK2
CD2BP2,CD2BP2
UBAC1,UBAC1
CDIPT,CDIPT
PGRMC2,PGRMC2
ARIH2,ARIH2
TUBGCP3,TUBGCP3
SEC24B,SEC24B
CFDP1,CFDP1
TMEM147,TMEM147
LYPLA1,LYPLA1
CDC42EP2,CDC42EP2
EMG1,EMG1
IFI30,IFI30
C1D,C1D
OLFM1,OLFM1
TIMM17A,TIMM17A
N4BP2L2,N4BP2L2
ZER1,ZER1
MCRS1,MCRS1
LRRN2,LRRN2
FAM3C,FAM3C
ACAA2,ACAA2
PPIE,PPIE
VAV3,VAV3
TOMM40,TOMM40
TAB1,TAB1
ECI2,ECI2
HAX1,HAX1
GPNMB,GPNMB
BAIAP2,BAIAP2
MAD2L2,MAD2L2
TACC3,TACC3
MERTK,MERTK
CLEC10A,CLEC10A
SLC30A9,SLC30A9
PIBF1,PIBF1
PPIH,PPIH
COG5,COG5
ZNHIT1,ZNHIT1
FST,FST
TIMM44,TIMM44
PFDN6,PFDN6
ZBTB18,ZBTB18
TADA3,TADA3
TRIM38,TRIM38
ATP5PD,ATP5PD
UBE2E3,UBE2E3
SLC25A17,SLC25A17
SLC9A6,SLC9A6
EIF3M,EIF3M
HOXB13,HOXB13
NXF1,NXF1
SEC23B,SEC23B
SEC23A,SEC23A
CAP2,CAP2
CAP1,CAP1
CREB3,CREB3
LRRC41,LRRC41
VTI1B,VTI1B
CRTAP,CRTAP
SYNCRIP,SYNCRIP
VAT1,VAT1
STK25,STK25
ENOX2,ENOX2
UNC13B,UNC13B
CARM1,CARM1
NCOA2,NCOA2
SEMA6C,SEMA6C
SEMA6B,SEMA6B
SEMA4F,SEMA4F
SEMA4D,SEMA4D
SEMA4B,SEMA4B
SEMA3C,SEMA3C
APPBP2,APPBP2
MYBBP1A,MYBBP1A
FBLN5,FBLN5
FBXW10,FBXW10
CIB2,CIB2
CIB1,CIB1
DDX17,DDX17
DEAF1,DEAF1
CHERP,CHERP
KAT5,KAT5
HYOU1,HYOU1
IPO8,IPO8
IPO7,IPO7
NOP56,NOP56
NEBL,NEBL
PITRM1,PITRM1
ATG7,ATG7
ZNRD2,ZNRD2
RNASEH2A,RNASEH2A
P3H3,P3H3
UBD,UBD
BATF,BATF
GLRX3,GLRX3
DCTN2,DCTN2
ANP32B,ANP32B
LAMTOR5,LAMTOR5
PROCR,PROCR
TM9SF1,TM9SF1
PRDX4,PRDX4
ARL6IP5,ARL6IP5
AGR2,AGR2
ARPC1A,ARPC1A
HTATIP2,HTATIP2
AGPAT1,AGPAT1
AGPAT2,AGPAT2
RPP30,RPP30
RPP38,RPP38
SPTLC1,SPTLC1
SLC35A1,SLC35A1
SLC19A2,SLC19A2
IFI44,IFI44
OLFM4,OLFM4
CXCL13,CXCL13
ARFGEF2,ARFGEF2
ARFGEF1,ARFGEF1
AKAP3,AKAP3
RABAC1,RABAC1
SLC34A2,SLC34A2
SLU7,SLU7
DPYSL4,DPYSL4
SIVA1,SIVA1
MRPL28,MRPL28
CCT7,CCT7
CCT4,CCT4
CCT2,CCT2
NPC2,NPC2
TACC2,TACC2
SORBS1,SORBS1
IFITM2,IFITM2
COLEC10,COLEC10
POMT1,POMT1
MAB21L2,MAB21L2
TXNRD2,TXNRD2
MTHFS,MTHFS
DRAP1,DRAP1
SCGN,SCGN
DNPH1,DNPH1
SMC2,SMC2
PRPF8,PRPF8
ERN2,ERN2
AHSA1,AHSA1
USP16,USP16
CDC42EP3,CDC42EP3
SH2B2,SH2B2
PAIP1,PAIP1
PAICS,PAICS
TBL3,TBL3
MXD4,MXD4
P3H4,P3H4
ST6GALNAC2,ST6GALNAC2
PDLIM5,PDLIM5
TRIM3,TRIM3
ERLIN1,ERLIN1
HEXIM1,HEXIM1
SPAG5,SPAG5
RBCK1,RBCK1
STAMBP,STAMBP
TGOLN2,TGOLN2
ARID3B,ARID3B
POLR3F,POLR3F
POLR3G,POLR3G
POLR3C,POLR3C
IVNS1ABP,IVNS1ABP
TRIM16,TRIM16
TXNIP,TXNIP
TAF6L,TAF6L
PDPN,PDPN
POSTN,POSTN
ATP5MG,ATP5MG
RASL10A,RASL10A
GAS2L1,GAS2L1
RAD51AP1,RAD51AP1
RGS14,RGS14
LEFTY1,LEFTY1
EXOC5,EXOC5
NPRL2,NPRL2
IGF2BP1,IGF2BP1
IGF2BP3,IGF2BP3
IGF2BP2,IGF2BP2
CAMKK2,CAMKK2
PRELID3A,PRELID3A
MTX2,MTX2
YKT6,YKT6
SPINT2,SPINT2
PMVK,PMVK
DMRT2,DMRT2
KHDRBS3,KHDRBS3
KHDRBS1,KHDRBS1
CELF1,CELF1
CELF2,CELF2
LBX1,LBX1
KLF1,KLF1
CXCR6,CXCR6
CTCF,CTCF
TSBP1,TSBP1
CD226,CD226
FARS2,FARS2
CGRRF1,CGRRF1
CGREF1,CGREF1
RRAGA,RRAGA
DCTN6,DCTN6
GNA13,GNA13
TNFSF13B,TNFSF13B
CSPG5,CSPG5
AVIL,AVIL
B3GNT2,B3GNT2
GNB5,GNB5
EBP,EBP
DLL3,DLL3
CLDN16,CLDN16
PNMA2,PNMA2
FUT9,FUT9
GMEB1,GMEB1
RRH,RRH
CCT6B,CCT6B
CCT8,CCT8
CNPY3,CNPY3
CORIN,CORIN
ENTREP3,ENTREP3
USP39,USP39
POLD3,POLD3
CERS1,CERS1
TBR1,TBR1
AP4B1,AP4B1
NRG3,NRG3
POLQ,POLQ
SLC12A7,SLC12A7
OGA,OGA
NFAT5,NFAT5
NUDC,NUDC
PTGES3,PTGES3
YME1L1,YME1L1
TCFL5,TCFL5
PLK4,PLK4
STAG3,STAG3
STAG2,STAG2
SIX2,SIX2
RBBP9,RBBP9
RAI2,RAI2
RAI1,RAI1
PHTF1,PHTF1
MAP3K2,MAP3K2
MASP2,MASP2
KIF1C,KIF1C
GRAP,GRAP
CHL1,CHL1
CAPN9,CAPN9
GIPC1,GIPC1
TRAF3IP2,TRAF3IP2
PLAC1,PLAC1
NUP50,NUP50
NES,NES
KDM5B,KDM5B
TOB2,TOB2
HBS1L,HBS1L
AHCYL1,AHCYL1
PLK2,PLK2
ZMYND11,ZMYND11
SRSF10,SRSF10
ZBTB6,ZBTB6
POP4,POP4
ARPP19,ARPP19
ARPP21,ARPP21
ZNF274,ZFP110
NEK6,NEK6
WDR4,WDR4
SLC17A3,SLC17A3
NCKAP1,NCKAP1
IQGAP2,IQGAP2
VAMP5,VAMP5
MTHFD2,MTHFD2
OR5I1,OR5I1
RPP40,RPP40
CYSLTR1,CYSLTR1
SEPTIN9,SEPTIN9
SEC24A,SEC24A
CCR9,CCR9
GJB6,GJB6
SDCCAG8,SDCCAG8
ENTR1,ENTR1
HSPH1,HSPH1
STARD10,STARD10
WASF3,WASF3
NOXA1,NOXA1
UTP14A,UTP14A
CPLX2,CPLX2
CPLX1,CPLX1
SPINT3,SPINT3
FRS3,FRS3
FRS2,FRS2
NEU3,NEU3
FAXDC2,FAXDC2
FAM114A2,FAM114A2
ZNF275,ZFP275
ALDH1L1,ALDH1L1
FTCD,FTCD
PPP1R17,PPP1R17
TUBGCP2,TUBGCP2
CLPX,CLPX
PDE10A,PDE10A
SRCAP,SRCAP
PPP1R13L,PPP1R13L
POLR1G,POLR1G
CCL27,CCL27
HPSE,HPSE
RUVBL2,RUVBL2
PGRMC1,PGRMC1
CYP46A1,CYP46A1
SLC26A1,SLC26A1
SLC22A7,SLC22A7
ARID5A,ARID5A
TSPAN9,TSPAN9
USP20,USP20
USP19,USP19
HCST,HCST
ME3,ME3
NMU,NMU
FGL2,FGL2
ACTL7B,ACTL7B
ACTL7A,ACTL7A
C1QL1,C1QL1
MRPS30,MRPS30
WDR3,WDR3
NPFFR2,NPFFR2
PROKR1,PROKR1
GPR83,GPR83
RAB10,RAB10
PPARGC1A,PPARGC1A
MALT1,MALT1
MMP24,MMP24
LYVE1,LYVE1
YIF1A,YIF1A
CPSF4,CPSF4
JTB,JTB
RUNDC3A,RUNDC3A
DHRS4,DHRS4
BRD8,BRD8
MTMR11,MTMR11
BLCAP,BLCAP
MAN1A2,MAN1A2
TRAFD1,TRAFD1
TXNL4A,TXNL4A
PNPLA6,PNPLA6
SUGT1,SUGT1
UTS2,UTS2
GADD45G,GADD45G
EDAR,EDAR
PAPOLA,PAPOLA
TCERG1,TCERG1
MAGED2,MAGED2
EHMT2,EHMT2
COPS8,COPS8
RNPS1,RNPS1
FASTK,FASTK
SUB1,SUB1
SMPDL3A,SMPDL3A
DBF4,DBF4
SPIN1,SPIN1
RALBP1,RALBP1
APOBEC2,APOBEC2
MORF4L1,MORF4L1
PRDX3,PRDX3
GPR75,GPR75
EHD1,EHD1
AFG3L2,AFG3L2
POP1,POP1
UGT2A1,UGT2A1
MSL3,MSL3
C11ORF58,C1H11ORF58
KDELR1,KDELR1
SF3A3,SF3A3
AP3M2,AP3M2
STARD3,STARD3
HNRNPA0,HNRNPA0
BTG3,BTG3
CBX1,CBX1
SEC61B,SEC61B
TOMM34,TOMM34
PDIA5,PDIA5
SERINC3,SERINC3
OS9,OS9
PNRC1,PNRC1
TMED2,TMED2
LMAN2,LMAN2
ERP29,ERP29
MLLT11,MLLT11
STIP1,STIP1
IFI44L,IFI44L
RAB40B,RAB40B
EBNA1BP2,EBNA1BP2
CKAP4,CKAP4
YWHAQ,YWHAQ
TMED10,TMED10
ASCC3,ASCC3
UQCR11,UQCR11
CLP1,CLP1
FERMT2,FERMT2
COPS6,COPS6
RAB32,RAB32
MAPRE2,MAPRE2
CCNI,CCNI
GCN1,GCN1
COPS5,COPS5
METAP2,METAP2
IMMT,IMMT
SLC38A3,SLC38A3
SF3B2,SF3B2
SDS,SDS
HACL2,HACL2
SLC27A5,SLC27A5
SLC27A4,SLC27A4
SLC27A3,SLC27A3
SLC27A2,SLC27A2
KIF2C,KIF2C
SPINK5,SPINK5
CCDC85B,CCDC85B
IL24,IL24
GLIPR1,GLIPR1
TLK2,TLK2
KLK11,KLK11
TMSB15A,TMSB15A
KDELR2,KDELR2
KDELR3,KDELR3
ATF7,ATF7
SNRNP27,SNRNP27
TMED1,TMED1
LIAS,LIAS
IFT27,IFT27
RAB35,RAB35
TDRKH,TDRKH
VAX1,VAX1
RBPMS,RBPMS
RAB31,RAB31
ADAP1,ADAP1
DSTN,DSTN
RIPK3,RIPK3
GTF2A1L,GTF2A1L
STON1,STON1
PIM2,PIM2
B4GAT1,B4GAT1
MID2,MID2
TENT4A,TENT4A
UPK1A,UPK1A
SLC35D2,SLC35D2
ADRM1,ADRM1
NUDT21,NUDT21
CPSF6,CPSF6
OGFR,OGFR
ZPBP,ZPBP
DDX52,DDX52
ABHD2,ABHD2
WWP1,WWP1
WWP2,WWP2
CNMD,CNMD
DUS4L,DUS4L
SOX30,SOX30
CNTRL,CNTRL
UBE2C,UBE2C
SNRNP35,SNRNP35
DEPP1,DEPP1
CYB561D2,CYB561D2
RAPGEF4,RAPGEF4
TMEM115,TMEM115
DUSP14,DUSP14
TOPBP1,TOPBP1
TRIM31,TRIM31
STMN2,STMN2
TPPP,TPPP
HSF2BP,HSF2BP
TRIOBP,TRIOBP
RER1,RER1
DNAJB4,DNAJB4
KERA,KERA
ESM1,ESM1
DIDO1,DIDO1
ADAM30,ADAM30
ADAM29,ADAM29
WDR5,WDR5
SPACA9,SPACA9
ADAMTS13,ADAMTS13
CACFD1,CACFD1
ADAMTS8,ADAMTS8
ADAMTS5,ADAMTS5
NUP42,NUP42
PRSS23,PRSS23
PTPN21,PTPN21
HNRNPUL1,HNRNPUL1
ATE1,ATE1
RPP14,RPP14
KRR1,KRR1
KATNA1,KATNA1
PRDM5,PRDM5
PRDM4,PRDM4
HIBADH,HIBADH
CIT,CIT
CEP43,CEP43
EMILIN1,EMILIN1
PTPRT,PTPRT
RCAN3,RCAN3
FAF1,FAF1
CD160,CD160
KIF3A,KIF3A
POLR3A,POLR3A
CLASRP,CLASRP
ZWINT,ZWINT
CAPN11,CAPN11
CAPN10,CAPN10
KPTN,KPTN
CDC42EP1,CDC42EP1
SLC7A9,SLC7A9
PWP1,PWP1
TBC1D8,TBC1D8
CDC37,CDC37
IL1RAPL1,IL1RAPL1
PKIG,PKIG
KAT7,KAT7
DMC1,DMC1
PLAAT3,PLAAT3
GLMN,GLMN
HHLA2,HHLA2
POPDC1,POPDC1
CORO1A,CORO1A
WDR45,WDR45
FICD,FICD
AP4S1,AP4S1
LDB3,LDB3
PTP4A3,PTP4A3
LSM6,LSM6
RABL2B,RABL2
ERLIN2,ERLIN2
ERG28,ERG28
NUDT6,NUDT6
NUDT4,NUDT4
NUDT5,NUDT5
NUDT3,NUDT3
SOX21,SOX21
FSTL1,FSTL1
PSIP1,PSIP1
WDHD1,WDHD1
FAM107A,FAM107A
STRAP,STRAP
INSL6,INSL6
ADAMTS7,ADAMTS7
ADAMTS6,ADAMTS6
BAZ2A,BAZ2A
BAZ1A,BAZ1A
LZTS1,LZTS1
ZNF277,ZFP277
WDR6,WDR6
TREH,TREH
SLC2A6,SLC2A6
MAP4K5,MAP4K5
MAP4K1,MAP4K1
INMT,INMT
RASSF1,RASSF1
PKP3,PKP3
NISCH,NISCH
CELF3,CELF3
CEP250,CEP250
WBP4,WBP4
ABCB8,ABCB8
SEC23IP,SEC23IP
WIF1,WIF1
SUPT16H,SUPT16H
ANXA10,ANXA10
CHEK2,CHEK2
POLI,POLI
KLK8,KLK8
FZD10,FZD10
PLPBP,PLPBP
IRAK3,IRAK3
AKAP13,AKAP13
AKAP11,AKAP11
AKAP10,AKAP10
DDX20,DDX20
TREX2,TREX2
DUSP10,DUSP10
MRPL3,MRPL3
RPL35,RPL35
GALNT6,GALNT6
GALNT5,GALNT5
RASSF8,RASSF8
PRAF2,PRAF2
SEC63,SEC63
POLG2,POLG2
HPS5,HPS5
PDCD10,PDCD10
RNF139,RNF139
RNF24,RNF24
CA5B,CA5B
PADI2,PADI2
PMF1,PMF1
ZHX1,ZHX1
GPR176,GPR176
NXPH4,NXPH4
NXPH3,NXPH3
NXPH2,NXPH2
GPR45,GPR45
PTGDR2,PTGDR2
PACSIN2,PACSIN2
MAN1B1,MAN1B1
SLC6A14,SLC6A14
HRH3,HRH3
DCTN3,DCTN3
FILIP1L,FILIP1L
XPOT,XPOT
CHP1,CHP1
SP140,SP140
PXMP4,PXMP4
DUSP12,DUSP12
SNF8,SNF8
DDX19B,DDX19B
NRM,NRM
ATXN2L,ATXN2L
USP18,USP18
KLHL2,KLHL2
SYNRG,SYNRG
TREX1,TREX1
KLF12,KLF12
KLF8,KLF8
SCN11A,SCN11A
POU6F2,POU6F2
MGAT4B,MGAT4B
PNKP,PNKP
B4GALT7,B4GALT7
SLCO2B1,SLCO2B1
VPS45,VPS45
LYPLA2,LYPLA2
CD300A,CD300A
PARK7,PARK7
COPE,COPE
RBPJL,RBPJL
ACKR5,ACKR5
ECD,ECD
MGAT4A,MGAT4A
GPN1,GPN1
TMC6,TMC6
DDX42,DDX42
VSIG4,VSIG4
FKBP9,FKBP9
STK38,STK38
CTRC,CTRC
PHB2,PHB2
ACOT7,ACOT7
PDAP1,PDAP1
TUSC2,TUSC2
CBX3,CBX3
EXOC3,EXOC3
GABARAP,GABARAP
U2AF2,U2AF2
OIP5,OIP5
EXOSC8,EXOSC8
SCRG1,SCRG1
RNF13,RNF13
MGLL,MGLL
TWF2,TWF2
GABARAPL2,GABARAPL2
SYNPO,SYNPO
CASC3,CASC3
NID2,NID2
COG2,COG2
TFEC,TFEC
RRAS2,RRAS2
ITGA11,ITGA11
CLCA4,CLCA4
XRN2,XRN2
IKZF3,IKZF3
IKZF2,IKZF2
MRAS,MRAS
ATF5,ATF5
COPZ1,COPZ1
COPG1,COPG1
RASA3,RASA3
PHLDA1,PHLDA1
MTF2,MTF2
HSPA4L,HSPA4L
DNAJC8,DNAJC8
PUF60,PUF60
SCAF8,SCAF8
CEP162,CEP162
ZNF652,ZFP652
ZFP30,ZFP30
RHOBTB3,RHOBTB3
COBLL1,COBLL1
RNF44,RNF44
DLGAP4,DLGAP4
RAB11FIP2,RAB11FIP2
PPM1E,PPM1E
FRMPD1,FRMPD1
DOLK,DOLK
VASH1,VASH1
ZNF507,ZFP507
AAK1,AAK1
CPEB3,CPEB3
ADNP2,ADNP2
ANKRD26,ANKRD26
LMTK2,LMTK2
NTNG1,NTNG1
CHSY1,CHSY1
CILK1,CILK1
ADGRL1,ADGRL1
FNDC3A,FNDC3A
ATG14,ATG14
R3HDM2,R3HDM2
SLITRK3,SLITRK3
CNKSR2,CNKSR2
FASTKD2,FASTKD2
PPP6R1,PPP6R1
NLGN1,NLGN1
SEC31A,SEC31A
DZIP1,DZIP1
PLEKHA6,PLEKHA6
ENPP4,ENPP4
INPP5F,INPP5F
MLXIP,MLXIP
TRAPPC8,TRAPPC8
MON1B,MON1B
MORC2,MORC2
ANKRD6,ANKRD6
ZHX2,ZHX2
CLSTN1,CLSTN1
WDR37,WDR37
ABLIM3,ABLIM3
FOXJ3,FOXJ3
UBOX5,UBOX5
KHDC4,KHDC4
ZBTB1,ZBTB1
ZNF365,ZFP365
BAHD1,BAHD1
DIS3,DIS3
RPH3A,RPH3A
CEP164,CEP164
DENND3,DENND3
ARHGEF15,ARHGEF15
ARSG,ARSG
RUFY3,RUFY3
BTBD3,BTBD3
SBNO2,SBNO2
EPN2,EPN2
TRAK1,TRAK1
DHX30,DHX30
SACM1L,SACM1L
FAN1,FAN1
WDR47,WDR47
RALY,RALY
KLRK1,KLRK1
MMRN1,MMRN1
NCBP2,NCBP2
ZP1,ZP1
CD93,CD93
MAPRE1,MAPRE1
KIFAP3,KIFAP3
MSRB2,MSRB2
MAPRE3,MAPRE3
PLA2R1,PLA2R1
ATF6,ATF6
HABP4,HABP4
SEPHS2,SEPHS2
SEPHS1,SEPHS1
RAB3GAP1,RAB3GAP1
RAB18,RAB18
SIRT2,SIRT2
RPIA,RPIA
ELL2,ELL2
SCAP,SCAP
SNW1,SNW1
SHANK2,SHANK2
DKK1,DKK1
KIN,KIN
CCT5,CCT5
PTGR1,PTGR1
SLC4A1AP,SLC4A1AP
P2RX2,P2RX2
TRIM32,TRIM32
SCMH1,SCMH1
TPX2,TPX2
PAXIP1,PAXIP1
AKR7A3,AKR7A3
NT5C2,NT5C2
EFR3B,EFR3B
TCF25,TCF25
NINL,NINL
DIP2C,DIP2C
MAST1,MAST1
PDCD11,PDCD11
ACIN1,ACIN1
SORCS3,SORCS3
SV2C,SV2C
MYH15,MYH15
PCNX1,PCNX1
KDM2A,KDM2A
HMGXB3,HMGXB3
CEP131,CEP131
CEP152,CEP152
TTC39A,TTC39A
IGSF9B,IGSF9B
LIMCH1,LIMCH1
RIMS1,RIMS1
WDFY3,WDFY3
DAAM1,DAAM1
MAPKBP1,MAPKBP1
PLCH1,PLCH1
KLHDC10,KLHDC10
RAB21,RAB21
STK38L,STK38L
SPEN,SPEN
FBXO21,FBXO21
EXOSC7,EXOSC7
FAIM2,FAIM2
CNOT1,CNOT1
SNRNP200,SNRNP200
PALLD,PALLD
TMCC1,TMCC1
PDZRN3,PDZRN3
UNC13A,UNC13A
MYO16,MYO16
KDM1A,KDM1A
RBM34,RBM34
KDM4B,KDM4B
MAST3,MAST3
USP33,USP33
DOP1A,DOP1A
SAMD4A,SAMD4A
PHLPP2,PHLPP2
ZNF292,ZFP292
PDZD2,PDZD2
WDTC1,WDTC1
XPO7,XPO7
MYT1L,MYT1L
MON2,MON2
PDXDC1,PDXDC1
TNIK,TNIK
KIF21B,KIF21B
PDS5B,PDS5B
FNBP1,FNBP1
SMG1,SMG1
ZHX3,ZHX3
ENDOD1,ENDOD1
ZSWIM8,ZSWIM8
NCOA6,NCOA6
NMNAT2,NMNAT2
IFT38,IFT38
ZNF609,ZFP609
TBC1D9B,TBC1D9B
GGA2,GGA2
WAPL,WAPL
SETX,SETX
EMC1,EMC1
CAND2,CAND2
SETD1B,SETD1B
CMTR1,CMTR1
ERP44,ERP44
HECW1,HECW1
BLTP3B,BLTP3B
SWAP70,SWAP70
RRP1B,RRP1B
MYCBP2,MYCBP2
VWA8,VWA8
AVL9,AVL9
KDM4C,KDM4C
PPRC1,PPRC1
ERC1,ERC1
EXPH5,EXPH5
TRIM35,TRIM35
PEG10,PEG10
ZNF423,ZFP423
ZC3H13,ZC3H13
ARHGAP26,ARHGAP26
TTLL5,TTLL5
SIPA1L3,SIPA1L3
KIF1B,KIF1B
IQSEC2,IQSEC2
CDK19,CDK19
SARM1,SARM1
ZBTB43,ZBTB43
TBC1D2B,TBC1D2B
FSTL4,FSTL4
MRPS27,MRPS27
RAP1GAP2,RAP1GAP2
DDN,DDN
SPART,SPART
TNRC6B,TNRC6B
CUL9,CUL9
NFASC,NFASC
TOGARAM1,TOGARAM1
TAB2,TAB2
HIC2,HIC2
ATP10B,ATP10B
CLASP2,CLASP2
CAMTA2,CAMTA2
POGZ,POGZ
COLGALT2,COLGALT2
PLXND1,PLXND1
ATG2A,ATG2A
GPATCH8,GPATCH8
RAD54L2,RAD54L2
PHF8,PHF8
KDM6B,KDM6B
EPB41L3,EPB41L3
SMC5,SMC5
N4BP3,N4BP3
MAST2,MAST2
ZZEF1,ZZEF1
ANKLE2,ANKLE2
DCUN1D4,DCUN1D4
LRCH1,LRCH1
ZC3H3,ZC3H3
NACAD,NACAD
FCHO1,FCHO1
FRMD4B,FRMD4B
GRAMD4,GRAMD4
CIC,CIC
NCDN,NCDN
CLCC1,CLCC1
SEPTIN6,SEPTIN6
TBC1D9,TBC1D9
WDR43,WDR43
SNX13,SNX13
MAPK8IP3,MAPK8IP3
GGA3,GGA3
MPRIP,MPRIP
NUP205,NUP205
STAB1,STAB1
EFR3A,EFR3A
RTF1,RTF1
SLC35D1,SLC35D1
TTLL12,TTLL12
GPD1L,GPD1L
ABRAXAS2,ABRAXAS2
METAP1,METAP1
ZCCHC14,ZCCHC14
LPIN1,LPIN1
SEPTIN8,SEPTIN8
CEP68,CEP68
PASK,PASK
RGL1,RGL1
RFTN1,RFTN1
DIP2A,DIP2A
MESD,MESD
LARP4B,LARP4B
RCOR1,RCOR1
PHLDB1,PHLDB1
KANK1,KANK1
UBXN4,UBXN4
CYFIP1,CYFIP1
ATG4B,ATG4B
GANAB,GANAB
FBXL7,FBXL7
MDN1,MDN1
FAM120A,FAM120A
FAF2,FAF2
PSME4,PSME4
GSE1,GSE1
ATP11B,ATP11B
FAM168A,FAM168A
PMPCA,PMPCA
ARL6IP1,ARL6IP1
ACSBG1,ACSBG1
PLEKHM2,PLEKHM2
SYT11,SYT11
MLC1,MLC1
JMJD6,JMJD6
ZC3H4,ZC3H4
RRS1,RRS1
SULF1,SULF1
XPO6,XPO6
PRRC2C,PRRC2C
TBC1D1,TBC1D1
ZFR2,ZFR2
NBEAL2,NBEAL2
FBXO28,FBXO28
RHOBTB2,RHOBTB2
RRP12,RRP12
SYNE2,SYNE2
NUP210,NUP210
PLCL2,PLCL2
ARHGEF9,ARHGEF9
VPS13A,VPS13A
SEL1L3,SEL1L3
TBC1D12,TBC1D12
EXOC6B,EXOC6B
DNAJC9,DNAJC9
SIK2,SIK2
PLCB1,PLCB1
ARC,ARC
PHLPP1,PHLPP1
TMEM131L,TMEM131L
PACS2,PACS2
COBL,COBL
ANKRD28,ANKRD28
PDS5A,PDS5A
ASTN2,ASTN2
BOP1,BOP1
KATNIP,KATNIP
RPRD2,RPRD2
ATP11A,ATP11A
MINAR1,MINAR1
OTUD3,OTUD3
ANKRD12,ANKRD12
KAZN,KAZN
MTCL1,MTCL1
SCFD1,SCFD1
DENND5A,DENND5A
DDHD2,DDHD2
CAMTA1,CAMTA1
PPIP5K2,PPIP5K2
MCF2L,MCF2L
ZC3H7B,ZC3H7B
EXOC7,EXOC7
ADGRL2,ADGRL2
DNMBP,DNMBP
MGA,MGA
TSPYL4,TSPYL4
CAMSAP2,CAMSAP2
TASOR,TASOR
CLEC16A,CLEC16A
POFUT2,POFUT2
KLHL18,KLHL18
CLUH,CLUH
NUP160,NUP160
MTUS2,MTUS2
CSTF2T,CSTF2T
ADGRL3,ADGRL3
WWC1,WWC1
AGTPBP1,AGTPBP1
IQCE,IQCE
FBXW11,FBXW11
SMG6,SMG6
ANKS1A,ANKS1A
MGRN1,MGRN1
BICD2,BICD2
ATMIN,ATMIN
EHBP1,EHBP1
WSCD1,WSCD1
KIF13B,KIF13B
UBR2,UBR2
ACSL6,ACSL6
NEMP1,NEMP1
FKBP15,FKBP15
ICOSLG,ICOSLG
SIN3B,SIN3B
NCAPD3,NCAPD3
DMXL2,DMXL2
KIAA0930,KIAA0930
SATB2,SATB2
SLC9A8,SLC9A8
CUX2,CUX2
DNAJC13,DNAJC13
TUT4,TUT4
TRIM2,TRIM2
RPGRIP1L,RPGRIP1L
MAN2B2,MAN2B2
WASHC4,WASHC4
USP22,USP22
NEDD4L,NEDD4L
SASH1,SASH1
TBC1D30,TBC1D30
TTC28,TTC28
CLASP1,CLASP1
DPY19L1,DPY19L1
SZT2,SZT2
WDR7,WDR7
SYNM,SYNM
JADE2,JADE2
VPS39,VPS39
DNAJC16,DNAJC16
ESYT1,ESYT1
SYNE1,SYNE1
SMCHD1,SMCHD1
DOCK9,DOCK9
PHF24,PHF24
U2SURP,U2SURP
KHNYN,KHNYN
UBR4,UBR4
SUN1,SUN1
HAUS5,HAUS5
VPS8,VPS8
ANGEL1,ANGEL1
USP24,USP24
ENTREP2,ENTREP2
FNBP4,FNBP4
ZNF629,ZFP629
PSD3,PSD3
OBSL1,OBSL1
ARHGEF12,ARHGEF12
MATCAP2,MATCAP2
LARP1,LARP1
PPP1R13B,PPP1R13B
PUM2,PUM2
ARHGEF18,ARHGEF18
TNS2,TNS2
CRTC1,CRTC1
UFL1,UFL1
RRP8,RRP8
ICE1,ICE1
SRGAP2,SRGAP2
SMG5,SMG5
AHCYL2,AHCYL2
MAU2,MAU2
SPECC1L,SPECC1L
NCSTN,NCSTN
NUDCD3,NUDCD3
SIK3,SIK3
MED13L,MED13L
ZDHHC17,ZDHHC17
ECPAS,ECPAS
ADNP,ADNP
LARS2,LARS2
PIP5K1C,PIP5K1C
NCAPH,NCAPH
PPWD1,PPWD1
CTDNEP1,CTDNEP1
ATP13A2,ATP13A2
FRAT2,FRAT2
FBXO46,FBXO46
EXOSC2,EXOSC2
DICER1,DICER1
COTL1,COTL1
SIRT5,SIRT5
SIRT4,SIRT4
SIRT3,SIRT3
SIRT1,SIRT1
COMMD3,COMMD3
NCS1,NCS1
ZFPM2,ZFPM2
KCNH4,KCNH4
KCNH3,KCNH3
MLYCD,MLYCD
CRB1,CRB1
ITGB3BP,ITGB3BP
TMED3,TMED3
TDRD7,TDRD7
GRIP1,GRIP1
SLC7A8,SLC7A8
RYBP,RYBP
AP4E1,AP4E1
GPR161,GPR161
RHOQ,RHOQ
TARDBP,TARDBP
CELA3B,CELA3B
HARS2,HARS2
ATP1B4,ATP1B4
OTP,OTP
SLC35A3,SLC35A3
SLC44A1,SLC44A1
SF3B3,SF3B3
SF3B1,SF3B1
ANGPTL2,ANGPTL2
ABCB10,ABCB10
ABCB9,ABCB9
ABCA6,ABCA6
ABCA5,ABCA5
HEY1,HEY1
ICMT,ICMT
GCAT,GCAT
CBX6,CBX6
NPTXR,NPTXR
CBX5,CBX5
PHF3,PHF3
TRAM1,TRAM1
CAPN7,CAPN7
ETHE1,ETHE1
QPRT,QPRT
BRD4,BRD4
SEC11A,SEC11A
ISCU,ISCU
SEC61G,SEC61G
PES1,PES1
TGDS,TGDS
LEPROTL1,LEPROTL1
CES3,CES3A
CBX7,CBX7
HEY2,HEY2
TNFRSF13B,TNFRSF13B
HAAO,HAAO
MACF1,MACF1
DAAM2,DAAM2
ZFYVE26,ZFYVE26
RIMBP2,RIMBP2
TMEM131,TMEM131
BICRAL,BICRAL
LRRC8B,LRRC8B
TTC9,TTC9
POFUT1,POFUT1
KCTD2,KCTD2
NUP188,NUP188
SUZ12,SUZ12
SCRIB,SCRIB
SPIDR,SPIDR
MORC3,MORC3
SLC39A14,SLC39A14
MTREX,MTREX
R3HDM1,R3HDM1
RPL13A,RPL13A
KAT6B,KAT6B
CABIN1,CABIN1
SRRM2,SRRM2
ARHGAP45,ARHGAP45
ACAP2,ACAP2
ZNF281,ZFP281
CLCF1,CLCF1
NNT,NNT
MMD,MMD
PIK3R5,PIK3R5
TNPO3,TNPO3
ADAT1,ADAT1
SLC16A8,SLC16A8
SEC14L2,SEC14L2
MAPK8IP2,MAPK8IP2
RBFOX2,RBFOX2
SEZ6L,SEZ6L
ATP6V0A2,ATP6V0A2
SYNGR4,SYNGR4
TTC33,TTC33
DNPEP,DNPEP
PSD4,PSD4
RASD2,RASD2
CDK20,CDK20
HYAL4,HYAL4
TSPAN12,TSPAN12
TSPAN15,TSPAN15
PIGN,PIGN
SNAPIN,SNAPIN
WBP2,WBP2
WBP1,WBP1
GTPBP4,GTPBP4
CLDN14,CLDN14
CHST5,CHST6
DDAH2,DDAH2
LPAR3,LPAR3
ZNF346,ZFP346
ARL2BP,ARL2BP
PADI4,PADI4
DDAH1,DDAH1
CDC42EP4,CDC42EP4
CASP14,CASP14
CCNDBP1,CCNDBP1
SMUG1,SMUG1
VSIG2,VSIG2
TMEM50A,TMEM50A
RIGI,RIG1
ELP5,ELP5
KLHDC2,KLHDC2
CARHSP1,CARHSP1
PDSS1,PDSS1
LEMD3,LEMD3
HEBP2,HEBP2
ORC6,ORC6
ORC3,ORC3
OPN3,OPN3
ACOT9,ACOT9
PATZ1,PATZ1
AMACR,AMACR
CLEC5A,CLEC5A
CORO1C,CORO1C
DAPK2,DAPK2
CD2AP,CD2AP
MKRN1,MKRN1
MKRN2,MKRN2
PHLDA3,PHLDA3
ZMYND8,ZMYND8
SH3BP1,SH3BP1
TSSK2,TSSK2
NTSR2,NTSR2
BACE1,BACE1
RUSC1,RUSC1
CBLC,CBLC
FAM89B,FAM89B
SPO11,SPO11
PRND,PRND
KCNE5,KCNE5
CA14,CA14
KPNA6,KPNA6
SSBP2,SSBP2
NUP62,NUP62
RABGAP1,RABGAP1
DNAAF11,DNAAF11
HSPBP1,HSPBP1
LDOC1,LDOC1
LY96,LY96
EDC4,EDC4
PPP1R15A,PPP1R15A
PLD3,PLD3
ARFIP2,ARFIP2
SSBP3,SSBP3
POLA2,POLA2
TRIM29,TRIM29
PLXNB2,PLXNB2
SLC7A11,SLC7A11
LSM5,LSM5
PLA2G15,PLA2G15
ZKSCAN5,ZKSCAN5
CEMIP2,CEMIP2
TMEFF2,TMEFF2
STX12,STX12
SMPX,SMPX
SH3BP4,SH3BP4
SGK3,SGK3
RAB38,RAB38
PRKD3,PRKD3
KCNE4,KCNE4
CADM1,CADM1
GSPT2,GSPT2
GABARAPL1,GABARAPL1
SHPK,SHPK
TMEM245,TMEM245
FRRS1L,FRRS1L
EID1,EID1
AIPL1,AIPL1
SDF2L1,SDF2L1
PPIL2,PPIL2
PITPNB,PITPNB
PISD,PISD
OSBP2,OSBP2
MAFF,MAFF
IL17RA,IL17RA
FLRT3,FLRT3
FLRT2,FLRT2
FLRT1,FLRT1
FKBP8,FKBP8
BRD1,BRD1
ARHGAP8,ARHGAP8
BCL2L13,BCL2L13
MTCH1,MTCH1
MTCH2,MTCH2
KIF4A,KIF4A
EML2,EML2
FTSJ1,FTSJ1
LAMP5,LAMP5
NAA80,NAA80
TFIP11,TFIP11
PANX1,PANX1
CLDN15,CLDN15
FJX1,FJX1
PRPF6,PRPF6
ZNF318,ZFP318
KIAA1549L,G2
SHC2,SHC2
H2AP,H2AP
HYPK,HYPK
PRPF40B,PRPF40B
SLC24A2,SLC24A2
TBC1D22A,TBC1D22A
GSTT4,GSTT4
CBY1,CBY1
SUN2,SUN2
DSTYK,DSTYK
RASGRP3,RASGRP3
RAB3GAP2,RAB3GAP2
RAD54B,RAD54B
TMEM59L,TMEM59L
CFAP45,CFAP45
NGEF,NGEF
CIZ1,CIZ1
FBXO7,FBXO7
FSCN2,FSCN2
PGLS,PGLS
QPCT,QPCT
BRI3,BRI3
SLC39A6,SLC39A6
GCA,GCA
LMOD1,LMOD1
SPDEF,SPDEF
LSM4,LSM4
BAMBI,BAMBI
VAX2,VAX2
RHBDD3,RHBDD3
TTLL1,TTLL1
SAMM50,SAMM50
ATXN10,ATXN10
TNFAIP8,TNFAIP8
TAFA5,TAFA5
KLK5,KLK5
NOCT,NOCT
ARIH1,ARIH1
MTO1,MTO1
DNAJB5,DNAJB5
TPSG1,TPSG1
PRDX5,PRDX5
BACE2,BACE2
SNORD82,SNORD82
FBXL2,FBXL2
TXN2,TXN2
TMEM184B,TMEM184B
SULT4A1,SULT4A1
HECTD1,HECTD1
POU2F3,POU2F3
MGAT4C,MGAT4C
NIPBL,NIPBL
RAB26,RAB26
COG4,COG4
TMT1A,TMT1A
ABTB2,ABTB2
ASF1A,ASF1A
MOB4,MOB4
YIPF3,YIPF3
ANAPC13,ANAPC13
PARM1,PARM1
TECPR1,TECPR1
ARMC8,ARMC8
DCAF12,DCAF12
FAM149A,FAM149A
BRMS1,BRMS1
CATSPERZ,CATSPERZ
WHRN,WHRN
USP49,USP49
ABHD14A,ABHD14A
PRKD2,PRKD2
SUMF2,SUMF2
RMP64,RMP64
RPL36,RPL36
MPC2,MPC2
LETMD1,LETMD1
SPEF1,SPEF1
DCAF13,DCAF13
TMEM186,TMEM186
CHRDL2,CHRDL2
POLR1A,POLR1A
POC1A,POC1A
ZNF473,ZFP473
ABI3BP,ABI3BP
PAMR1,PAMR1
TRIM58,TRIM58
PLEKHG4,PLEKHG4
EEF1AKMT3,EEF1AKMT3
INTS7,INTS7
RNF19A,RNF19A
RCHY1,RCHY1
IFFO1,IFFO1
CCDC28A,CCDC28A
MTHFD1L,MTHFD1L
OLFML2B,OLFML2B
CNOT10,CNOT10
ANAPC15,ANAPC15
TMEM158,TMEM158
AHCTF1,AHCTF1
DPCD,DPCD
LTAP1,LTAP1
POT1,POT1
RTTN,RTTN
NDUFAF3,NDUFAF3
THUMPD3,THUMPD3
NELFB,NELFB
ZDHHC5,ZDHHC5
ATL3,ATL3
MYRIP,MYRIP
ZNF521,ZFP521
NOL11,NOL11
CNRIP1,CNRIP1
SOSTDC1,SOSTDC1
GEMIN5,GEMIN5
PTPN23,PTPN23
CLIC4,CLIC4
NSL1,NSL1
WWTR1,WWTR1
HEATR5A,HEATR5A
SAMHD1,SAMHD1
TSLIG3A,FAM98A
TPGS2,TPGS2
SIN3A,SIN3A
DNAAF9,DNAAF9
NECTIN3,NECTIN3
ZNF385A,ZFP385A
KBTBD2,KBTBD2
SYF2,SYF2
RWDD3,RWDD3
PNKD,PNKD
SEC31B,SEC31B
PNISR,PNISR
KANK2,KANK2
ADGRA2,ADGRA2
NUDT13,NUDT13
VIRMA,VIRMA
TMEM87A,TMEM87A
C2CD2,C2CD2
SH2B1,SH2B1
UNC50,UNC50
PARS2,PARS2
MMACHC,MMACHC
EGFL6,EGFL6
TIPARP,TIPARP
NECAP1,NECAP1
CHMP2B,CHMP2B
DHRS7B,DHRS7B
AAR2,AAR2
DNAH1,DNAH1
NGDN,NGDN
KRT23,KRT23
TSKU,TSKU
HINFP,HINFP
ULK3,ULK3
SNED1,SNED1
HIGD1A,HIGD1A
REXO2,REXO2
IBTK,IBTK
CLIP3,CLIP3
TBC1D10B,TBC1D10B
RNF167,RNF167
MOXD1,MOXD1
GORASP2,GORASP2
C2CD3,C2CD3
TKFC,TKFC
ZZZ3,ZZZ3
SPATS2L,SPATS2L
TENM4,TENM4
NSMF,NSMF
L3MBTL1,L3MBTL1
RPAP1,RPAP1
FAM32A,FAM32A
LRIG1,LRIG1
UPF2,UPF2
LRP10,LRP10
TMEM98,TMEM98
PTCD1,PTCD1
ACOT11,ACOT11
PLEKHG3,PLEKHG3
OSBPL3,OSBPL3
SUSD5,SUSD5
ATRNL1,ATRNL1
IPCEF1,IPCEF1
GLCE,GLCE
ZNF451,ZFP451
SIPA1L1,SIPA1L1
CHD5,CHD5
SS18L1,SS18L1
SETBP1,SETBP1
UBXN7,UBXN7
LRRTM2,LRRTM2
LTN1,LTN1
CNTNAP2,CNTNAP2
FAM169A,FAM169A
SLITRK5,SLITRK5
PPP1R16B,PPP1R16B
DNM3,DNM3
AUTS2,AUTS2
SENP6,SENP6
RAB11FIP5,RAB11FIP5
ANKRD17,ANKRD17
GIGYF2,GIGYF2
ERC2,ERC2
APPL1,APPL1
HACL1,HACL1
DECR2,DECR2
RAI14,RAI14
LSM14A,LSM14A
POLDIP2,POLDIP2
CFAP61,CFAP61
ARHGEF26,ARHGEF26
KLK13,KLK13
GPSM1,GPSM1
GGA1,GGA1
ABHD12,ABHD12
HERC4,HERC4
TOR1AIP1,TOR1AIP1
CCDC9,CCDC9
DCAF4,DCAF4
PTPN20,PTPN20
CHTOP,CHTOP
EDRF1,EDRF1
SZRD1,SZRD1
WIPI2,WIPI2
LRIT1,LRIT1
PYGO1,PYGO1
CCDC69,CCDC69
TANC2,TANC2
WSB1,WSB1
LDLRAP1,LDLRAP1
PRPF31,PRPF31
EPC2,EPC2
TCTN3,TCTN3
FGFR1OP2,FGFR1OP2
KIFBP,KIFBP
GAPVD1,GAPVD1
TRPC4AP,TRPC4AP
SERBP1,SERBP1
TES,TES
ZBTB20,ZBTB20
TTLL3,TTLL3
IRF2BP1,IRF2BP1
IFT54,IFT54
PHF19,PHF19
RIBC2,RIBC2
NAT9,NAT9
KIF26A,KIF26A
ABCA12,ABCA12
NOC2L,NOC2L
RSL1D1,RSL1D1
IFT172,IFT172
MTG2,MTG2
RGS22,RGS22
SENP3,SENP3
INTS1,INTS1
LYSET,LYSET
FBXW2,FBXW2
PTPN22,PTPN22
GMEB2,GMEB2
SPAG8,SPAG8
PITPNC1,PITPNC1
OR1J4,OR1J4
FBXL21P,FBXL21
FBXL3,FBXL3
ARL5A,ARL5A
PHGDH,PHGDH
STAP1,STAP1
B3GAT3,B3GAT3
TIAM2,TIAM2
FBXO2,FBXO2
FBXL6,FBXL6
FBXL5,FBXL5
FBXL4,FBXL4
FAM50B,FAM50B
OR2K2,OR2K2
KLHL3,KLHL3
KCNG2,KCNG2
OPTC,OPTC
CABYR,CABYR
NKX2-8,NKX2-8
BLOC1S6,BLOC1S6
FBXW8,FBXW8
FBXO25,FBXO25
FBXO24,FBXO24
TSPAN17,TSPAN17
FBXO22,FBXO22
SLC13A4,SLC13A4
FBXO10,FBXO10
FBXO9,FBXO9
FBXO8,FBXO8
FBXO6,FBXO6
FBXO5,FBXO5
FBXO4,FBXO4
FBXO3,FBXO3
HIBCH,HIBCH
VPS33B,VPS33B
TINF2,TINF2
SACS,SACS
PLA2G2D,PLA2G2D
IL1RAPL2,IL1RAPL2
FGF20,FGF20
ERAL1,ERAL1
CLDN17,CLDN17
ARFGAP3,ARFGAP3
ANKRD2,ANKRD2
AK5,AK5
GALNT8,GALNT8
FGF21,FGF21
MYCBP,MYCBP
SERGEF,SERGEF
EHF,EHF
GBGT1,GBGT1
GAPDHS,GAPDHS
HSPB8,HSPB8
GNL3,GNL3
FAM162A,FAM162A
LHX6,LHX6
PTPN18,PTPN18
SEZ6L2,SEZ6L2
NUPR1,NUPR1
PPP1R14B,PPP1R14B
PLEK2,PLEK2
NARF,NARF
SLC17A5,SLC17A5
CNNM4,CNNM4
CNNM3,CNNM3
CNNM1,CNNM1
HEYL,HEYL
MYOF,MYOF
CHIC2,CHIC2
INTS6,INTS6
TIMM10B,TIMM10B
TIMM13,TIMM13
TIMM10,TIMM10
TIMM9,TIMM9
TIMM8B,TIMM8B
AGO1,AGO1
LATS2,LATS2
IL36RN,IL36RN
DAZAP1,DAZAP1
OR11A1,OR11A4
OR10G2,OR10G1
ITGB1BP2,ITGB1BP2
AATF,AATF
RGS17,RGS17
SRPK3,SRPK3
PCOLCE2,PCOLCE2
OSTF1,OSTF1
BSCL2,BSCL2
GREM1,GREM1
CKAP2,CKAP2
MRPL46,MRPL46
TBL2,TBL2
ELP4,ELP4
OR4E2,OR4E2
OR4E1,OR4E1
NUFIP1,NUFIP1
RPS6KC1,RPS6KC1
SH3YL1,SH3YL1
HAVCR1,HAVCR1
STEAP1,STEAP1
OPLAH,OPLAH
SMR3A,SMR3A
RANBP6,RANBP6
COPG2,COPG2
HBP1,HBP1
NBEA,NBEA
CHORDC1,CHORDC1
SEC22A,SEC22A
AP3M1,AP3M1
PABPC1,PABPC1
AKAP8L,AKAP8L
RNF11,RNF11
TRUB2,TRUB2
GPR160,GPR160
FETUB,FETUB
CYFIP2,CYFIP2
DNAJC2,DNAJC2
USP21,USP21
FGF22,FGF22
TPK1,TPK1
KCNV1,KCNV1
CNPPD1,CNPPD1
BEX3,BEX3
DNAI1,DNAI1
NPTN,NPTN
FOXD3,FOXD3
FOXB1,FOXB1
MLH3,MLH3
NPHP3,NPHP3
ATP2C1,ATP2C1
ZBTB32,ZBTB32
ACAD8,ACAD8
NOX1,NOX1
TRMT2A,TRMT2A
PKD2L2,PKD2L2
LAT,LAT
UTP25,UTP25
PELP1,PELP1
SND1,SND1
ANKRD1,ANKRD1
NSG1,NSG1
STAU2,STAU2
PPA2,PPA2
GHITM,GHITM
DAPP1,DAPP1
VPS41,VPS41
LAMP3,LAMP3
TSPAN13,TSPAN13
LYPD3,LYPD3
B9D1,B9D1
RPUSD2,RPUSD2
MTBP,MTBP
FOXP1,FOXP1
B3GAT1,B3GAT1
UQCRQ,UQCRQ
ST6GALNAC4,ST6GALNAC4
CACNG5,CACNG5
CACNG4,CACNG4
KCNMB3,KCNMB3
TRAPPC3,TRAPPC3
TAF5L,TAF5L1
CLUL1,CLUL1
CACYBP,CACYBP
EIF2AK1,EIF2AK1
ARRDC2,ARRDC2
ZBTB11,ZBTB11
DMAC2L,DMAC2L
SDCBP2,SDCBP2
NALF2,NALF2
BBC3,BBC3
PDE7B,PDE7B
DKKL1,DKKL1
DKK4,DKK4
DKK3,DKK3
DKK2,DKK2
INPP5J,INPP5J
AFF4,AFF4
SMC1B,SMC1B
CYTH4,CYTH4
HSPB7,HSPB7
INVS,INVS
SNX5,SNX5
CPNE7,CPNE7
KCNH5,KCNH5
TJP3,TJP3
MORC1,MORC1
CIDEB,CIDEB
PALD1,PALD1
FILIP1,FILIP1
FAM184B,FAM184B
DENND2A,DENND2A
STK36,STK36
INTU,INTU
ZNF777,ZFP777
BRPF3,BRPF3
RSPH14,RSPH14
NDOR1,NDOR1
AGO2,AGO2
NAAA,NAAA
SALL3,SALL3
GLS2,GLS2
PRELID1,PRELID1
SLC39A1,SLC39A1
TUBG2,TUBG2
IL36B,IL36B
IL36A,IL36A
VPS4A,VPS4A
DISC1,DISC1
IL17C,IL17C
IL17B,IL17B
GPR82,GPR82
HCAR1,HCAR1
OXGR1,OXGR1
C5AR2,C5AR2
TUBGCP4,TUBGCP4
SERP1,SERP1
NMRK2,NMRK2
GNMT,GNMT
COQ2,COQ2
ARFIP1,ARFIP1
ARHGEF16,ARHGEF16
GPKOW,GPKOW
GPR162,GPR162
SIT1,SIT1
BBS9,BBS9
TNFRSF21,TNFRSF21
CHMP2A,CHMP2A
SESN1,SESN1
AHDC1,AHDC1
RNF115,RNF115
NFU1,NFU1
ERLEC1,ERLEC1
MMADHC,MMADHC
PDCD4,PDCD4
KLHL20,KLHL20
PCDH17,PCDH17
CSDC2,CSDC2
CNTN6,CNTN6
LSM1,LSM1
LSM3,LSM3
TINAG,TINAG
SULT1B1,SULT1B1
TEKT2,TEKT2
SRPX2,SRPX2
RBMXL2,RBMXL2
RND1,RND1
SPINK4,SPINK4
R3HCC1L,R3HCC1L
DIMT1,DIMT1
SMPDL3B,SMPDL3B
DHDH,DHDH
PDLIM3,PDLIM3
TP53TG5,TP53TG5
CRCP,CRCP
ADAMDEC1,ADAMDEC1
APEX2,APEX2
BMP10,BMP10
RBMS3,RBMS3
MOCS3,MOCS3
HPGDS,HPGDS
NOAZFP,ZFP330
RAB30,RAB30
PGAP2,PGAP2
RBMX,RBMX
BHLHE22,BHLHE22
TOX3,TOX3
TNRC6A,TNRC6A
PCDH11X,PCDH11X
ANGPTL3,ANGPTL3
RPS6KA6,RPS6KA6
ZNF638,ZFP638
GOLIM4,GOLIM4
P2RY10,P2RY10
EIF3K,EIF3K
HTATSF1,HTATSF1
UBE2S,UBE2S
PRPF19,PRPF19
UTP20,UTP20
RRP7A,RRP7A
RABGEF1,RABGEF1
POLL,POLL
PCSK1N,PCSK1N
KCNMB4,KCNMB4
TMEM97,TMEM97
STK39,STK39
TOR1B,TOR1B
MCAT,MCAT
DESI1,DESI1
SGSM3,SGSM3
HTRA2,HTRA2
MAT2B,MAT2B
TOR2A,TOR2A
POLM,POLM
EML4,EML4
TMEM121B,TMEM121B
HDHD5,HDHD5
CECR2,CECR2
PCLO,PCLO
PPP2R3B,PPP2R3B
SLCO4A1,SLCO4A1
SLCO3A1,SLCO3A1
SLCO1B3,SLCO1B2
CDH20,CDH20
NKIRAS2,NKIRAS2
NKIRAS1,NKIRAS1
CDH19,CDH19
DLL1,DLL1
TRIB2,TRIB2
CCDC22,CCDC22
REM1,REM1
DEXI,DEXI
LAMTOR2,LAMTOR2
MRPS28,MRPS28
COA3,COA3
TMEM176B,TMEM176B
DCPS,DCPS
OSTM1,OSTM1
GIT1,GIT1
SLC27A6,SLC27A6
SNX24,SNX24
SLC6A16,SLC6A16
BZW2,BZW2
BKGD,BKGD
AAMDC,AAMDC
SPCS1,SPCS1
MRPS18B,MRPS18B
C19ORF53,C19H19ORF53
ACAD9,ACAD9
MRPL42,MRPL42
TMEM14A,TMEM14A
IFT81,IFT81
FLVCR1,FLVCR1
TMPRSS11E,TMPRSS11E
RGCC,RGCC
MCTS1,MCTS1
MAGEH1,MAGEH1
NOB1,NOB1
DBNL,DBNL
NTMT1,NTMT1
ASTE1,ASTE1
COMMD5,COMMD5
MACROD1,MACROD1
HIPK2,HIPK2
MRPL13,MRPL13
KLF15,KLF15
SLC43A3,SLC43A3
ATAD2,ATAD2
HAPSTR1,HAPSTR1
TMEM230,TMEM230
WDR91,WDR91
ZCCHC4,ZCCHC4
ZC3H7A,ZC3H7A
ZBTB44,ZBTB44
CFAP263,CFAP263
C1GALT1C1,C1GALT1C1
SETD2,SETD2
MRPL18,MRPL18
NDUFAF4,NDUFAF4
MED4,MED4
CCDC59,CCDC59
METTL5,METTL5
GTPBP8,GTPBP8
PHPT1,PHPT1
BABAM1,BABAM1
THYN1,THYN1
MRPL15,MRPL15
UBE2T,UBE2T
TIMM21,TIMM21
STXBP6,STXBP6
MRPL22,MRPL22
LGALSL,LGALSL
ORMDL2,ORMDL2
CNIH4,CNIH4
RANGRF,RANGRF
COMMD9,COMMD9
TMEM208,TMEM208
SSU72,SSU72
DROSHA,DROSHA
DNAJC15,DNAJC15
HEMK2,HEMK2
CFAP20,CFAP20
SCG3,SCG3
NXT1,NXT1
PYCARD,PYCARD
FHOD1,FHOD1
TBK1,TBK1
C6ORF15,C20H6ORF15
TAGLN3,TAGLN3
SAP30BP,SAP30BP
MYLIP,MYLIP
BRD7,BRD7
DDX25,DDX25
CTNNA3,CTNNA3
PRSS50,PRSS50
ANKRD11,ANKRD11
CD274,CD274
RACGAP1,RACGAP1
UHRF1,UHRF1
BLNK,BLNK
USP25,USP25
PACSIN3,PACSIN3
TMOD4,TMOD4
TMOD3,TMOD3
TMOD2,TMOD2
CARD10,CARD10
ABT1,ABT1
PARVB,PARVB
NCAPH2,NCAPH2
CYP2S1,CYP2S1
OLA1,OLA1
UQCR10,UQCR10
YPEL1,YPEL1
ZDHHC1,ZDHHC1
ZDHHC8,ZDHHC8
VPREB3,VPREB3
REPIN1,REPIN1
GRHL1,GRHL1
TFCP2L1,TFCP2L1
SENP1,SENP1
TFPT,TFPT
TRPM5,TRPM5
ICOS,ICOS
UBN1,UBN1
ALG5,ALG5
NPC1L1,NPC1L1
ANAPC2,ANAPC2
CNOT7,CNOT7
SNX8,SNX8
SNX10,SNX10
STRN4,STRN4
GNL2,GNL2
RBM15B,RBM15B
PSMC3IP,PSMC3IP
CPSF1,CPSF1
MYL11,MYL11
TRA2A,TRA2A
GPSM2,GPSM2
SAC3D1,SAC3D1
FAM216A,FAM216A
CCDC106,CCDC106
EEF2K,EEF2K
ST8SIA5,ST8SIA5
SNX15,SNX15
GPR171,GPR171
HOOK2,HOOK2
UBIAD1,UBIAD1
HCFC2,HCFC2
SNX11,SNX11
RMC1,RMC1
PYCR2,PYCR2
NME7,NME7
HILPDA,HILPDA
EPN1,EPN1
GMPPB,GMPPB
GMPPA,GMPPA
SEC61A1,SEC61A1
TIMM22,TIMM22
ALG6,ALG6
PCDHB1,PCDHB1
GPR132,GPR132
SNX12,SNX12
NENF,NENF
DSE,DSE
PKN3,PKN3
PURG,PURG
PADI1,PADI1
PNMA3,PNMA3
ANAPC4,ANAPC4
SERTAD3,SERTAD3
DNMT3L,DNMT3L
OSGIN1,OSGIN1
IL19,IL19
SERTAD1,SERTAD1
DPP7,DPP7
TRHDE,TRHDE
POMT2,POMT2
CERS2,CERS2
SLC25A24,SLC25A24
DMGDH,DMGDH
NRBP1,NRBP1
MRM2,MRM2
PRICKLE4,PRICKLE4
CDIP1,CDIP1
STRN3,STRN3
LRP12,LRP12
PSAT1,PSAT1
MDFIC,MDFIC
SCHIP1,SCHIP1
A1CF,A1CF
UBQLN2,UBQLN2
UBQLN1,UBQLN1
DONSON,DONSON
NRBF2,NRBF2
RHOD,RHOD
SLC39A3,SLC39A3
SLC39A2,SLC39A2
SLC2A8,SLC2A8
PACSIN1,PACSIN1
BAZ2B,BAZ2B
LMCD1,LMCD1
NOP53,NOP53
BICRA,BICRA
FSCN3,FSCN3
TNPO2,TNPO2
ERO1A,ERO1A
EFEMP2,EFEMP2
TBX21,TBX21
NXPH1,NXPH1
SH3KBP1,SH3KBP1
TLX3,TLX3
SLC40A1,SLC40A1
RAX,RAX
HUNK,HUNK
SOX8,SOX8
VSX1,VSX1
PLA2G2E,PLA2G2E
ST6GALNAC6,ST6GALNAC6
KCNIP3,KCNIP3
KCNIP2,KCNIP2
KCNIP1,KCNIP1
CXXC1,CXXC1
ZNF354C,ZFP354C
NT5C,NT5C
POLR1H,POLR1H
DNTTIP2,DNTTIP2
SOCS7,SOCS7
EHD4,EHD4
EHD3,EHD3
EHD2,EHD2
CTAG2,CTAG2
PIK3R4,PIK3R4
CDR2L,CDR2L
TAX1BP3,TAX1BP3
STOML2,STOML2
KLK14,KLK14
KLK12,KLK12
ZBTB21,ZBTB21
SCAPER,SCAPER
WRAP73,WRAP73
CRNN,CRNN
CLDN20,CLDN20
RRM2B,RRM2B
SMARCAL1,SMARCAL1
G0S2,G0S2
PLA2G3,PLA2G3
MINK1,MINK1
CD207,CD207
DUOX2,DUOX2
NOX4,NOX4
NOX3,NOX3
COL5A3,COL5A3
SYCP3,SYCP3
PODXL2,PODXL2
CHST11,CHST11
IL20,IL20
UBQLN3,UBQLN3
GALNT9,GALNT9
IL21R,IL21R
IL22,IL22
ATP6V0A4,ATP6V0A4
ITSN2,ITSN2
DEF6,DEF6
CUZD1,CUZD1
ZFTRAF1,ZFTRAF1
GEMIN4,GEMIN4
CALY,CALY
ANO7,ANO7
PNPLA8,PNPLA8
ARHGEF4,ARHGEF4
ARHGEF3,ARHGEF3
SLC45A1,SLC45A1
NEUROG3,NEUROG3
RDH8,RDH8
DCAF8,DCAF8
KCNK4,KCNK4
MYEF2,MYEF2
IRX4,IRX4
ASAP1,ASAP1
AK3,AK3
HP1BP3,HP1BP3
HDGFL3,HDGFL3
COPS7A,COPS7A
NSDHL,NSDHL
TAS2R3,TAS2R137
TAS2R4,TAS2R108
TAS2R16,TAS2R118
TAS2R1,TAS2R119
DHH,DHH
F11R,F11R
TRAT1,TRAT1
VILL,VILL
PARD6A,PARD6A
SPOCK3,SPOCK3
STMN3,STMN3
RNF141,RNF141
NTM,NTM
HEBP1,HEBP1
CDON,CDON
IMPG2,IMPG2
PDE11A,PDE11A
FOXP3,FOXP3
SHANK1,SHANK1
TBX22,TBX22
SOST,SOST
TMED5,TMED5
SLC35B3,SLC35B3
MTERF3,MTERF3
TPRKB,TPRKB
MED31,MED31
COQ6,COQ6
AMDHD2,AMDHD2
SLC35H1,SLC35C2
ASCC1,ASCC1
DERL2,DERL2
EXOSC3,EXOSC3
FAHD2A,FAHD2A
PRELID3B,PRELID3B
EXOSC1,EXOSC1
TMED7,TMED7
ISOC1,ISOC1
EMC9,EMC9
RRP15,RRP15
WASHC3,WASHC3
HDDC2,HDDC2
MRPS16,MRPS16
GLRX2,GLRX2
MRPS18C,MRPS18C
FIS1,FIS1
PAM16,PAM16
GOLT1B,GOLT1B
BOLA1,BOLA1
VPS36,VPS36
DESI2,DESI2
TVP23B,TVP23B
GLOD4,GLOD4
UBXN1,UBXN1
ZNF593,ZFP593
ZBTB7B,ZBTB7B
ST8SIA3,ST8SIA3
PI15,PI15
PRLH,PRLH
GMNN,GMNN
LAP3,LAP3
WDPCP,WDPCP
ZNF691,ZFP691
FAM135B,FAM135B
TXNDC12,TXNDC12
TXNDC11,TXNDC11
ATL1,ATL1
CALHM2,CALHM2
RPS27L,RPS27L
SSUH2,SSUH2
YARS2,YARS2
NMD3,NMD3
MRPL2,MRPL2
NOSIP,NOSIP
DERA,DERA
MEMO1,MEMO1
MRPL4,MRPL4
APIP,APIP
TMX2,TMX2
CUTC,CUTC
FCF1,FCF1
THAP4,THAP4
NDUFA13,NDUFA13
MRPS7,MRPS7
POLR1D,POLR1D
GAL,GAL
CRYL1,CRYL1
MLXIPL,MLXIPL
TNNI3K,TNNI3K
YBX2,YBX2
KLHL5,KLHL5
PLLP,PLLP
SEPSECS,SEPSECS
SIDT2,SIDT2
METTL25B,METTL25B
ADIPOR1,ADIPOR1
TRNT1,TRNT1
UTP18,UTP18
SCCPDH,SCCPDH
IFT52,IFT52
ABHD5,ABHD5
SH3GLB1,SH3GLB1
ZC2HC1A,ZC2HC1A
MECR,MECR
NDUFAF1,NDUFAF1
ABHD17B,ABHD17B
PHF20L1,PHF20L1
TFB1M,TFB1M
APH1A,APH1A
METTL9,METTL9
RDH11,RDH11
LACTB2,LACTB2
KMT5B,KMT5B
TRAPPC12,TRAPPC12
ZDHHC9,ZDHHC9
RMDN1,RMDN1
MRPS2,MRPS2
COQ4,COQ4
UTP11,UTP11
SBDS,SBDS
RPL26L1,RPL26L1
COMMD2,COMMD2
ZNF706,ZFP706
IER3IP1,IER3IP1
GOLGA7,GOLGA7
NAA20,NAA20
TRIM17,TRIM17
SAR1B,SAR1B
ANGPTL4,ANGPTL4
ASB3,ASB3
PHF11,PHF11
RLIM,RLIM
KCTD3,KCTD3
CEP83,CEP83
IRAK4,IRAK4
RNFT1,RNFT1
COPS4,COPS4
INSIG2,INSIG2
CHCHD2,CHCHD2
DYNC1LI1,DYNC1LI1
HSD17B12,HSD17B12
A4GNT,A4GNT
ING4,ING4
CERCAM,CERCAM
MRNIP,MRNIP
SDF4,SDF4
SLC45A2,SLC45A2
MRTO4,MRTO4
JPT1,JPT1
SERPINA10,SERPINA10
VPS28,VPS28
C3ORF18,C8H3ORF18
EGFL7,EGFL7
DBR1,DBR1
DCTN4,DCTN4
AADAT,AADAT
CYB5R4,CYB5R4
MYO15A,MYO15A
HSD17B11,HSD17B11
HSD17B14,HSD17B14
NAGPA,NAGPA
TUBD1,TUBD1
TUBE1,TUBE1
LEF1,LEF1
PLEKHO1,PLEKHO1
HAO2,HAO2
DCXR,DCXR
HSPA14,HSPA14
GPN3,GPN3
CRBN,CRBN
TCEAL9,TCEAL9
RSL24D1,RSL24D1
SS18L2,SS18L2
ZNF639,ZFP639
IPO11,IPO11
RAPGEFL1,RAPGEFL1
PLCE1,PLCE1
NIN,NIN
CPA4,CPA4
ZDHHC2,ZDHHC2
DDX47,DDX47
NUSAP1,NUSAP1
TACO1,TACO1
ACP6,ACP6
GP6,GP6
DUSP13B,DUSP13B
CLDN18,CLDN18
RAB9B,RAB9B
GLRX5,GLRX5
ZNF219,ZFP219
ABI3,ABI3
COPZ2,COPZ2
PIGP,PIGP
GLTP,GLTP
PHF20,PHF20
VRK3,VRK3
CRIM1,CRIM1
EMC4,EMC4
HGH1,HGH1
MZB1,MZB1
ANKRD39,ANKRD39
COX16,COX16
CCDC174,CCDC174
SHISA5,SHISA5
PAIP2,PAIP2
PDZD11,PDZD11
TMEM69,TMEM69
MTRES1,MTRES1
NT5C3A,NT5C3A
FAM178B,FAM178B
MRPL37,MRPL37
RNF181,RNF181
TBC1D7,TBC1D7
MARCHF2,MARCHF2
MRPL51,MRPL51
TMEM216,TMEM216
PBDC1,PBDC1
MRPL30,MRPL30
MRPL27,MRPL27
CDKL3,CDKL3
CLEC1B,CLEC1B
CLEC1A,CLEC1A
PIPOX,PIPOX
UBAP1,UBAP1
BET1L,BET1L
KLF3,KLF3
DNAJC27,DNAJC27
IER5,IER5
C1RL,C1RL
GOLM1,GOLM1
ANKMY1,ANKMY1
SCAND1,SCAND1
BFAR,BFAR
TLR7,TLR7
RASL12,RASL12
CEND1,CEND1
COA4,COA4
RXFP3,RXFP3
ERGIC2,ERGIC2
GMIP,GMIP
GMPR2,GMPR2
CD320,CD320
PCDH12,PCDH12
ECSIT,ECSIT
SLC15A3,SLC15A3
BPIFA1,BPIFA1
SPMAP2,SPMAP2
NRN1,NRN1
TIMMDC1,TIMMDC1
GCNT4,GCNT4
CYP39A1,CYP39A1
FKBP11,FKBP11
ZDHHC3,ZDHHC3
KCNK9,KCNK9
FAM13B,FAM13B
FAM53C,FAM53C
REEP2,REEP2
ARMCX1,ARMCX1
SLC22A17,SLC22A17
TLR8,TLR8
SLC25A37,SLC25A37
GASK1B,GASK1B
NME8,NME8
KRCC1,KRCC1
PLAC8,PLAC8
PHF21A,PHF21A
MRPL35,MRPL35
RSRC1,RSRC1
MEX3C,MEX3C
AMZ2,AMZ2
WAC,WAC
SPG21,SPG21
AHSP,AHSP
ARL6IP4,ARL6IP4
TNFRSF12A,TNFRSF12A
SPTBN5,SPTBN5
ZNF771,ZFP771
PRR16,PRR16
NGRN,NGRN
THEM6,THEM6
DACT1,DACT1
CRNKL1,CRNKL1
ZBTB7A,ZBTB7A
FZR1,FZR1
TAOK3,TAOK3
KRT76,KRT76
MBTPS2,MBTPS2
HOOK1,HOOK1
CDC40,CDC40
CHST15,CHST15
ZMYND10,ZMYND10
PLA1A,PLA1A
UBR5,UBR5
POP5,POP5
TEX264,TEX264
POMP,POMP
TMA7,TMA7
MRPS17,MRPS17
ATRAID,ATRAID
SNX7,SNX7
UCHL5,UCHL5
ANGPT4,ANGPT4
CRLF3,CRLF3
CSAD,CSAD
ATP6V1D,ATP6V1D
WNT16,WNT16
EIF3L,EIF3L
NIP7,NIP7
RWDD1,RWDD1
AIG1,AIG1
TRPV2,TRPV2
COMMD10,COMMD10
WDR83OS,WDR83OS
TRAPPC4,TRAPPC4
PPME1,PPME1
NOL7,NOL7
HEMK1,HEMK1
BIN2,BIN2
ACTL6B,ACTL6B
AMOTL2,AMOTL2
PRKAG2,PRKAG2
POLK,POLK
DDX41,DDX41
SNX9,SNX9
SUCO,SUCO
ANAPC5,ANAPC5
ANAPC7,ANAPC7
SCARA3,SCARA3
MAGEC2,MAGEC2
FAM8A1,FAM8A1
HPCAL4,HPCAL4
YTHDF2,YTHDF2
VGLL1,VGLL1
RNF138,RNF138
IP6K2,IP6K2
PCYOX1,PCYOX1
PRRX2,PRRX2
LCMT1,LCMT1
GULP1,GULP1
REV1,REV1
RHCG,RHCG
SFMBT1,SFMBT1
UBE2J1,UBE2J1
EVL,EVL
DCDC2,DCDC2A
LIMA1,LIMA1
CABP2,CABP2
ISYNA1,ISYNA1
HSD17B7,HSD17B7
ANKFY1,ANKFY1
SPOUT1,SPOUT1
NOP16,NOP16
RTCB,RTCB
HACD3,HACD3
CTDSPL2,CTDSPL2
NELFCD,NELFCD
TRIAP1,TRIAP1
HIKESHI,HIKESHI
CWC15,CWC15
TRMT112,TRMT112
UFC1,UFC1
RTF2,RTF2
CHMP5,CHMP5
GTSE1,GTSE1
DTL,DTL
NCKIPSD,NCKIPSD
LARS1,LARS1
TMEM14C,TMEM14C
CXXC5,CXXC5
TMEM138,TMEM138
OSER1,OSER1
GSKIP,GSKIP
JKAMP,JKAMP
ANAPC11,ANAPC11
ZC3HC1,ZC3HC1
TRMO,TRMO
PHF7,PHF7
VTA1,VTA1
PPHLN1,PPHLN1
MTFP1,MTFP1
ZCCHC17,ZCCHC17
SCLY,SCLY
VPS54,VPS54
SIRT7,SIRT7
SIRT6,SIRT6
CINP,CINP
RAB14,RAB14
ACKR4,ACKR4
PEX5L,PEX5L
LGSN,LGSN
NT5DC3,NT5DC3
RAB6B,RAB6B
IL23A,IL23A
MBIP,MBIP
HDAC7,HDAC7
ARMCX3,ARMCX3
TDP2,TDP2
UFM1,UFM1
CYRIB,CYRIB
GDE1,GDE1
LARP7,LARP7
ESF1,ESF1
AZIN1,AZIN1
PCF11,PCF11
MED15,MED15
PIAS4,PIAS4
TRIM33,TRIM33
SRRT,SRRT
NBAS,NBAS
CUTA,CUTA
LSR,LSR
LIPT1,LIPT1
NOP58,NOP58
METTL13,METTL13
PIGT,PIGT
TRMT6,TRMT6
ATP6V1H,ATP6V1H
GET4,GET4
DPH5,DPH5
ERGIC3,ERGIC3
TAF9B,TAF9B
NSG2,NSG2
KLF13,KLF13
CCZ1,CCZ1
DYNC2LI1,DYNC2LI1
SLC25A39,SLC25A39
LUC7L2,LUC7L2
OTUD6B,OTUD6B
RBMX2,RBMX2
DHRS7,DHRS7
RTRAF,RTRAF
SF3B6,SF3B6
MRPL48,MRPL48
TMBIM4,TMBIM4
PPIL1,PPIL1
YPEL5,YPEL5
CIAO2B,CIAO2B
MRPS23,MRPS23
MRPS33,MRPS33
PTRH2,PTRH2
CHMP3,CHMP3
CDK5RAP1,CDK5RAP1
RASD1,RASD1
STYXL1,STYXL1
GINS2,GINS2
MPC1,MPC1
FKBP7,FKBP7
ZFR,ZFR
ASB1,ASB1
ASB4,ASB4
NUB1,NUB1
IFT25,IFT25
SARAF,SARAF
TPPP3,TPPP3
ASB2,ASB2
PALS2,PALS2
SUFU,SUFU
OAZ3,OAZ3
LSM7,LSM7
LSM8,LSM8
CPSF3,CPSF3
TRAPPC2L,TRAPPC2L
HECA,HECA
VPS29,VPS29
CYB5R2,CYB5R2
NLK,NLK
PADI3,PADI3
ACSL5,ACSL5
GPRC5B,GPRC5B
EMCN,EMCN
CYB5R1,CYB5R1
SELENOT,SELENOT
RAB23,RAB23
CAB39,CAB39
UIMC1,UIMC1
FBXO40,FBXO40
DNAJB11,DNAJB11
CMPK1,CMPK1
POLR3K,POLR3K
WBP11,WBP11
UPB1,UPB1
MSRB1,MSRB1
RAPGEF6,RAPGEF6
GHRL,GHRL
WWOX,WWOX
ARID4B,ARID4B
CD244,CD244
LUC7L3,LUC7L3
RTEL1,RTEL1
HIGD1B,HIGD1B
ERAP1,ERAP1
TMEM8B,TMEM8B
CDK12,CDK12
C9ORF78,C3H9ORF78
SYT17,SYT17
ATP8A2,ATP8A2
RAB8B,RAB8B
INPP5K,INPP5K
GNG13,GNG13
STK26,STK26
TM7SF3,TM7SF3
RSF1,RSF1
MAP3K20,MAP3K20
MYOZ2,MYOZ2
KDM3B,KDM3B
ASIC5,ASIC5
SIX4,SIX4
COQ3,COQ3
CALML5,CALML5
TUBA8,TUBA8
PHAX,PHAX
GALNT7,GALNT7
BCL11A,BCL11A
BTBD1,BTBD1
SPA17,SPA17
IL17D,IL17D
NUDT9,NUDT9
CHIC1,CHIC1
TM6SF2,TM6SF2
TM6SF1,TM6SF1
UBASH3A,UBASH3A
ZFYVE1,ZFYVE1
LRP1B,LRP1B
PANK1,PANK1
SHC3,SHC3
NUP54,NUP54
TPCN1,TPCN1
CLIC5,CLIC5
STX18,STX18
MBD3,MBD3
ADAM22,ADAM22
BCO1,BCO1
PRKAG3,PRKAG3
PTOV1,PTOV1
S1PR5,S1PR5
RIPPLY3,RIPPLY3
FXYD7,FXYD7
FXYD6,FXYD6
FXYD5,FXYD5
FXYD4,FXYD4
P2RY13,P2RY13
GPR84,GPR84
IL20RA,IL20RA
IL20RB,IL20RB
FGFRL1,FGFRL1
GPR87,GPR87
C11ORF24,C1H11ORF24
TRIM34,TRIM34
CDHR5,CDHR5
CLDN22,CLDN22
MYO3A,MYO3A
DUOX1,DUOX1
RAB4B,RAB4B
RAB24,RAB24
PELO,PELO
SLCO1C1,SLCO1C1
PPIL3,PPIL3
CNTN5,CNTN5
CSNK1G1,CSNK1G1
A4GALT,A4GALT
CPSF2,CPSF2
BRWD1,BRWD1
SLC37A1,SLC37A1
RBM11,RBM11
PCBP3,PCBP3
C21ORF58,C20H21ORF58
YBEY,YBEY
SMIM11,SMIM11
MIS18A,MIS18A
TSPEAR,TSPEAR
SETD4,SETD4
FAM3B,FAM3B
RIPK4,RIPK4
CLIC6,CLIC6
GSAP,GSAP
TLR9,TLR9
POLE3,POLE3
CHRAC1,CHRAC1
GPR88,GPR88
MRPL39,MRPL39
C21ORF91,C11H21ORF91
DCUN1D1,DCUN1D1
NANS,NANS
CYCS,CYCS
ERRFI1,ERRFI1
KCNK10,KCNK10
TREM2,TREM2
TREM1,TREM1
SNTG1,SNTG1
SNTG2,SNTG2
GPR173,GPR173
GPR85,GPR85
GNG2,GNG2
GDAP1,GDAP1
DPM3,DPM3
SOX18,SOX18
UNC93A,UNC93A
CYTL1,CYTL1
WNT4,WNT4
HAO1,HAO1
TERF2IP,TERF2IP
SLC38A2,SLC38A2
NLGN3,NLGN3
SIAE,SIAE
DNAJC10,DNAJC10
YIPF1,YIPF1
GAR1,GAR1
SSH1,SSH1
SH3TC1,SH3TC1
SEMA5B,SEMA5B
GFOD1,GFOD1
RBM27,RBM27
SASH3,SASH3
KCTD5,KCTD5
ANLN,ANLN
RIN2,RIN2
ATAD2B,ATAD2B
FBXO42,FBXO42
MOV10L1,MOV10L1
TAF7L,TAF7L
PRR13,PRR13
MRPS21,MRPS21
FBXW5,FBXW5
CCSER2,CCSER2
RETREG1,RETREG1
XRN1,XRN1
ETAA1,ETAA1
ANKIB1,ANKIB1
MIOS,MIOS
ZFAND6,ZFAND6
ARMCX6,ARMCX6
MIEF1,MIEF1
TOLLIP,TOLLIP
KRT20,KRT20
NLE1,NLE1
RNF216,RNF216
PLEKHA5,PLEKHA5
PIMREG,PIMREG
CHPF2,CHPF2
TRMT13,TRMT13
DGCR8,DGCR8
OTULINL,OTULINL
NEURL1B,NEURL1B
C11ORF71,C8H11ORF71
TMX3,TMX3
PRMT7,PRMT7
HEATR5B,HEATR5B
SMOX,SMOX
TMCO1,TMCO1
RBM47,RBM47
ZDHHC13,ZDHHC13
CPVL,CPVL
DHX29,DHX29
ADAMTSL4,ADAMTSL4
RHOF,RHOF
PCDH18,PCDH18
HMGCLL1,HMGCLL1
EXOSC4,EXOSC4
DDX4,DDX4
MTRF1L,MTRF1L
PUS7,PUS7
APBB1IP,APBB1IP
CCDC93,CCDC93
WDR44,WDR44
ANKRD16,ANKRD16
ASNSD1,ASNSD1
MIER2,MIER2
USP53,USP53
MRPL50,MRPL50
CCHCR1,CCHCR1
EXOC6,EXOC6
SHLD2,SHLD2
ROBO4,ROBO4
NDUFB11,NDUFB11
FAM193B,FAM193B
DDIT4,DDIT4
RC3H2,RC3H2
TOMM7,TOMM7
CRCT1,CRCT1
MTMR12,MTMR12
RNF186,RNF186
SDK2,SDK2
NECAB2,NECAB2
MAGEL2,MAGEL2
GNL3L,GNL3L
WDR5B,WDR5B
DDX49,DDX49
ING3,ING3
SGTB,SGTB
SPATA6,SPATA6
EPB41L4B,EPB41L4B
DLL4,DLL4
UGT1A8,UGT1A8
UGT1A2P,UGT1A2
EGLN1,EGLN1
GNB1L,GNB1L
LZTFL1,LZTFL1
EQTN,EQTN
MXRA8,MXRA8
L1TD1,L1TD1
NDFIP2,NDFIP2
DDX56,DDX56
INO80,INO80
CCNJ,CCNJ
FBXL19,FBXL19
VSIG10,VSIG10
ARL15,ARL15
PAF1,PAF1
PARP14,PARP14
HES2,HES2
MAP10,MAP10
MINDY2,MINDY2
UGT1A1,UGT1A1
TBC1D13,TBC1D13
WDR74,WDR74
TMEM106B,TMEM106B
RSBN1,RSBN1
LRRN3,LRRN3
CRLS1,CRLS1
GTPBP2,GTPBP2
CROT,CROT
ZNHIT6,ZNHIT6
P4HTM,P4HTM
MANSC1,MANSC1
RRN3,RRN3
PDP1,PDP1
GPN2,GPN2
MARCHF5,MARCHF5
CNGB3,CNGB3
RBFOX1,RBFOX1
SLC6A20,SLC6A20A
OTUD4,OTUD4
NKX1-1,NKX1-1
TMED9,TMED9
SLC35F2,SLC35F2
RAB39A,RAB39A
MPHOSPH8,MPHOSPH8
FEV,FEV
XAF1,XAF1
LEPROT,LEPROT
LY6K,LY6K
EPDR1,EPDR1
FBLIM1,FBLIM1
FNDC8,FNDC8
ZNF853,ZFP853
NUTM2F,NUTM2
IL17RD,IL17RD
FAM20A,FAM20A
KLHDC4,KLHDC4
PCSK4,PCSK4
GRAMD1C,GRAMD1C
ROPN1,ROPN1
ZRANB1,ZRANB1
TRIM44,TRIM44
BTG4,BTG4
HYDIN,HYDIN
DIRAS2,DIRAS2
PPP1R12C,PPP1R12C
CFAP46,CFAP46
RNF111,RNF111
NSMCE4A,NSMCE4A
ALKBH4,ALKBH4
BORCS6,BORCS6
DNAJB12,DNAJB12
TET2,TET2
KCTD9,KCTD9
TRPM4,TRPM4
BNC2,BNC2
MED18,MED18
DCHS2,DCHS2
MBTD1,MBTD1
KLHL24,KLHL24
HAUS6,HAUS6
TRIT1,TRIT1
CNNM2,CNNM2
AHI1,AHI1
DYM,DYM
SAMD9,SAMD9
GIPC2,GIPC2
AFTPH,AFTPH
KLHL28,KLHL28
QPCTL,QPCTL
GATAD2A,GATAD2A
ZNF280D,ZFP280D
ZCCHC10,ZCCHC10
NDE1,NDE1
ERCC6L,ERCC6L
TRPM7,TRPM7
SWT1,SWT1
CDHR2,CDHR2
GIN1,GIN1
NXPE4,NXPE4
BCAS3,BCAS3
ASPN,ASPN
NUP62CL,NUP62CL
BEST2,BEST2
VPS13C,VPS13C
GDAP2,GDAP2
BSPRY,BSPRY
WBP1L,WBP1L
LRRC49,LRRC49
APTX,APTX
BIVM,BIVM
MFSD6,MFSD6
SYTL2,SYTL2
ESRP1,ESRP1
SIDT1,SIDT1
ARHGEF38,ARHGEF38
DEF8,DEF8
FBXL12,FBXL12
ANKRD49,ANKRD49
PAQR5,PAQR5
WDR55,WDR55
SACK1E,SACK1E
TENT5C,TENT5C
GON4L,GON4L
GDPD2,GDPD2
PGPEP1,PGPEP1
ELP6,ELP6
SNRK,SNRK
CC2D1A,CC2D1A
TOR4A,TOR4A
GPATCH4,GPATCH4
PPP1R14D,PPP1R14D
TMEM214,TMEM214
SLC38A12,SLC38A12
EPS8L1,EPS8L1
QRICH1,QRICH1
PIGG,PIGG
PALMD,PALMD
FNBP1L,FNBP1L
CNTLN,CNTLN
ZCCHC2,ZCCHC2
DPP8,DPP8
ST7L,ST7L
BCOR,BCOR
TEX10,TEX10
ANKHD1,ANKHD1
CWC25,CWC25
RETSAT,RETSAT
TBC1D8B,TBC1D8B
PLPPR1,PLPPR1
BLTP3A,BLTP3A
NSUN2,NSUN2
ALKBH5,ALKBH5
INO80D,INO80D
NCAPG2,NCAPG2
MTMR10,MTMR10
RNF43,RNF43
SLC66A1,SLC66A1
CASZ1,CASZ1
ELOVL2,ELOVL2
PXK,PXK
LAX1,LAX1
CDKAL1,CDKAL1
TTC19,TTC19
MKS1,MKS1
NSD3,NSD3
CYP2W1,CYP2W1
TASOR2,TASOR2
SPDL1,SPDL1
SEMA4C,SEMA4C
RPP25,RPP25
FOCAD,FOCAD
YTHDF1,YTHDF1
TMEM260,TMEM260
CMTM6,CMTM6
DNAAF5,DNAAF5
DUS2,DUS2
CHTF8,CHTF8
RASIP1,RASIP1
LIME1,LIME1
UBE2R2,UBE2R2
CHCHD3,CHCHD3
BPNT2,BPNT2
TMEM161A,TMEM161A
HAUS4,HAUS4
TRMT10C,TRMT10C
RHBDL2,RHBDL2
KANSL2,KANSL2
DUSP23,DUSP23
ADPRS,ADPRS
SOHLH2,SOHLH2
SARS2,SARS2
COMMD4,COMMD4
OCIAD1,OCIAD1
RNF125,RNF125
ABITRAM,ABITRAM
DNAJC28,DNAJC28
SLC41A3,SLC41A3
LPCAT2,LPCAT2
MRPL16,MRPL16
SDHAF2,SDHAF2
COMMD8,COMMD8
TRNAU1AP,TRNAU1AP
ODR4,ODR4
FAM120C,FAM120C
AIRIM,AIRIM
PARP16,PARP16
TXNL4B,TXNL4B
TMEM160,TMEM160
ODAM,ODAM
GEMIN8,GEMIN8
SSH3,SSH3
TIPIN,TIPIN
UCKL1,UCKL1
C1ORF56,C2H1ORF56
PIGX,PIGX
TMEM70,TMEM70
HPF1,HPF1
TTC12,TTC12
BANP,BANP
TMEM132A,TMEM132A
INTS11,INTS11
THG1L,THG1L
ADISSP,ADISSP
SLC25A38,SLC25A38
SLC35F6,SLC35F6
C2ORF42,C4H2ORF42
NMRK1,NMRK1
CLN6,CLN6
PINX1,PINX1
HCFC1R1,HCFC1R1
ULK4,ULK4
CZIB,CZIB
ACSM5,ACSM5
ZNF770,ZFP770
C1ORF159,C5H1ORF159
ZSCAN2,ZSCAN2
GID8,GID8
OXSM,OXSM
MTARC2,MTARC2
TESC,TESC
AURKAIP1,AURKAIP1
TUG1,TUG1
TTC22,TTC22
SLC9D1,SLC9D1
PAK1IP1,PAK1IP1
LAMTOR1,LAMTOR1
RMND1,RMND1
TRMT61B,TRMT61B
SIRAL2,SIRAL2
HERC6,HERC6
FAM174C,FAM174C
PARPBP,PARPBP
PIH1D1,PIH1D1
PPP2R3C,PPP2R3C
MCUB,MCUB
STX17,STX17
PRPF39,PRPF39
MARCHF1,MARCHF1
C14ORF119,C15H14ORF119
ANKRD40CL,ANKRD40CL
TTC38,TTC38
PID1,PID1
PHIP,PHIP
BANK1,BANK1
TMEM255A,TMEM255A
HEATR3,HEATR3
MTNAP1,MTNAP1
FBXO34,FBXO34
USP47,USP47
SLC35A5,SLC35A5
FKBP14,FKBP14
MOCOS,MOCOS
NOL8,NOL8
CCDC40,CCDC40
PTCD3,PTCD3
CDCA4,CDCA4
TYW2,TYW2
EPN3,EPN3
PLEKHB2,PLEKHB2
VPS37C,VPS37C
REX1BD,REX1BD
NRDE2,NRDE2
MRPL20,MRPL20
ATG16L1,ATG16L1
ZWILCH,ZWILCH
CRYBG2,CRYBG2
SUSD4,SUSD4
WIPI1,WIPI1
ZCWPW1,ZCWPW1
SPATA6L,SPATA6L
PDPR,PDPR
ENOX1,ENOX1
TMEM248,TMEM248
DET1,DET1
C9ORF40,C1H9ORF40
RNF31,RNF31
OXR1,OXR1
UACA,UACA
TMEM45A,TMEM45A
FEZF2,FEZF2
TAPBPL,TAPBPL
IFT57,IFT57
ARGLU1,ARGLU1
KIF26B,KIF26B
SOBP,SOBP
RADX,RADX
CCDC186,CCDC186
SLC38A4,SLC38A4
MED9,MED9
TMEM51,TMEM51
NTAQ1,NTAQ1
GPATCH1,GPATCH1
SAMD4B,SAMD4B
WDR70,WDR70
DMAC2,DMAC2
ATG2B,ATG2B
RALGPS2,RALGPS2
GPATCH2,GPATCH2
ANO1,ANO1
BSDC1,BSDC1
AGGF1,AGGF1
MAGOHB,MAGOHB
PLEKHJ1,PLEKHJ1
DYNC2I1,DYNC2I1
XKR8,XKR8
ARHGAP17,ARHGAP17
TMEM39B,TMEM39B
SLC6A15,SLC6A15
CRTAC1,CRTAC1
PRPF38B,PRPF38B
FANCL,FANCL
AKIRIN2,AKIRIN2
PIWIL2,PIWIL2
CEP192,CEP192
HEATR1,HEATR1
TRIM68,TRIM68
ANO10,ANO10
ODAD2,ODAD2
RBM28,RBM28
LARP1B,LARP1B
SRBD1,SRBD1
WRAP53,WRAP53
FIGN,FIGN
ANKZF1,ANKZF1
ELP3,ELP3
HAUS2,HAUS2
CDCA8,CDCA8
LRRC8D,LRRC8D
THAP1,THAP1
ZDHHC4,ZDHHC4
UBR7,UBR7
MTPAP,MTPAP
TMEM38B,TMEM38B
DALRD3,DALRD3
SDAD1,SDAD1
MSTO1,MSTO1
ARMC1,ARMC1
DARS2,DARS2
RFWD3,RFWD3
ARHGEF10L,ARHGEF10L
TMEM33,TMEM33
PNPO,PNPO
SHQ1,SHQ1
CEP55,CEP55
CENPQ,CENPQ
MSL2,MSL2
MRPS18A,MRPS18A
PRMT6,PRMT6
TBCCD1,TBCCD1
DNAAF2,DNAAF2
MRPS10,MRPS10
INTS10,INTS10
KLHL11,KLHL11
SEC61A2,SEC61A2
RMDN3,RMDN3
MRM3,MRM3
FAIM,FAIM
LINS1,LINS1
SMG8,SMG8
RNF220,RNF220
RIF1,RIF1
DZANK1,DZANK1
SLC25A36,SLC25A36
VPS13D,VPS13D
RIC8B,RIC8B
NUDT11,NUDT11
NADSYN1,NADSYN1
DNAJC17,DNAJC17
PBRM1,PBRM1
EVA1B,EVA1B
CCDC198,CCDC198
RESF1,RESF1
RPRD1A,RPRD1A
APPL2,APPL2
PLEKHG6,PLEKHG6
MAP1S,MAP1S
LGI2,LGI2
GOLPH3L,GOLPH3L
ZNF532,ZFP532
SBNO1,SBNO1
ARL8B,ARL8B
DCUN1D2,DCUN1D2
SETD5,SETD5
ATAD3A,ATAD3A
DPPA4,DPPA4
BBS7,BBS7
P3H2,P3H2
FANCI,FANCI
NKAPD1,NKAPD1
TMLHE,TMLHE
EXD2,EXD2
MACO1,MACO1
KLHDC8A,KLHDC8A
LRRC20,LRRC20
TRIM62,TRIM62
ETNK2,ETNK2
RAVER2,RAVER2
NAT10,NAT10
LRRC1,LRRC1
PNMA8A,PNMA8A
PANK4,PANK4
USP40,USP40
CCDC87,CCDC87
MOB1A,MOB1A
SMU1,SMU1
UBA6,UBA6
VRTN,VRTN
SLC38A7,SLC38A7
OGFOD1,OGFOD1
STEAP3,STEAP3
KIRREL1,KIRREL1
SLC47A1,SLC47A1
UQCC1,UQCC1
CCDC25,CCDC25
NEIL3,NEIL3
PACC1,PACC1
ELP2,ELP2
PCMTD2,PCMTD2
ASXL2,ASXL2
TYW1,TYW1
TMEM39A,TMEM39A
WDR41,WDR41
ADI1,ADI1
MRGBP,MRGBP
THNSL2,THNSL2
DNAI7,DNAI7
TMEM143,TMEM143
TRAPPC14,TRAPPC14
TMEM19,TMEM19
ECHDC2,ECHDC2
PSPC1,PSPC1
NUDT15,NUDT15
IMP3,IMP3
TMEM100,TMEM100
PHF10,PHF10
VPS53,VPS53
PGM2,PGM2
FGGY,FGGY
QRSL1,QRSL1
ZNF654,ZFP654
CWF19L1,CWF19L1
TMEM140,TMEM140
LRRC36,LRRC36
MCOLN3,MCOLN3
UBE2W,UBE2W
RBM41,RBM41
PGCKA1,PGCKA1
TMEM40,TMEM40
RHOT1,RHOT1
ACOXL,ACOXL
BRF2,BRF2
PPP6R3,PPP6R3
UEVLD,UEVLD
FBXW7,FBXW7
KLHL26,KLHL26
TBC1D19,TBC1D19
CCDC91,CCDC91
RNF121,RNF121
BRIX1,BRIX1
PI4K2B,PI4K2B
OLAH,OLAH
GIMAP4,GIMAP4
SPTLC3,SPTLC3
DDX19A,DDX19A
ZNF444,ZFP444
RFK,RFK
CPPED1,CPPED1
TMEM144,TMEM144
SLC29A3,SLC29A3
RSAD1,RSAD1
AP5S1,AP5S1
TMA16,TMA16
MIS18BP1,MIS18BP1
TMEM74B,TMEM74B
C5ORF22,C2H5ORF22
LARP6,LARP6
ABCF3,ABCF3
UFSP2,UFSP2
AGPAT5,AGPAT5
LIN7C,LIN7C
RNLS,RNLS
MNS1,MNS1
BLOC1S4,BLOC1S4
ACER3,ACER3
DRAM1,DRAM1
SYNJ2BP,SYNJ2BP
SLC39A9,SLC39A9
FBXL8,FBXL8
SHFL,SHFL
WDR33,WDR33
GIMAP5,GIMAP5
LSG1,LSG1
STRBP,STRBP
SLC35C1,SLC35C1
PLCXD1,PLCXD1
ZGRF1,ZGRF1
TCP11L1,TCP11L1
ABHD10,ABHD10
CHDH,CHDH
STK32B,STK32B
COPRS,COPRS
LAPTM4B,LAPTM4B
HJURP,HJURP
SLC22A15,SLC22A15
TBC1D2,TBC1D2
STYK1,STYK1
PI4K2A,PI4K2A
TMEM63B,TMEM63B
HEMGN,HEMGN
IMPACT,IMPACT
TMEM176A,TMEM176A
LGR4,LGR4
PIDD1,PIDD1
TMCO6,TMCO6
LRRC59,LRRC59
MCM10,MCM10
NCBP3,NCBP3
GPALPP1,GPALPP1
YOD1,YOD1
AP1AR,AP1AR
STRADB,STRADB
CAMK2N1,CAMK2N1
CSGALNACT2,CSGALNACT2
DNAJA4,DNAJA4
NDUFAF7,NDUFAF7
PARL,PARL
ETNK1,ETNK1
CHST12,CHST12
HES6,HES6
TRPV6,TRPV6
TNFRSF19,TNFRSF19
NOP10,NOP10
MACROH2A2,MACROH2A2
GPRC5D,GPRC5D
SLC35E3,SLC35E3
BATF3,BATF3
DDX43,DDX43
SMPD3,SMPD3
ASIC4,ASIC4
ELAC1,ELAC1
TRIM36,TRIM36
DHTKD1,DHTKD1
FEM1A,FEM1A
PIP4P2,PIP4P2
SVOP,SVOP
ELMOD1,ELMOD1
SLC30A10,SLC30A10
MAML3,MAML3
CDCA7L,CDCA7L
IL17RB,IL17RB
RBM38,RBM38
SOX6,SOX6
ENOSF1,ENOSF1
PLXNA3,PLXNA3
HAUS7,HAUS7
CDC42BPG,CDC42BPG
ZNF821,ZFP821
DNAH3,DNAH3
GALNT10,GALNT10
CNOT11,CNOT11
FOXRED1,FOXRED1
CDV3,CDV3
STAB2,STAB2
NAGK,NAGK
SUPT20H,SUPT20H
KIF27,KIF27
CHRNA9,CHRNA9
UBE2Q1,UBE2Q1
MIOX,MIOX
MED29,MED29
BMP2K,BMP2K
VEZT,VEZT
OTUD5,OTUD5
ZCCHC8,ZCCHC8
RNPC3,RNPC3
ITLN1,ITLN1
DDX60,DDX60
CDKN2AIP,CDKN2AIP
TENT5A,TENT5A
CARMIL1,CARMIL1
KIF21A,KIF21A
PPP1R9A,PPP1R9A
ANKRD10,ANKRD10
ZNF280C,ZFP280C
VPS50,VPS50
OTUB1,OTUB1
FERMT1,FERMT1
KIF16B,KIF16B
PRR5,PRR5
ASAP3,ASAP3
TASP1,TASP1
DOCK10,DOCK10
STAP2,STAP2
TRMT1,TRMT1
TTC27,TTC27
THUMPD1,THUMPD1
POMGNT1,POMGNT1
ZDHHC7,ZDHHC7
AMBRA1,AMBRA1
SMPD4,SMPD4
ZNF407,ZFP407
PNRC2,PNRC2
SLC39A4,SLC39A4
LRRC40,LRRC40
G2E3,G2E3
TBC1D22B,TBC1D22B
DEPDC1,DEPDC1
CHD7,CHD7
SYBU,SYBU
FLVCR2,FLVCR2
BTBD2,BTBD2
OSGEP,OSGEP
LYAR,LYAR
RAB20,RAB20
PIGV,PIGV
NHP2,NHP2
SLC48A1,SLC48A1
TMEM127,TMEM127
NLRP2,NLRP2
INTS8,INTS8
ZNF692,ZFP692
RNF126,RNF126
PRPF40A,PRPF40A
DDX27,DDX27
HIF1AN,HIF1AN
CDC37L1,CDC37L1
URGCP,URGCP
NPLOC4,NPLOC4
DENND4C,DENND4C
GPATCH2L,GPATCH2L
MFN1,MFN1
PEX26,PEX26
PPP4R3A,PPP4R3A
SLC30A6,SLC30A6
IWS1,IWS1
LIMS2,LIMS2
RUFY2,RUFY2
SCYL2,SCYL2
KANSL3,KANSL3
RABL6,RABL6
MREG,MREG
TRMU,TRMU
YEATS2,YEATS2
PACS1,PACS1
FRMD4A,FRMD4A
LUC7L,LUC7L1
KDM4D,KDM4D
NSUN5,NSUN5
RBM22,RBM22
VAC14,VAC14
RADIL,RADIL
IARS2,IARS2
MAP7D1,MAP7D1
ARHGEF40,ARHGEF40
YJU2,YJU2
POLR3B,POLR3B
CCDC88A,CCDC88A
IPO9,IPO9
NDC1,NDC1
NECAP2,NECAP2
KBTBD4,KBTBD4
FAR2,FAR2
TENM3,TENM3
DOK4,DOK4
LMBR1L,LMBR1L
WDR11,WDR11
POLR3E,POLR3E
SLF2,SLF2
TSR1,TSR1
IQCC,IQCC
CEP72,CEP72
ASF1B,ASF1B
INTS13,INTS13
BTBD7,BTBD7
N4BP2,N4BP2
ATF7IP,ATF7IP
FAM222B,FAM222B
FIRRM,FIRRM
HHAT,HHAT
ZFP64,ZFP64
DNAJC11,DNAJC11
VPS35,VPS35
ARFGAP1,ARFGAP1
NAXD,NAXD
ENAH,ENAH
EDEM2,EDEM2
PARVA,PARVA
CHFR,CHFR
AP5M1,AP5M1
NUP133,NUP133
CNDP2,CNDP2
CCAR1,CCAR1
AGK,AGK
TMEM184C,TMEM184C
SEPTIN11,SEPTIN11
OGDHL,OGDHL
CDC50A,CDC50A
CDK5RAP2,CDK5RAP2
INTS9,INTS9
UGGT2,UGGT2
RCOR3,RCOR3
WDR12,WDR12
DHX32,DHX32
TTC17,TTC17
EXOC1,EXOC1
IFT122,IFT122
INAVA,INAVA
H2AJ,H2AJ
NGLY1,NGLY1
EXOC2,EXOC2
PRR11,PRR11
TBC1D23,TBC1D23
TDP1,TDP1
SAYSD1,SAYSD1
MBD5,MBD5
ZNF839,ZFP839
CFAP44,CFAP44
ERMARD,ERMARD
RIOK2,RIOK2
CMTR2,CMTR2
MCTP2,MCTP2
FGD6,FGD6
TXLNG,TXLNG
LMBRD1,LMBRD1
DEPDC1B,DEPDC1B
CSGALNACT1,CSGALNACT1
LRIF1,LRIF1
MINDY1,MINDY1
DDX28,DDX28
PCID2,PCID2
MBNL3,MBNL3
CACNA2D3,CACNA2D3
SCN3B,SCN3B
DCP1A,DCP1A
ADAP2,ADAP2
LRP2BP,LRP2BP
HR,HR
ST6GALNAC1,ST6GALNAC1
TRERF1,TRERF1
FOXJ2,FOXJ2
ADCY10,ADCY10
SPATA7,SPATA7
UTP6,UTP6
BDP1,BDP1
TSNAXIP1,TSNAXIP1
DOK5,DOK5
KDM3A,KDM3A
RNF130,RNF130
ALLC,ALLC
VPS11,VPS11
PAG1,PAG1
PECR,PECR
DCAF6,DCAF6
SELENOS,SELENOS
GLT8D1,GLT8D1
EMC3,EMC3
CAND1,CAND1
UBAP2,UBAP2
CPAP,CPAP
EAPP,EAPP
CENPN,CENPN
EAF2,EAF2
WWC3,WWC3
ARHGAP15,ARHGAP15
PPP2R2D,PPP2R2D
BRK1,BRK1
ITFG2,ITFG2
CISD1,CISD1
PLGRKT,PLGRKT
USE1,USE1
PSENEN,PSENEN
TEX2,TEX2
ZC3H15,ZC3H15
ACOT13,ACOT13
KIZ,KIZ
TMEM165,TMEM165
BEX1,BEX2
ACTR10,ACTR10
DBNDD2,DBNDD2
ECHDC1,ECHDC1
TMEM126B,TMEM126B
HDAC8,HDAC8
ASH1L,ASH1L
ZNG1A,ZNG1A
PBK,PBK
GABRQ,GABRQ
WSB2,WSB2
LMO3,LMO3
GPRC5C,GPRC5C
LENEP,LENEP
MYNN,MYNN
ZNF395,ZFP395
MESP1,MESP1
UNC45A,UNC45A
THSD1,THSD1
ACSS2,ACSS2
KMT2E,KMT2E
RNF114,RNF114
ZC4H2,ZC4H2
CMAS,CMAS
ANGPTL8,ANGPTL8
BIN3,BIN3
APOBR,APOBR
ERBIN,ERBIN
LANCL2,LANCL2
NXT2,NXT2
CTTNBP2NL,CTTNBP2NL
RCC2,RCC2
NKRF,NKRF
INKA2,INKA2
DMAP1,DMAP1
MYO5C,MYO5C
APOM,APOM
ZMAT5,ZMAT5
LIN37,LIN37
KLHL9,KLHL9
SULF2,SULF2
SEPTIN3,SEPTIN3
AJAP1,AJAP1
NDUFA12,NDUFA12
NSFL1C,NSFL1C
RAB5IF,RAB5IF
GNG12,GNG12
BAIAP2L1,BAIAP2L1
SLC25A40,SLC25A40
BCAP29,BCAP29
SLC50A1,SLC50A1
KLHL7,KLHL7
NXF3,NXF3
MYDGF,MYDGF
SMG9,SMG9
BARX1,BARX1
PDGFC,PDGFC
ALG1,ALG1
UBFD1,UBFD1
KLHL4,KLHL4
TMEM234,TMEM234
PCDHGB7,PCDHGB7
PCDHGB1,PCDHGB1
PCDHGA11,PCDHGA11
PCDHGA10,PCDHGA10
PCDHGA9,PCDHGA9
PCDHGA7,PCDHGA7
PCDHGA5,PCDHGA5
PCDHGA4,PCDHGA4
PCDHGA3,PCDHGA3
PCDHGA1,PCDHGA1
PCDHB3,PCDHB3
PCDHB2,PCDHB2
PCDHA13,PCDHA13
PCDHA12,PCDHA12
PCDHA11,PCDHA11
PCDHA4,PCDHA4
PCDHA3,PCDHA3
PCDHA2,PCDHA2
PCDHA1,PCDHA1
TEX15,TEX15
TEX14,TEX14
TEX13B,TEX13B
TEX12,TEX12
TEX11,TEX11
NSMCE3,NSMCE3
RNF17,RNF17
STK31,STK31
TDRD1,TDRD1
GSDMC,GSDMC
DNAH7,DNAH7
ANKH,ANKH
MOSPD1,MOSPD1
MTFR1L,MTFR1L
LMOD3,LMOD3
ATOSA,ATOSA
SUSD2,SUSD2
KIAA1217,ETL4
BTNL2,BTNL2
EPCIP,EPCIP
MRAP,MRAP
YLPM1,YLPM1
CRTAM,CRTAM
RNF20,RNF20
TMX4,TMX4
SERTAD4,SERTAD4
MEPCE,MEPCE
CTNNBL1,CTNNBL1
GPCPD1,GPCPD1
LRRC8A,LRRC8A
CPXM1,CPXM1
KYAT3,KYAT3
IRGC,IRGC
WDR45B,WDR45B
BEX4,BEX4
GKN1,GKN1
PARD3,PARD3
IL36G,IL36G
SLC7A10,SLC7A10
TRPV5,TRPV5
ANKRD7,ANKRD7
METTL3,METTL3
PRMT8,PRMT8
PPAN,PPAN
CABP5,CABP5
LTB4R2,LTB4R2
CTPS2,CTPS2
RPRM,RPRM
CCL28,CCL28
EIF4ENIF1,EIF4ENIF1
KCNQ5,KCNQ5
DNAJC12,DNAJC12
CHST7,CHST7
CYP26B1,CYP26B1
ERO1B,ERO1B
SLC2A9,SLC2A9
DIABLO,DIABLO
INPP5E,INPP5E
ASAH2,ASAH2
BCCIP,BCCIP
EIF5A2,EIF5A2
TMPRSS4,TMPRSS4
CLDND1,CLDND1
TWNK,TWNK
NPDC1,NPDC1
POLE4,POLE4
TRIM39,TRIM39
KCNK13,KCNK13
KCNK12,KCNK12
PANX2,PANX2
MUC13,MUC13
SUCNR1,SUCNR1
AKIP1,AKIP1
C11ORF16,C1H11ORF16
TMEM9B,TMEM9B
NRIP3,NRIP3
ASCL3,ASCL3
SAR1A,SAR1A
CFAP298,CFAP298
JPH1,JPH1
RETN,RETN
BARHL1,BARHL1
FMN2,FMN2
IFNK,IFNK
SLAMF8,SLAMF8
GPR137,GPR137
SPHK2,SPHK2
TCEAL7,TCEAL7
GRIPAP1,GRIPAP1
EMC7,EMC7
RAD18,RAD18
CELF4,CELF4
CDC42SE1,CDC42SE1
FSTL5,FSTL5
UGGT1,UGGT1
KCMF1,KCMF1
TM9SF3,TM9SF3
SAXO6,SAXO6
TCIM,TCIM
UBQLN4,UBQLN4
AGPAT3,AGPAT3
AGPAT4,AGPAT4
DPYSL5,DPYSL5
WRNIP1,WRNIP1
BDH2,BDH2
ANKS1B,ANKS1B
TMEM167B,TMEM167B
COXFA4L2,COXFA4L2
PNO1,PNO1
PAPOLB,PAPOLB
SH3GLB2,SH3GLB2
PRMT2IP,PRMT2IP
SPIRE1,SPIRE1
STARD7,STARD7
MAP3K7CL,MAP3K7CL
IFT46,IFT46
C1GALT1,C1GALT1
OTOR,OTOR
EXOSC5,EXOSC5
SMARCAD1,SMARCAD1
MEIS3,MEIS3
DHX33,DHX33
SEMA3G,SEMA3G
MCCC1,MCCC1
NMUR2,NMUR2
PAK6,PAK6
LXN,LXN
NCLN,NCLN
GPR108,GPR108
SPPL2B,SPPL2B
FEM1C,FEM1C
DUS3L,DUS3L
CA10,CA10
SMCO4,SMCO4
CCDC177,CCDC177
PMEPA1,PMEPA1
BMAL2,BMAL2
DUSP22,DUSP22
HMCES,HMCES
CMC2,CMC2
ENY2,ENY2
OLFML3,OLFML3
MRPS22,MRPS22
EMSY,EMSY
MFF,MFF
SDR39U1,SDR39U1
XAB2,XAB2
SMYD2,SMYD2
C5ORF15,C10H5ORF15
PRTFDC1,PRTFDC1
NT5M,NT5M
NIT2,NIT2
MEPE,MEPE
LHX9,LHX9
OTUD7B,OTUD7B
SHD,SHD
RGMA,RGMA
WDR93,WDR93
PARP6,PARP6
C14ORF132,C6H14ORF132
ATXN7L3,ATXN7L3
CEACAM19,CEACAM19
FAM20C,FAM20C
STOX2,STOX2
PRDM8,PRDM8
PRDM9,PRDM9
PRDM10,PRDM10
PRDM11,PRDM11
POGLUT1,POGLUT1
PSMG2,PSMG2
ADPRM,ADPRM
DTWD1,DTWD1
BBX,BBX
CDC42SE2,CDC42SE2
KIF15,KIF15
TOMM22,TOMM22
CHPT1,CHPT1
TULP4,TULP4
SLC12A9,SLC12A9
COQ8A,COQ8A
CTNNBIP1,CTNNBIP1
ADAMTS9,ADAMTS9
SDHAF3,SDHAF3
YAE1,YAE1
CCDC47,CCDC47
ACKR3,ACKR3
CABP4,CABP4
COQ9,COQ9
CCNL1,CCNL1
CIAPIN1,CIAPIN1
VPS35L,VPS35L
PDXP,PDXP
SLC17A7,SLC17A7
RSRP1,RSRP1
ANKMY2,ANKMY2
RARS2,RARS2
TWSG1,TWSG1
PLSCR2,PLSCR2
PLSCR3,PLSCR3
UTP3,UTP3
CHRNA10,CHRNA10
TBX20,TBX20
PCBP4,PCBP4
DDX24,DDX24
KNL1,KNL1
SLC17A6,SLC17A6
AGTRAP,AGTRAP
PLSCR4,PLSCR4
ENTPD7,ENTPD7
CASS4,CASS4
PCNP,PCNP
CPA6,CPA6
PITHD1,PITHD1
RPGRIP1,RPGRIP1
PARP11,PARP11
AVEN,AVEN
ANO2,ANO2
FERRY3,FERRY3
TIGAR,TIGAR
PNPLA2,PNPLA2
CYSLTR2,CYSLTR2
NAT14,NAT14
PDSS2,PDSS2
REXO4,REXO4
PLAAT1,PLAAT1
RAB25,RAB25
TRPC7,TRPC7
PGLYRP4,PGLYRP4
INTS12,INTS12
CAMK1D,CAMK1D
EPPIN,EPPIN
GOPC,GOPC
LPAR5,LPAR5
NUP107,NUP107
CD248,CD248
PLXDC1,PLXDC1
CD177,CD177
RHBG,RHBG
LYRM4,LYRM4
MRPL47,MRPL47
ATP13A1,ATP13A1
CHMP1B,CHMP1B
MAN1C1,MAN1C1
APMAP,APMAP
RGL3,RGL3
RNPEPL1,RNPEPL1
RTN4,RTN4
ADCK1,ADCK1
PAK5,PAK5
LDAF1,LDAF1
SCYL3,SCYL3
RALGAPB,RALGAPB
LYRM1,LYRM1
SMIM8,SMIM8
LYZL6,LYZL6
SLURP1,SLURP1
SLC44A2,SLC44A2
SMURF1,SMURF1
TMEM63C,TMEM63C
PHTF2,PHTF2
JPH2,JPH2
TRIM54,TRIM54
PELI2,PELI2
PELI1,PELI1
GJC2,GJC2
SALL4,SALL4
ASPHD2,ASPHD2
ZNFX1,ZNFX1
DOLPP1,DOLPP1
CAMK1G,CAMK1G
CORO1B,CORO1B
VARS2,VARS2
ZMIZ1,ZMIZ1
KIAA1191,KIAA1191
ACTR3B,ACTR3B
SLC39A10,SLC39A10
ANKRD50,ANKRD50
FAM219B,FAM219B
NIPAL3,NIPAL3
RALGAPA2,RALGAPA2
THOC2,THOC2
ADAMTSL3,ADAMTSL3
DENND11,DENND11
SELENON,SELENON
MCOLN1,MCOLN1
ATP10A,ATP10A
ATP8B2,ATP8B2
ATP10D,ATP10D
ZNF248,ZFP248
SLC45A4,SLC45A4
ADGRG6,ADGRG6
SPRYD7,SPRYD7
CEMIP,CEMIP
THAP11,THAP11
VANGL2,VANGL2
TTC7A,TTC7A
ARFGEF3,ARFGEF3
ERGIC1,ERGIC1
PPP4R3B,PPP4R3B
NHSL1,NHSL1
LYRM2,LYRM2
SMAGP,SMAGP
SNX14,SNX14
SLC4A10,SLC4A10
DANCR,DANCR
KAT14,KAT14
PBXIP1,PBXIP1
CBX8,CBX8
RCN3,RCN3
ZNF286A,ZFP286A
ZNF287,ZFP287
SENP7,SENP7
JPH3,JPH3
TTYH1,TTYH1
GJD2,GJD2
AICDA,AICDA
MRS2,MRS2
RHOJ,RHOJ
CLTRN,CLTRN
CLK4,CLK4
S100A14,S100A14
RAB22A,RAB22A
CYP20A1,CYP20A1
SPC25,SPC25
ABHD6,ABHD6
NMRAL1,NMRAL1
LRTM1,LRTM1
MIF4GD,MIF4GD
SCYL1,SCYL1
AS3MT,AS3MT
TMIGD3,TMIGD3
RHBDD2,RHBDD2
CEP15,CEP15
WDR18,WDR18
SLC24A3,SLC24A3
NDRG3,NDRG3
NDRG2,NDRG2
BIRC6,BIRC6
PLEKHG5,PLEKHG5
TENM2,TENM2
GALNT16,GALNT16
DSCAML1,DSCAML1
REXO1,REXO1
KIAA1143,RGD1311745
TMCC3,TMCC3
GATAD2B,GATAD2B
PPM1H,PPM1H
ISY1,ISY1
MYORG,MYORG
AMIGO1,AMIGO1
STRIP2,STRIP2
TBC1D24,TBC1D24
SCAF4,SCAF4
HHATL,HHATL
SLC12A5,SLC12A5
PNMA8B,PNMA8B
LRRC47,LRRC47
ERMN,ERMN
CNOT6,CNOT6
ZNF512B,ZFP512B
PLEKHH1,PLEKHH1
GRAMD1B,GRAMD1B
SHROOM4,SHROOM4
USP31,USP31
PRR12,PRR12
PLEKHG1,PLEKHG1
KIAA1210,KIAA1210
CRACD,CRACD
RNF150,RNF150
NLN,NLN
ESYT2,ESYT2
ODF2L,ODF2L
AHRR,AHRR
ARID1B,ARID1B
HEG1,HEG1
RIMKLB,RIMKLB
NWD2,NWD2
MRTFB,MRTFB
LRFN2,LRFN2
KIDINS220,KIDINS220
CFAP92,CFAP92
MTA3,MTA3
AARS2,AARS2
MAVS,MAVS
ZNF608,ZFP608
INTS2,INTS2
MTUS1,MTUS1
XPO5,XPO5
COG6,COG6
GPR158,GPR158
CASKIN2,CASKIN2
ARHGAP31,ARHGAP31
SERINC1,SERINC1
STARD9,STARD9
HECW2,HECW2
RPTOR,RPTOR
SRGAP1,SRGAP1
NYNRIN,NYNRIN
CASKIN1,CASKIN1
PCDH19,PCDH19
KCTD16,KCTD16
RTL9,RTL9
CGN,CGN
HACE1,HACE1
NUFIP2,NUFIP2
TBC1D14,TBC1D14
MIB1,MIB1
ELAPOR1,ELAPOR1
KIAA1328,KIAA1328
SORCS2,SORCS2
ALPK3,ALPK3
WDR35,WDR35
DISP3,DISP3
ZNF398,ZFP398
KLHL42,KLHL42
TXNDC16,TXNDC16
CC2D2A,CC2D2A
PDP2,PDP2
IGSF9,IGSF9
TAOK1,TAOK1
NCEH1,NCEH1
MICAL3,MICAL3
LRRC7,LRRC7
NLGN2,NLGN2
SEMA6A,SEMA6A
USP35,USP35
STAMBPL1,STAMBPL1
IFT80,IFT80
ARRDC3,ARRDC3
CEP126,CEP126
KLHL8,KLHL8
KLHL14,KLHL14
ZNF319,ZFP319
SIPA1L2,SIPA1L2
ARHGAP20,ARHGAP20
TRMT5,TRMT5
CARNS1,CARNS1
DOCK6,DOCK6
ZNF471,ZFP78
MARCHF4,MARCHF4
PCDH10,PCDH10
KIF17,KIF17
CCDC191,CCDC191
UNC79,UNC79
FAM135A,FAM135A
PREX1,PREX1
KCNT1,KCNT1
TMEM181,TMEM181
ARHGAP21,ARHGAP21
CRAMP1,CRAMP1
SYT13,SYT13
CFAP97,CFAP97
RIC1,RIC1
WDFY1,WDFY1
MRTFA,MRTFA
ZNF687,ZFP687
EBF4,EBF4
HOMEZ,HOMEZ
PDZD4,PDZD4
BEGAIN,BEGAIN
BAHCC1,BAHCC1
WDR48,WDR48
FNIP2,FNIP2
USP36,USP36
TRMT9B,TRMT9B
PITPNM2,PITPNM2
SLAIN2,SLAIN2
JCAD,JCAD
DIP2B,DIP2B
RANBP10,RANBP10
ISLR2,ISLR2
FAM234B,FAM234B
RELCH,RELCH
TSHZ3,TSHZ3
VPS18,VPS18
SHROOM3,SHROOM3
STIM2,STIM2
ZBTB2,ZBTB2
LRFN1,LRFN1
ZFAT,ZFAT
NYAP2,NYAP2
KLHL1,KLHL1
DPP10,DPP10
SH3RF1,SH3RF1
LRCH2,LRCH2
LRRN1,LRRN1
EP400,EP400
ARHGAP23,ARHGAP23
CCDC146,CCDC146
COL20A1,COL20A1
ZSWIM5,ZSWIM5
MYH7B,MYH7B
POGK,POGK
USP28,USP28
DHX37,DHX37
NHSL3,NHSL3
PHF12,PHF12
CIP2A,CIP2A
UVSSA,UVSSA
GRAMD1A,GRAMD1A
HCN3,HCN3
CALCOCO1,CALCOCO1
ZBTB4,ZBTB4
PHRF1,PHRF1
CAMSAP3,CAMSAP3
USP29,USP29
PLEKHA4,PLEKHA4
RDH14,RDH14
FBRSL1,FBRSL1
EPB41L5,EPB41L5
KIAA1549,KIAA1549
BEND3,BEND3
RNF213,RNF213
GPAM,GPAM
ALS2,ALS2
CHD8,CHD8
ZDBF2,ZDBF2
ZBTB26,ZBTB26
CACHD1,CACHD1
VAT1L,VAT1L
ZSWIM6,ZSWIM6
LRRC4C,LRRC4C
TNRC6C,TNRC6C
MAGEE1,MAGEE1
ZNF317,ZFP317
USP37,USP37
DDX55,DDX55
FANCM,FANCM
SHTN1,SHTN1
CPNE5,CPNE5
FHIP2A,FHIP2A
NCKAP5L,NCKAP5L
CWC22,CWC22
GBA2,GBA2
WDFY4,WDFY4
DENND1A,DENND1A
MEAK7,MEAK7
MIER1,MIER1
SLC7A14,SLC7A14
KIAA1614,KIAA1614
SFMBT2,SFMBT2
SEMA4G,SEMA4G
PRX,PRX
PPP4R4,PPP4R4
ANO8,ANO8
GPR107,GPR107
METTL14,METTL14
IGDCC4,IGDCC4
EPG5,EPG5
NCOA5,NCOA5
WDR19,WDR19
SPTBN4,SPTBN4
ZFYVE28,ZFYVE28
SCUBE2,SCUBE2
TRIB3,TRIB3
ANKRA2,ANKRA2
RBAK,RBAK
MARK4,MARK4
SUGP1,SUGP1
BRINP2,BRINP2
GATAD1,GATAD1
RAB40C,RAB40C
POLD4,POLD4
CCAR2,CCAR2
HAMP,HAMP
G6PC2,G6PC2
LSM2,LSM2
CCNB1IP1,CCNB1IP1
CCDC181,CCDC181
GRHL3,GRHL3
RAP2C,RAP2C
C6ORF47,G4
CATSPERG,CATSPERG
ZP4,ZP4
SLC4A5,SLC4A5
ZNF410,ZFP410
CADM3,CADM3
SLC46A2,SLC46A2
PTBP2,PTBP2
NGB,NGB
NEUROD4,NEUROD4
WFDC1,WFDC1
CTDSP1,CTDSP1
CXCL16,CXCL16
SQOR,SQOR
PLEKHB1,PLEKHB1
MS4A7,MS4A7
TP53INP2,TP53INP2
SRPRB,SRPRB
ENOPH1,ENOPH1
RHOU,RHOU
NLRC4,NLRC4
TRAPPC1,TRAPPC1
ZBED5,CHCHD2L2
CREBZF,CREBZF
PCTP,PCTP
ABHD17C,ABHD17C
RPRD1B,RPRD1B
INIP,INIP
JAM2,JAM2
OVOL2,OVOL2
LY6G5B,LY6G5B
PRUNE1,PRUNE1
MYL7,MYL7
ZNF462,ZFP462
ZNF250,ZFP647
ARHGAP22,ARHGAP22
OSTC,OSTC
SCAF1,SCAF1
KMT2C,KMT2C
CACTIN,CACTIN
PRODH2,PRODH2
DNASE2B,DNASE2B
DLGAP3,DLGAP3
EPS15L1,EPS15L1
SELENOK,SELENOK
SINHCAF,SINHCAF
RBM25,RBM25
DMRT3,DMRT3
WIZ,WIZ
MID1IP1,MID1IP1
ABRACL,ABRACL
RRAGD,RRAGD
MYOZ1,MYOZ1
LY6G6D,LY6G6D
PRM3,PRM3
SNX6,SNX6
MPP4,MPP4
IL22RA1,IL22RA1
PGAP6,PGAP6
IL21,IL21
ENPP5,ENPP5
HIVEP3,HIVEP3
EVA1C,EVA1C
ACE2,ACE2
TLNRD1,TLNRD1
NTN4,NTN4
CACNG8,CACNG8
CACNG7,CACNG7
CACNG6,CACNG6
UBL5,UBL5
SIGIRR,SIGIRR
PRDM12,PRDM12
PRDM13,PRDM13
PLEKHA1,PLEKHA1
PLEKHA2,PLEKHA2
HRH4,HRH4
TRPV4,TRPV4
SCPEP1,SCPEP1
SENP2,SENP2
ALOXE3,ALOXE3
GNB4,GNB4
KLHL12,KLHL12
RXFP1,RXFP1
LGR6,LGR6
TMEM35A,TMEM35A
AFAP1,AFAP1
GPBP1L1,GPBP1L1
MYG1,MYG1
FAM3A,FAM3A
AVPI1,AVPI1
TSKS,TSKS
SLC25A19,SLC25A19
EDA2R,EDA2R
EXOC4,EXOC4
TGIF2,TGIF2
CDH26,CDH26
BACH2,BACH2
ELOVL5,ELOVL5
SLC5A7,SLC5A7
HAPLN2,HAPLN2
SAV1,SAV1
TRMT11,TRMT11
MRPS35,MRPS35
PPCDC,PPCDC
NIF3L1,NIF3L1
CCDC90B,CCDC90B
FASTKD5,FASTKD5
CCDC81,CCDC81
HPSE2,HPSE2
AASDHPPT,AASDHPPT
NYX,NYX
AGBL5,AGBL5
LDAH,LDAH
ELAC2,ELAC2
ALX4,ALX4
GUF1,GUF1
SPCS3,SPCS3
NAA35,NAA35
RINT1,RINT1
SCOC,SCOC
KCNK15,KCNK15
DHX35,DHX35
RIC8A,RIC8A
MIIP,MIIP
ATG101,ATG101
GAS5,GAS5
PROK2,PROK2
PAPPA2,PAPPA2
CELF6,CELF6
EEFSEC,EEFSEC
CELF5,CELF5
FKBP10,FKBP10
SMAP1,SMAP1
TRAPPC11,TRAPPC11
ZFAND3,ZFAND3
C14ORF93,C15H14ORF93
SLC22A23,SLC22A23
BCORL1,BCORL1
CELA2A,CELA2A
SRR,SRR
BCAN,BCAN
ABHD4,ABHD4
MRPL17,MRPL17
PKNOX2,PKNOX2
FAM204A,FAM204A
RNF123,RNF123
THADA,THADA
UBE2O,UBE2O
VIPAS39,VIPAS39
PIEZO2,PIEZO2
HEATR6,HEATR6
SH2D4A,SH2D4A
FAM111A,FAM111A
DUSP21,DUSP21
MANBAL,MANBAL
GPATCH3,GPATCH3
NAPB,NAPB
SLC17A9,SLC17A9
BLOC1S5,BLOC1S5
ELMO2,ELMO2
GALNT11,GALNT11
CHTF18,CHTF18
TNN,TNN
CIDEC,CIDEC
ZNF335,ZFP335
ANKEF1,ANKEF1
CHP2,CHP2
XPNPEP3,XPNPEP3
MRPS14,MRPS14
STEEP1,STEEP1
MCUR1,MCUR1
ZNF667,ZFP667
PCIF1,PCIF1
FAM217B,FAM217B
GPSM3,GPSM3
NECAB3,NECAB3
FKBPL,FKBPL
DMRTC2,DMRTC2
DMRTB1,DMRTB1
DMRTA2,DMRTA2
DMRTA1,DMRTA1
CLSPN,CLSPN
KIF13A,KIF13A
NEUROG2,NEUROG2
NEUROD6,NEUROD6
PRDM16,PRDM16
PRDM15,PRDM15
PRDM14,PRDM14
FIGNL1,FIGNL1
ANO3,ANO3
MYO1G,MYO1G
TSPYL2,TSPYL2
RBM26,RBM26
OXCT2,OXCT2B
PERP,PERP
MMP27,MMP27
NPAS3,NPAS3
CDH23,CDH23
C19ORF33,C1H19ORF33
LHPP,LHPP
SLC28A3,SLC28A3
RBKS,RBKS
GOLPH3,GOLPH3
CLSTN2,CLSTN2
MCCC2,MCCC2
SNX16,SNX16
GAL3ST2,GAL3ST2
POPDC2,POPDC2
SMOC1,SMOC1
SMOC2,SMOC2
GFRA4,GFRA4
EPB41L4A,EPB41L4A
PARVG,PARVG
LRRC4,LRRC4
TNMD,TNMD
CENPK,CENPK
NPFFR1,NPFFR1
RTP4,RTP4
CRLF2,CRLF2
NPVF,NPVF
MOAP1,MOAP1
TMBIM1,TMBIM1
VSIR,VSIR
SLC39A8,SLC39A8
DUS1L,DUS1L
RRAGC,RRAGC
FN3K,FN3K
ADGRL4,ADGRL4
NOD2,NOD2
TINAGL1,TINAGL1
LIN7B,LIN7B
XYLT1,XYLT1
XYLT2,XYLT2
IFIH1,IFIH1
ABCG4,ABCG4
RBSN,RBSN
PDF,PDF
KIF9,KIF9
C17ORF75,C10H17ORF75
DIO3OS,DIO3OS
NCAPG,NCAPG
NECAB1,NECAB1
CARD9,CARD9
OSGEPL1,OSGEPL1
DPEP2,DPEP2
P3H1,P3H1
DPEP3,DPEP3
EDDM3B,EDDM3B
IRF2BPL,IRF2BPL
POPDC3,POPDC3
MMS19,MMS19
LHX5,LHX5
DNAJC1,DNAJC1
TFB2M,TFB2M
SEMA4A,SEMA4A
PJA1,PJA1
STRA6,STRA6
ROBO3,ROBO3
TOR3A,TOR3A
MLST8,MLST8
HERPUD2,HERPUD2
ATL2,ATL2
MS4A5,MS4A5
PDLIM2,PDLIM2
ABCG5,ABCG5
ABCG8,ABCG8
TENT4B,TENT4B
ARHGEF28,ARHGEF28
RAB17,RAB17
RHBDF1,RHBDF1
NOC3L,NOC3L
FBRS,FBRS
RNF25,RNF25
SOX17,SOX17
NSD1,NSD1
COP1,COP1
LMBR1,LMBR1
XPO4,XPO4
NFKBIZ,NFKBIZ
ARHGAP9,ARHGAP9
HS1BP3,HS1BP3
AZI2,AZI2
HIF3A,HIF3A
NXN,NXN
SIL1,SIL1
IKZF4,IKZF4
IKZF5,IKZF5
CHST8,CHST8
MMP25,MMP25
GREM2,GREM2
ZMAT3,ZMAT3
GMCL1,GMCL1
ZNF106,ZFP106
PALS1,PALS1
HHIP,HHIP
AKTIP,AKTIP
CDH24,CDH24
CDH22,CDH22
RGS18,RGS18
GALNT17,GALNT17
KLHL25,KLHL25
ARAP3,ARAP3
GZF1,GZF1
TMEM267,TMEM267
TMEM168,TMEM168
MTMR14,MTMR14
SUSD1,SUSD1
DCLRE1C,DCLRE1C
ATG3,ATG3
INF2,INF2
POLR1E,POLR1E
SUDS3,SUDS3
CIAO3,CIAO3
ZDHHC6,ZDHHC6
PCNX4,PCNX4
ACTR6,ACTR6
MRPS25,MRPS25
NOM1,NOM1
DNAI2,DNAI2
CSMD1,CSMD1
CPEB1,CPEB1
TEKT3,TEKT3
ALDH8A1,ALDH8A1
NDST4,NDST4
CLEC7A,CLEC7A
GPR135,GPR135
MOSPD3,MOSPD3
GIGYF1,GIGYF1
PLA2G2F,PLA2G2F
VPS16,VPS16
EBF2,EBF2
SLC71A1,SLC71A1
CSRNP1,CSRNP1
ANAPC1,ANAPC1
GORASP1,GORASP1
TMPRSS3,TMPRSS3
COPS7B,COPS7B
NUCKS1,NUCKS1
HS3ST6,HS3ST6
PDIA2,PDIA2
UNKL,UNKL
WDR13,WDR13
SMAP2,SMAP2
METTL17,METTL17
ACBD3,ACBD3
MFSD1,MFSD1
PLPPR2,PLPPR2
SMURF2,SMURF2
CCDC136,CCDC136
SMYD3,SMYD3
RUSF1,RUSF1
ATPAF1,ATPAF1
MTARC1,MTARC1
TNS3,TNS3
FHIP2B,FHIP2B
PARP12,PARP12
GAREM1,GAREM1
ZNF574,ZFP574
CREB3L2,CREB3L2
S100PBP,S100PBP
IPPK,IPPK
MEAF6,MEAF6
CCDC14,CCDC14
ILRUN,ILRUN
ENGASE,ENGASE
PCED1A,PCED1A
CFAP68,CFAP68
RMND5B,RMND5B
FNDC3B,FNDC3B
MTHFSD,MTHFSD
MICAL1,MICAL1
CERK,CERK
AEN,AEN
RBM15,RBM15
CRTC3,CRTC3
GINS3,GINS3
TBC1D15,TBC1D15
EPS8L2,EPS8L2
LMF1,LMF1
EXO5,EXO5
IFT22,IFT22
CEP85,CEP85
DDX31,DDX31
RMND5A,RMND5A
DEPTOR,DEPTOR
IQCH,IQCH
EFCAB6,EFCAB6
ARV1,ARV1
NMNAT1,NMNAT1
P2RY12,P2RY12
IL25,IL25
ELOVL1,ELOVL1
KLC2,KLC2
FNDC4,FNDC4
FBXL17,FBXL17
PORCN,PORCN
GNPNAT1,GNPNAT1
ISL2,ISL2
MARCHF7,MARCHF7
SPATA20,SPATA20
YTHDC2,YTHDC2
SLC13A3,SLC13A3
ETNPPL,ETNPPL
TUT1,TUT1
AIDA,AIDA
USP46,USP46
NIBAN2,NIBAN2
VWA1,VWA1
PLEKHG2,PLEKHG2
DCLRE1B,DCLRE1B
NABP1,NABP1
ARMCX5,ARMCX5
METTL4,METTL4
RFX7,RFX7
CDCP1,CDCP1
PCDH20,PCDH20
PAPOLG,PAPOLG
C12ORF43,C12H12ORF43
LPIN3,LPIN3
RANBP17,RANBP17
AGXT2,AGXT2
BCL11B,BCL11B
CASD1,CASD1
LRRC19,LRRC19
SLC30A5,SLC30A5
CCDC71,CCDC71
RASAL3,RASAL3
TTC23,TTC23
MRPL14,MRPL14
NT5DC2,NT5DC2
CENPH,CENPH
MRPS26,MRPS26
MRPS24,MRPS24
MRPS15,MRPS15
MRPS11,MRPS11
MRPS9,MRPS9
MRPS6,MRPS6
MRPS5,MRPS5
MRPL41,MRPL41
MRPL40,MRPL40
MRPL38,MRPL38
MRPL36,MRPL36
MRPL34,MRPL34
MRPL32,MRPL32
MRPL11,MRPL11
MRPL9,MRPL9
MRPL1,MRPL1
NDRG4,NDRG4
SLC26A6,SLC26A6
PINK1,PINK1
REEP1,REEP1
GPBP1,GPBP1
ACD,ACD
RAPH1,RAPH1
CDK15,CDK15
TMEM237,TMEM237
NBEAL1,NBEAL1
RTN4R,RTN4R
MRPL44,MRPL44
VPS33A,VPS33A
NOL6,NOL6
TMEM135,TMEM135
JMJD4,JMJD4
KRI1,KRI1
MARCKSL1,MARCKSL1
UPF3B,UPF3B
UPF3A,UPF3A
RSRC2,RSRC2
INTS3,INTS3
SOWAHC,SOWAHC
WNK1,WNK1
PCDH15,PCDH15
NADK,NADK
SPATS2,SPATS2
ZSWIM4,ZSWIM4
CPLANE1,CPLANE1
MPPE1,MPPE1
COA7,COA7
PYCR3,PYCR3
UBE2Z,UBE2Z
C8ORF33,C7H8ORF33
WNK4,WNK4
WNK3,WNK3
WNK2,WNK2
STK33,STK33
PLEKHA3,PLEKHA3
PHACTR4,PHACTR4
BRD9,BRD9
CAPRIN2,CAPRIN2
ZSCAN18,ZSCAN18
GRAMD2B,GRAMD2B
AACS,AACS
ZBTB10,ZBTB10
KCTD14,KCTD14
DLK2,DLK2
ANTKMT,ANTKMT
DDRGK1,DDRGK1
MRPS34,MRPS34
RASL11B,RASL11B
ZFTA,ZFTA
LRRC61,LRRC61
TMEM108,TMEM108
LYNX1,LYNX1
CHID1,CHID1
TRAK2,TRAK2
MTMR9,MTMR9
BOLL,BOLL
DUSP26,DUSP26
CRELD1,CRELD1
MRPL57,MRPL57
COLEC11,COLEC11
OTUB2,OTUB2
PCYOX1L,PCYOX1L
YIPF2,YIPF2
PRR14,PRR14
HROB,HROB
CYREN,CYREN
GDAP1L1,GDAP1L1
LRFN4,LRFN4
AUNIP,AUNIP
VKORC1,VKORC1
TRIR,TRIR
MIS12,MIS12
CUEDC2,CUEDC2
SCNM1,SCNM1
METRN,METRN
DBNDD1,DBNDD1
SLX1B,SLX1B
DDX50,DDX50
CAMKV,CAMKV
DDA1,DDA1
GGCT,GGCT
GID4,GID4
CENPM,CENPM
C7ORF25,C17H7ORF25
TMEM106C,TMEM106C
NUP37,NUP37
FNDC11,FNDC11
AHNAK,AHNAK
ZNF655,ZFP655
AFG2B,AFG2B
PDCL3,PDCL3
ERI3,ERI3
INTS15,INTS15
NABP2,NABP2
KXD1,KXD1
PVRIG,PVRIG
ZFYVE21,ZFYVE21
DDX54,DDX54
TMEM38A,TMEM38A
TSEN34,TSEN34
KCTD15,KCTD15
SECISBP2,SECISBP2
NOC4L,NOC4L
ALG8,ALG8
TRPM8,TRPM8
PRRG4,PRRG4
PRRG3,PRRG3
ASPSCR1,ASPSCR1
TMEM223,TMEM223
ATG9A,ATG9A
METTL16,METTL16
FTO,FTO
POGLUT2,POGLUT2
ELOVL6,ELOVL6
FASTKD3,FASTKD3
TMEM109,TMEM109
TSLIG2,TSLIG2
DSCC1,DSCC1
DCTPP1,DCTPP1
C1ORF50,C5H1ORF50
CCDC86,CCDC86
LBHD1,LBHD1
MLPH,MLPH
WDR77,WDR77
SLC25A23,SLC25A23
SMIM7,SMIM7
ALG12,ALG12
TMUB2,TMUB2
TRAPPC6A,TRAPPC6A
METTL22,METTL22
CARD14,CARD14
CHAC1,CHAC1
BBLN,BBLN
CSTPP1,CSTPP1
C1ORF116,C13H1ORF116
TAF1D,TAF1D
RNF26,RNF26
MAPKAP1,MAPKAP1
DHX58,DHX58
NDUFAF5,NDUFAF5
TMEM185B,TMEM185B
APOO,APOO
LY6G6E,LY6G6E
RETREG2,RETREG2
DERL1,DERL1
CCDC28B,CCDC28B
PHF23,PHF23
MBOAT7,MBOAT7
PPDPF,PPDPF
CHCHD7,CHCHD7
FKRP,FKRP
MMP28,MMP28
FA2H,FA2H
GDPD3,GDPD3
DHRS11,DHRS11
TNIP2,TNIP2
PLEKHF1,PLEKHF1
MFSD11,MFSD11
GNPTAB,GNPTAB
NOL12,NOL12
TMEM243,TMEM243
LENG1,LENG1
C1ORF35,C10H1ORF35
PRR15L,PRR15L
RBM42,RBM42
CENPO,CENPO
BRME1,BRME1
CRELD2,CRELD2
FBXL15,FBXL15
THTPA,THTPA
EFHD2,EFHD2
TTPAL,TTPAL
FSD1,FSD1
TMEM43,TMEM43
IRX6,IRX6
IRX3,IRX3
IRX1,IRX1
THOC6,THOC6
MMEL1,MMEL1
DCAF10,DCAF10
OR13A1,OR13A1
OR4K5,OR4K5
OR51G1,OR51G1
CPLANE2,CPLANE2
ZXDC,ZXDC
BHLHE41,BHLHE41
HMGN5,HMGN5
B3GNT4,B3GNT4
BCL2L14,BCL2L14
GLB1L,GLB1L
KREMEN2,KREMEN2
LRFN3,LRFN3
CYBC1,CYBC1
HAUS3,HAUS3
LRRC2,LRRC2
FYCO1,FYCO1
BIRC7,BIRC7
WDR25,WDR25
PAGR1,PAGR1
OR10G6,OR10G6
OR6J1,OR6E1
RIPOR1,RIPOR1
MAIP1,MAIP1
NKAIN1,NKAIN1
GCC1,GCC1
ATP13A3,ATP13A3
TTC13,TTC13
EPS8L3,EPS8L3
ABHD8,ABHD8
NKAP,NKAP
CDC73,CDC73
SLC52A2,SLC52A2
SPAG16,SPAG16
TMEM231,TMEM231
CORO7,CORO7
CHPF,CHPF
CARS2,CARS2
RNF128,RNF128
MRPL24,MRPL24
ARMH3,ARMH3
MUL1,MUL1
SAP130,SAP130
OBI1,OBI1
CEP97,CEP97
TCTN1,TCTN1
ADIPOR2,ADIPOR2
CERS4,CERS4
PGBD5,PGBD5
SIRAL1,SIRAL1
RIC3,RIC3
VCPKMT,VCPKMT
ACSS3,ACSS3
NAA16,NAA16
TANGO6,TANGO6
CCNJL,CCNJL
HMBOX1,HMBOX1
RNASEH2B,RNASEH2B
SNRNP25,SNRNP25
GALNT14,GALNT14
DCPH1,DCPH1
NDNF,NDNF
TIPE2,TNFAIP8L2
OGFRL1,OGFRL1
SH3TC2,SH3TC2
OCEL1,OCEL1
C1ORF54,C2H1ORF54
EFL1,EFL1
FAM184A,FAM184A
FAT4,FAT4
SCRN3,SCRN3
CCDC121,CCDC121
ARMC7,ARMC7
TMEM53,TMEM53
C22ORF46P,LOC100362109
ROGDI,ROGDI
ARSJ,ARSJ
CHMP6,CHMP6
SRD5A3,SRD5A3
CLXN,CLXN
PANK3,PANK3
AKIRIN1,AKIRIN1
MCPH1,MCPH1
MAP7D3,MAP7D3
USB1,USB1
RHBDF2,RHBDF2
TMEM204,TMEM204
HECTD3,HECTD3
BEND5,BEND5
RPAP3,RPAP3
ARHGAP10,ARHGAP10
DYNC2H1,DYNC2H1
PPP1R3B,PPP1R3B
NEIL1,NEIL1
HSPBAP1,HSPBAP1
ICE2,ICE2
DHX40,DHX40
PLEKHF2,PLEKHF2
PARP8,PARP8
C3ORF52,C11H3ORF52
TUT7,TUT7
NLRX1,NLRX1
FN3KRP,FN3KRP
ZNF329,ZFP329
VEPH1,VEPH1
FASTKD1,FASTKD1
OGFOD2,OGFOD2
SMC6,SMC6
VTCN1,VTCN1
CENPU,CENPU
ZDHHC14,ZDHHC14
MSANTD2,MSANTD2
SAP30L,SAP30L
STEAP4,STEAP4
GAL3ST4,GAL3ST4
QTRT2,QTRT2
ZNF322,ZFP322A
YRDC,YRDC
MANEA,MANEA
GALNT12,GALNT12
ZC2HC1C,ZC2HC1C
RIOX1,RIOX1
ZMAT4,ZMAT4
ZYG11B,ZYG11B
OGFOD3,OGFOD3
TOP6BL,TOP6BL
LRRK1,LRRK1
PRKRIP1,PRKRIP1
NOL9,NOL9
COLGALT1,COLGALT1
MORC4,MORC4
IPO4,IPO4
QTMAN,QTMAN
IGFLR1,IGFLR1
CCDC51,CCDC51
NPEPL1,NPEPL1
PPCS,PPCS
TBL1XR1,TBL1XR1
AAGAB,AAGAB
VPS37B,VPS37B
ANKRD55,ANKRD55
SUV39H2,SUV39H2
ZNF768,ZNF768
WDR59,WDR59
LIN28A,LIN28A
PALB2,PALB2
MNMIP1,MNMIP1
NSUN7,NSUN7
NARS2,NARS2
E2F8,E2F8
KCTD17,KCTD17
TBC1D17,TBC1D17
TEFM,TEFM
BBS10,BBS10
TTLL7,TTLL7
ZBBX,ZBBX
DIPK2B,DIPK2B
CLIP4,CLIP4
ECHDC3,ECHDC3
ADGB,ADGB
LMAN1L,LMAN1L
ZNF385D,ZFP385D
SLC25A22,SLC25A22
ZFAND1,ZFAND1
SNIP1,SNIP1
ASB13,ASB13
ZNF750,ZNF750
ZNF668,ZFP668
GEMIN7,GEMIN7
C1ORF115,C13H1ORF115
ELMO3,ELMO3
KATNBL1,KATNBL1
TXNDC15,TXNDC15
MCTP1,MCTP1
GRTP1,GRTP1
ZFHX4,ZFHX4
ACBD4,ACBD4
MICALL2,MICALL2
CCDC82,CCDC82
DRC11,DRC11
LRRC31,LRRC31
SUGCT,SUGCT
MYH14,MYH14
RERGL,RERGL
KLHL36,KLHL36
CLMN,CLMN
FBXO31,FBXO31
GSDMD,GSDMD
SPRING1,SPRING1
ALG9,ALG9
ZNF408,ZNF408
ARMC5,ARMC5
UGT2A3,UGT2A3
CARF,CARF
SHCBP1,SHCBP1
HHIPL2,HHIPL2
HPS6,HPS6
VASH2,VASH2
GSTCD,GSTCD
TTC21B,TTC21B
PTCD2,PTCD2
SLTM,SLTM
MMRN2,MMRN2
EHMT1,EHMT1
AGMAT,AGMAT
NIPAL2,NIPAL2
TLE6,TLE6
MOB3B,MOB3B
DNAI4,DNAI4
CATSPERB,CATSPERB
ARHGAP28,ARHGAP28
CAMKMT,CAMKMT
EFCC1,EFCC1
CLMP,CLMP
METTL8,METTL8
NAA40,NAA40
ZMYM1,ZMYM1
KDM8,KDM8
QSER1,QSER1
GEMIN6,GEMIN6
PEAK1,PEAK1
LONRF3,LONRF3
PIP4K2C,PIP4K2C
TMC5,TMC5
NHEJ1,NHEJ1
AGBL2,AGBL2
ZBTB3,ZBTB3
FAM124B,FAM124B
ZDHHC11,ZDHHC11
RNF122,RNF122
CFAP69,CFAP69
SLC68A1,SLC68A1
CSPP1,CSPP1
NHERF4,NHERF4
TLCD3A,TLCD3A
EPHX3,EPHX3
TM4SF20,TM4SF20
SNX22,SNX22
NEK11,NEK11
TUBAL3,TUBAL3
RBFA,RBFA
JHY,JHY
TREML2,TREML2
BORA,BORA
TCTN2,TCTN2
ALG13,ALG13
CPSF7,CPSF7
BAALC,BAALC
RPAP2,RPAP2
CBLL1,CBLL1
NUDT18,NUDT18
RABEP2,RABEP2
THSD4,THSD4
UBA5,UBA5
DCAKD,DCAKD
CCDC134,CCDC134
ZC3H14,ZC3H14
PODNL1,PODNL1
MAP9,MAP9
HDAC11,HDAC11
CAAP1,CAAP1
PLBD1,PLBD1
LPCAT1,LPCAT1
RIN3,RIN3
MCMBP,MCMBP
GGNBP2,GGNBP2
ZNF672,ZFP672
ATP8B4,ATP8B4
THNSL1,THNSL1
RPP21,RPP21
PRR5L,PRR5L
CYBRD1,CYBRD1
NUP85,NUP85
NAA60,NAA60
TMC7,TMC7
MORN1,MORN1
PYROXD1,PYROXD1
ACTR5,ACTR5
ATAD5,ATAD5
MAGIX,MAGIX
SETD6,SETD6
MAB21L4,MAB21L4
MRM1,MRM1
NANOG,NANOG
ADM2,ADM2
SPEF2,SPEF2
FAM110D,FAM110D
MAP6D1,MAP6D1
DOK3,DOK3
TNIP3,TNIP3
KIAA0319L,KIAA0319L
SYNPO2L,SYNPO2L
COQ8B,COQ8B
CNTNAP3,CNTNAP3
SLC35E1,SLC35E1
L2HGDH,L2HGDH
C10ORF95,C1H10ORF95
DHDDS,DHDDS
PLPPR3,PLPPR3
PLEKHS1,PLEKHS1
SYNDIG1,SYNDIG1
NOL10,NOL10
PDZD7,PDZD7
ERMP1,ERMP1
PAQR6,PAQR6
DENND1C,DENND1C
CEP76,CEP76
JADE1,JADE1
DENND2D,DENND2D
DNAJC22,DNAJC22
WDR76,WDR76
ATAT1,ATAT1
WLS,WLS
CPED1,CPED1
GRHL2,GRHL2
TRMT2B,TRMT2B
DSN1,DSN1
FRMD1,FRMD1
DNAJB14,DNAJB14
POF1B,POF1B
SVEP1,SVEP1
IFT56,IFT56
PLEKHH3,PLEKHH3
STN1,STN1
ELOVL7,ELOVL7
ANKRD53,ANKRD53
GREB1L,GREB1L
PCNX2,PCNX2
ESRP2,ESRP2
DOCK5,DOCK5
TRAPPC13,TRAPPC13
C10ORF88,C1H10ORF88
TMEM156,TMEM156
RMI1,RMI1
PSME3IP1,PSME3IP1
PHC3,PHC3
MINDY3,MINDY3
WWC2,WWC2
DGLUCY,DGLUCY
NAA25,NAA25
UBTD1,UBTD1
FOXRED2,FOXRED2
TMEM62,TMEM62
MYO15B,MYO15B
NRSN2,NRSN2
SLC8B1,SLC8B1
PANK2,PANK2
FBXL18,FBXL18
SEMA6D,SEMA6D
CSRNP3,CSRNP3
TRPM3,TRPM3
GPR157,GPR157
PGAP1,PGAP1
LRRTM4,LRRTM4
ATF7IP2,ATF7IP2
DCAF17,DCAF17
ADAMTS20,ADAMTS20
CCDC15,CCDC15
ZNF606,ZFP606
ZFP2,ZFP2
BICC1,BICC1
BAIAP2L2,BAIAP2L2
ARL14,ARL14
PIF1,PIF1
MAP3K19,MAP3K19
VCPIP1,VCPIP1
CCDC33,CCDC33
BBOF1,BBOF1
TRIM46,TRIM46
CCDC170,CCDC170
LRRC8E,LRRC8E
MROH9,MROH9
RPF1,RPF1
ZNF703,ZFP703
PTGES2,PTGES2
SIKE1,SIKE1
FRAS1,FRAS1
THOC7,THOC7
UXS1,UXS1
SLC66A2,SLC66A2
ZC3H12A,ZC3H12A
ASRGL1,ASRGL1
CENPT,CENPT
EDC3,EDC3
NAA15,NAA15
CWH43,CWH43
PGGHG,PGGHG
PRR36,PRR36
ABHD18,ABHD18
MOGAT2,MOGAT2
CTC1,CTC1
IFT74,IFT74
DBF4B,DBF4B
SPSB1,SPSB1
MYCT1,MYCT1
TEDC2,TEDC2
MYO19,MYO19
RUBCNL,RUBCNL
CEP290,CEP290
TTI2,TTI2
TMEM134,TMEM134
TMEM254,TMEM254
RNF34,RNF34
MUS81,MUS81
FUZ,FUZ
HKDC1,HKDC1
FBXO11,FBXO11
CHD9,CHD9
FHOD3,FHOD3
OPA3,OPA3
SPG11,SPG11
PROSER1,PROSER1
ARMC9,ARMC9
CCDC92,CCDC92
TM2D3,TM2D3
ALPK1,ALPK1
CFAP43,CFAP43
NAA50,NAA50
COQ10B,COQ10B
ACSF2,ACSF2
TARS2,TARS2
RAB11FIP1,RAB11FIP1
NUBPL,NUBPL
ORAI2,ORAI2
RUFY1,RUFY1
TASL,TASL
WDR26,WDR26
FAAP100,FAAP100
PIGZ,PIGZ
ELL3,ELL3
PREX2,PREX2
CEP63,CEP63
SLC35F5,SLC35F5
ATOSB,ATOSB
EFHC2,EFHC2
PHAF1,PHAF1
TRIM45,TRIM45
EDEM3,EDEM3
HSD3B7,HSD3B7
ITPKC,ITPKC
GRPEL1,GRPEL1
SCUBE1,SCUBE1
CDK5RAP3,CDK5RAP3
MTERF2,MTERF2
PLEKHO2,PLEKHO2
EFHD1,EFHD1
WDCP,WDCP
TRABD,TRABD
MED28,MED28
FLAD1,FLAD1
SPHKAP,SPHKAP
PDGFD,PDGFD
KLHL15,KLHL15
TET1,TET1
LRRC27,LRRC27
EPC1,EPC1
CPEB4,CPEB4
ZKSCAN3,ZKSCAN3
GKAP1,GKAP1
CXXC4,CXXC4
SP6,SP6
CEP70,CEP70
CCDC68,CCDC68
PUS1,PUS1
ABTB1,ABTB1
WNT10A,WNT10A
ULBP1,ULBP1
DNAJC5,DNAJC5
ADAM33,ADAM33
KCNIP4,KCNIP4
WDR82,WDR82
PABPC1L,PABPC1L
PNPLA3,PNPLA3
BPIFB2,BPIFB2
TRAF3IP3,TRAF3IP3
SEL1L2,SEL1L2
DCAF11,DCAF11
REEP4,REEP4
COASY,COASY
SKIC8,SKIC8
TNKS2,TNKS2
RNF39,RNF39
PDCD1LG2,PDCD1LG2
CD276,CD276
UBXN6,UBXN6
SLC19A3,SLC19A3
TSGA10,TSGA10
AKNA,AKNA
ESX1,ESX1
PBX4,PBX4
SLC35G2,SLC35G2
ACAD10,ACAD10
SRCIN1,SRCIN1
IQCN,IQCN
TTYH3,TTYH3
ARHGAP39,ARHGAP39
THSD7B,THSD7B
SLC44A4,SLC44A4
VWA7,VWA7
MPIG6B,MPIG6B
LY6G6C,LY6G6C
LY6G5C,LY6G5C
PRR3,PRR3
THUMPD2,THUMPD2
TSEN2,TSEN2
AARSD1,AARSD1
TMEM121,TMEM121
PRR7,PRR7
ITIH5,ITIH5
NDFIP1,NDFIP1
SPX,SPX
THAP7,THAP7
STARD5,STARD5
CPTP,CPTP
LIMD2,LIMD2
TMEM177,TMEM177
B9D2,B9D2
CYB5B,CYB5B
COL18A1,COL18A1
INTS5,INTS5
CMIP,CMIP
ASXL3,ASXL3
CEP44,CEP44
ZNF436,ZFP46
EEPD1,EEPD1
DDHD1,DDHD1
GPRASP3,GPRASP3
DUSP16,DUSP16
ZFP91,ZFP91
TAS1R2,TAS1R2
TAS1R1,TAS1R1
SH3BP5L,SH3BP5L
GRIP2,GRIP2
KDM7A,KDM7A
SETD7,SETD7
LNPK,LNPK
POLR1HASP,ZNRD1AS1
PRRT1,PRRT1
EGFL8,EGFL8
ILKAP,ILKAP
NPL,NPL
TMPRSS5,TMPRSS5
TUBB1,TUBB1
WNT5B,WNT5B
ZBP1,ZBP1
SLC2A10,SLC2A10
KCNH6,KCNH6
SLC25A32,SLC25A32
COLEC12,COLEC12
CLPTM1L,CLPTM1L
OR8J3,OR8J3
OR52P1,OR52P1
OR51G2,OR51G2
OR51E2,OLR59
OR4P4,OR4P4
OR4C15,OR4C15
POLR2M,POLR2M
PTDSS2,PTDSS2
GPR63,GPR63
RSPH6A,RSPH6A
SYNC,SYNC
DCSTAMP,DCSTAMP
HM13,HM13
MOB2,MOB2
ITFG1,ITFG1
SGPP1,SGPP1
SLC38A1,SLC38A1
TMX1,TMX1
LRRC3,LRRC3
GDPD5,GDPD5
FBXO38,FBXO38
TDRD3,TDRD3
STMN4,STMN4
VOPP1,VOPP1
CYRIA,CYRIA
RCC1L,RCC1L
YIPF5,YIPF5
INTS14,INTS14
FAM117A,FAM117A
TRIM11,TRIM11
LMAN2L,LMAN2L
C1ORF21,C13H1ORF21
NDEL1,NDEL1
CSRNP2,CSRNP2
TXNDC5,TXNDC5
CLPB,CLPB
PDRG1,PDRG1
ANKRD13C,ANKRD13C
APOLD1,APOLD1
YJU2B,YJU2B
GFOD2,GFOD2
PLA2G12A,PLA2G12A
CDADC1,CDADC1
TRIM8,TRIM8
URM1,URM1
LBH,LBH
NECTIN4,NECTIN4
FIP1L1,FIP1L1
SNX27,SNX27
SACK1D,SACK1D
ANP32E,ANP32E
NIPA2,NIPA2
TMEM163,TMEM163
ACSBG2,ACSBG2
CAB39L,CAB39L
ITM2C,ITM2C
TSPAN14,TSPAN14
CDT1,CDT1
KAZALD1,KAZALD1
UNC93B1,UNC93B1
DEFB126,DEFB22
DIAPH3,DIAPH3
SHCBP1L,SHCBP1L
TRMT1L,TRMT1L
TSC22D4,TSC22D4
TSSK3,TSSK3
MAP1LC3B,MAP1LC3B
CCNL2,CCNL2
VMP1,VMP1
C6ORF62,C17H6ORF62
ISCA1,ISCA1
REXO5,REXO5
AMN,AMN
OR2B2,OR2B2
DOCK8,DOCK8
PPP1R14C,PPP1R14C
TRIM7,TRIM7
NUAK2,NUAK2
RNF170,RNF170
ADAMTS12,ADAMTS12
TLR10,TLR10
ADAMTS10,ADAMTS10
SLCO5A1,SLCO5A1
OR12D3,OR12D17
NETO2,NETO2
NETO1,NETO1
SPACA1,SPACA1
VANGL1,VANGL1
TRIM56,TRIM56
SBF2,SBF2
RNF146,RNF146
SPRY4,SPRY4
ST6GALNAC5,ST6GALNAC5
SFXN3,SFXN3
MED25,MED25
SHARPIN,SHARPIN
ARPC5L,ARPC5L
ISG20L2,ISG20L2
RAB1B,RAB1B
LAS1L,LAS1L
HYI,HYI
FAHD1,FAHD1
QTRT1,QTRT1
SLIRP,SLIRP
SLC25A28,SLC25A28
ABHD17A,ABHD17A
CABLES2,CABLES2
SEH1L,SEH1L
KIF18A,KIF18A
HDHD3,HDHD3
PITPNM3,PITPNM3
ELOVL3,ELOVL3
FCRL5,FCRL5
TCF7L1,TCF7L1
ADPGK,ADPGK
SH3BGRL3,SH3BGRL3
SF3B5,SF3B5
INO80B,INO80B
GSG1,GSG1
CCDC70,CCDC70
SLC25A31,SLC25A31
PUS7L,PUS7L
PMFBP1,PMFBP1
DRC3,DRC3
ABHD11,ABHD11
RAB33B,RAB33B
EMC6,EMC6
CDCA3,CDCA3
MXD3,MXD3
GLT8D2,GLT8D2
KATNAL2,KATNAL2
DOHH,DOHH
ARHGAP24,ARHGAP24
DDX59,DDX59
PUS3,PUS3
EPPK1,EPPK1
SCRT1,SCRT1
PLVAP,PLVAP
ODAD4,ODAD4
CHST9,CHST9
NUF2,NUF2
FAM110A,FAM110A
AIF1L,AIF1L
DNAL1,DNAL1
RTBDN,RTBDN
RILP,RILP
COG3,COG3
UCK1,UCK1
GPR101,GPR101
MFRP,MFRP
TMUB1,TMUB1
THAP2,THAP2
AKR1E2,AKR1E2
RASSF5,RASSF5
NUDT12,NUDT12
SOX7,SOX7
BCL2L12,BCL2L12
RTP3,RTP3
TMEM47,TMEM47
CCM2,CCM2
GUCD1,GUCD1
AMMECR1L,AMMECR1L
RMP24,RMP24
C19ORF12,C1H19ORF12
ZMIZ2,ZMIZ2
C11ORF68,BLES03
TEX101,TEX101
RAMAC,RAMAC
FAM107B,FAM107B
SELENOO,SELENOO
CCDC3,CCDC3
FAM167A,FAM167A
DYNLRB2,DYNLRB2
DYNLRB1,DYNLRB1
TEKT1,TEKT1
TLN2,TLN2
MS4A8,MS4A8
PARP9,PARP9
SESN2,SESN2
CRISPLD1,CRISPLD1
CD99L2,CD99L2
HSDL1,HSDL1
RPS6KL1,RPS6KL1
RHNO1,RHNO1
TRAPPC9,TRAPPC9
SLC4A9,SLC4A9
CALN1,CALN1
SH3BGRL2,SH3BGRL2
JAM3,JAM3
FERMT3,FERMT3
TRPT1,TRPT1
NRIP2,NRIP2
ESPN,ESPN
CRISPLD2,CRISPLD2
YPEL3,YPEL3
TLCD3B,TLCD3B
INHBE,INHBE
RIOK1,RIOK1
SLC25A18,SLC25A18
ATG10,ATG10
ITCH,ITCH
TFAP2D,TFAP2D
MARVELD1,MARVELD1
GRWD1,GRWD1
L3MBTL2,L3MBTL2
LONP2,LONP2
TAS1R3,TAS1R3
RBM4B,RBM4B
FRMD8,FRMD8
ARMC10,ARMC10
KCNK16,KCNK16
USP26,USP26
SYT15,SYT15
ESYT3,ESYT3
SYT16,SYT16
ROPN1L,ROPN1L
ANGPTL6,ANGPTL6
KLF16,KLF16
FSD1L,FSD1L
TMTC1,TMTC1
TAF3,TAF3
RSPH3,RSPH3
TMEM120A,TMEM120A
RAB34,RAB34
HMCN1,HMCN1
GPR61,GPR61
TBC1D10A,TBC1D10A
BCO2,BCO2
MRO,MRO
TM2D2,TM2D2
USHBP1,USHBP1
CDCA7,CDCA7
MIXL1,MIXL1
TSPAN10,TSPAN10
SLC25A2,SLC25A2
PRSS27,PRSS27
TTLL2,TTLL2
WDR87,WDR87
SPATA9,SPATA9
SNX25,SNX25
KCTD10,KCTD10
SPATA16,SPATA16
TTC29,TTC29
KRTAP17-1,KRTAP17-1
HASPIN,HASPIN
STARD3NL,STARD3NL
STK40,STK40
SPRTN,SPRTN
HDAC10,HDAC10
RASSF4,RASSF4
LRMDA,LRMDA
EIF2A,EIF2A
TATDN1,TATDN1
TM2D1,TM2D1
TSSK1B,TSSK1B
IMMP2L,IMMP2L
FCAMR,FCAMR
SLC4A11,SLC4A11
TSSK6,TSSK6
SPNS1,SPNS1
FAM234A,FAM234A
CCDC8,CCDC8
NCALD,NCALD
ARB2A,ARB2A
BRIP1,BRIP1
CTTNBP2,CTTNBP2
REG4,REG4
KREMEN1,KREMEN1
TMPRSS13,TMPRSS13
B3GNT5,B3GNT5
OBSCN,OBSCN
EMILIN2,EMILIN2
KATNAL1,KATNAL1
MND1,MND1
WDR54,WDR54
ADGRV1,ADGRV1
RBM48,RBM48
MAGT1,MAGT1
DTNBP1,DTNBP1
KIRREL2,KIRREL2
HDHD2,HDHD2
TMEM222,TMEM222
TEX35,TEX35
FHIP1B,FHIP1B
SLC10A7,SLC10A7
PLEKHN1,PLEKHN1
FAM186B,FAM186B
ARMC2,ARMC2
HORMAD1,HORMAD1
MYCBPAP,MYCBPAP
QRICH2,QRICH2
FSCB,FSCB
TKTL2,TKTL2
FAM194C,FAM194C
KBTBD7,KBTBD7
ANKRD27,ANKRD27
ENKD1,ENKD1
NSRP1,NSRP1
ZRANB3,ZRANB3
FBXO30,FBXO30
ARL6,ARL6
USP44,USP44
SLC41A2,SLC41A2
C4ORF17,C2H4ORF17
PCBD2,PCBD2
PRAM1,PRAM1
ZIC4,ZIC4
PCGF6,PCGF6
QRFPR,QRFPR
ZNF394,ZFP394
LRRIQ1,LRRIQ1
ATRIP,ATRIP
WDR75,WDR75
ACAD11,ACAD11
CEP78,CEP78
USP42,USP42
ZNRF3,ZNRF3
TOMM40L,TOMM40L
UTP15,UTP15
SLC7A6OS,SLC7A6OS
FAM161A,FAM161A
EVA1A,EVA1A
ABRAXAS1,ABRAXAS1
SYDE2,SYDE2
ZNF644,ZFP644
KAT8,KAT8
PPP1R1B,PPP1R1B
RNASEH2C,RNASEH2C
RPF2,RPF2
ARID5B,ARID5B
BLTP1,BLTP1
GTF2IRD2,GTF2IRD2
ASCC2,ASCC2
NLRC5,NLRC5
C19ORF44,C16H19ORF44
ANTXR1,ANTXR1
LOXL4,LOXL4
POLR1B,POLR1B
ELMOD3,ELMOD3
SLA2,SLA2
SLC49A3,SLC49A3
CHD6,CHD6
MINDY4,MINDY4
ZCCHC7,ZCCHC7
TMEM164,TMEM164
FAR1,FAR1
SLITRK6,SLITRK6
METTL25,METTL25
CIAO2A,CIAO2A
SETD3,SETD3
USP48,USP48
POMK,POMK
TXNDC2,TXNDC2
MEX3B,MEX3B
ZNF541,ZFP541
TMEM117,TMEM117
ZMYND12,ZMYND12
WDR24,WDR24
SPATC1L,SPATC1L
DRC9,DRC9
ZMYND15,ZMYND15
SPATA31H1,SPATA31H1
DRC7,DRC7
LRRC8C,LRRC8C
TRAF7,TRAF7
MAF1,MAF1
TMEM126A,TMEM126A
RHBDD1,RHBDD1
ATP13A4,ATP13A4
ZCCHC9,ZCCHC9
ZDHHC18,ZDHHC18
MRI1,MRI1
MED10,MED10
RTL6,RTL6
FYTTD1,FYTTD1
PSD2,PSD2
SLF1,SLF1
SGIP1,SGIP1
GARNL3,GARNL3
CAMKK1,CAMKK1
SLC37A3,SLC37A3
FLYWCH1,FLYWCH1
SYT3,SYT3
DCUN1D5,DCUN1D5
TCHP,TCHP
FBXW9,FBXW9
PSMG3,PSMG3
HSDL2,HSDL2
HAGHL,HAGHL
POLR3GL,POLR3GL
ALKBH7,ALKBH7
QNG1,QNG1
RPAIN,RPAIN
CHCHD5,CHCHD5
CARD19,CARD19
POLDIP3,POLDIP3
YIPF4,YIPF4
NOA1,NOA1
COQ5,COQ5
SLC25A33,SLC25A33
NICN1,NICN1
DNAJC30,DNAJC30
PRADC1,PRADC1
BTBD10,BTBD10
AKAP19,AKAP19
RNF135,RNF135
TMEM79,TMEM79
NTPCR,NTPCR
EIF1AD,EIF1AD
TMEM175,TMEM175
ZDHHC16,ZDHHC16
DRC8,DRC8
ING5,ING5
CAPNS2,CAPNS2
WDR83,WDR83
PRXL2A,PRXL2A
UTP23,UTP23
PHF6,PHF6
GINS4,GINS4
LLPH,LLPH
MIEN1,MIEN1
UQCC2,UQCC2
DDI2,DDI2
PGAP4,PGAP4
CHCHD6,CHCHD6
NUDT22,NUDT22
PYM1,PYM1
PDCD2L,PDCD2L
ZNF397,ZFP397
NUDT16L1,NUDT16L1
CHLSN,CHLSN
MRPL45,MRPL45
BRMS1L,BRMS1L
VPS25,VPS25
TMEM107,TMEM107
MON1A,MON1A
NAA38,NAA38
VMA22,VMA22
CCDC77,CCDC77
CMSS1,CMSS1
ACBD6,ACBD6
THOC3,THOC3
SARNP,SARNP
METTL26,METTL26
ZBED3,ZBED3
LZIC,LZIC
HVCN1,HVCN1
ZNF414,ZFP414
MCRIP2,MCRIP2
DYDC2,DYDC2
PCGF5,PCGF5
COA8,COA8
AKT1S1,AKT1S1
TMEM101,TMEM101
ELOF1,ELOF1
GFM2,GFM2
COG8,COG8
HPS3,HPS3
ARFGAP2,ARFGAP2
NIFK,NIFK
HOOK3,HOOK3
ECRG4,ECRG4
CYSTM1,CYSTM1
COXFA4L3,COXFA4L3
PROK1,PROK1
CARD11,CARD11
ADGRA1,ADGRA1
MSANTD4,MSANTD4
HHIPL1,HHIPL1
RAB11FIP4,RAB11FIP4
MAML2,MAML2
FRMPD3,FRMPD3
DOT1L,DOT1L
LZTS2,LZTS2
BRSK1,BRSK1
SYVN1,SYVN1
ABLIM2,ABLIM2
ZNF512,ZFP512
MAP3K21,MAP3K21
EFCAB7,EFCAB7
L3MBTL3,L3MBTL3
PHYHIPL,PHYHIPL
LCOR,LCOR
ZMAT1,ZMAT1
NEURL4,NEURL4
SLX4,SLX4
MEGF11,MEGF11
MEGF10,MEGF10
FAM120B,FAM120B
SPIRE2,SPIRE2
JPH4,JPH4
NKX6-2,NKX6-2
PLPP5,PLPP5
GHDC,GHDC
MCM8,MCM8
DCTN5,DCTN5
ACTRT3,ACTRT3
CNFN,CNFN
ACRBP,ACRBP
GON7,GON7
JAGN1,JAGN1
ZC3H8,ZC3H8
HOPX,HOPX
CDIN1,CDIN1
SRRM4,SRRM4
ACSS1,ACSS1
KBTBD8,KBTBD8
SANBR,SANBR
MRPL43,MRPL43
TMEM185A,TMEM185A
MAK16,MAK16
PARD6G,PARD6G
FAXC,FAXC
MAP1LC3A,MAP1LC3A
MT4,MT4
SLC12A8,SLC12A8
LYZL1,LYZL1
COL25A1,COL25A1
GNPTG,GNPTG
PARD6B,PARD6B
ZBTB37,ZBTB37
TUBB6,TUBB6
NT5C1A,NT5C1A
ZGPAT,ZGPAT
ST6GAL2,ST6GAL2
KIRREL3,KIRREL3
FNDC1,FNDC1
KRABD3,KRABD3
ZNF469,ZFP469
NTNG2,NTNG2
TNRC18,TNRC18
TTBK1,TTBK1
SLITRK2,SLITRK2
AFAP1L2,AFAP1L2
KISS1R,KISS1R
GPR174,GPR174
IL1F10,IL1F10
USP38,USP38
SLC71A2,SLC71A2
KIF2B,KIF2B
C22ORF23,C7H22ORF23
PLA2G12B,PLA2G12B
DGAT2,DGAT2
EBPL,EBPL
SPINK7,SPINK7
SPZ1,SPZ1
GLYR1,GLYR1
CCDC62,CCDC62
DPY30,DPY30
GLIS2,GLIS2
MYPN,MYPN
RETNLB,RETNLB
HES7,HES7
HYCC1,HYCC1
USP32,USP32
CARD6,CARD6
TRIM55,TRIM55
TRIM63,TRIM63
KDM2B,KDM2B
SLC9A7,SLC9A7
ACCS,ACCS
HINT2,HINT2
INSM2,INSM2
PPP1R9B,PPP1R9B
SPMIP6,SPMIP6
MS4A14,MS4A14
SPATA22,SPATA22
GARIN1B,GARIN1B
CCDC54,CCDC54
MCEE,MCEE
GJA10,GJA10
LOXL3,LOXL3
ABHD1,ABHD1
CAPS2,CAPS2
CREB3L3,CREB3L3
MYO18B,MYO18B
COX4I2,COX4I2
GTPBP3,GTPBP3
GPT2,GPT2
BEX2,BEX1
LNX1,LNX1
MGARP,MGARP
HDGFL2,HDGFL2
PIGO,PIGO
PSRC1,PSRC1
PLEKHA8,PLEKHA8
PRRC2B,PRRC2B
SPSB2,SPSB2
CBX2,CBX2
FAM167B,FAM167B
CNDP1,CNDP1
UNC119B,UNC119B
USP30,USP30
POFUT3,POFUT3
B3GNT9,B3GNT9
PCGF1,PCGF1
CRACR2A,CRACR2A
MPV17L2,MPV17L2
TMEM276,TMEM276
NAA11,NAA11
KMT5C,KMT5C
TUBA1C,TUBA1C
FAM220A,FAM220A
PYROXD2,PYROXD2
GPAT3,GPAT3
SLC67A2,SLC67A2
NFKBID,NFKBID
PERM1,PERM1
BUD13,BUD13
PLCD4,PLCD4
PLPP7,PLPP7
RTN4IP1,RTN4IP1
TXNDC17,TXNDC17
IL17RC,IL17RC
LMNB2,LMNB2
FCRLA,FCRLA
SFT2D3,SFT2D3
ADTRP,ADTRP
ATP5MK,ATP5MK
ABHD14B,ABHD14B
ZNF496,ZFP496
HPDL,HPDL
PHF5A,PHF5A
TRIM52,TRIM52
ZNF503,ZFP503
LRCH3,LRCH3
KLHL22,KLHL22
RIOX2,RIOX2
CCDC142,CCDC142
TMEM25,TMEM25
PTPN5,PTPN5
HAVCR2,HAVCR2
CBR4,CBR4
RSPO3,RSPO3
AGBL4,AGBL4
ZC3H10,ZC3H10
ADGRG7,ADGRG7
PARP10,PARP10
ORAI1,ORAI1
ZBTB45,ZBTB45
MFSD2A,MFSD2A
RPUSD4,RPUSD4
AIFM2,AIFM2
ZDHHC12,ZDHHC12
C1ORF198,C19H1ORF198
SPPL2A,SPPL2A
SLC7A3,SLC7A3
ADO,ADO
ZSCAN10,ZSCAN10
POMGNT2,POMGNT2
FBH1,FBH1
LINGO1,LINGO1
MIGA2,MIGA2
ATAD1,ATAD1
TBRG1,TBRG1
PLXDC2,PLXDC2
TMTC4,TMTC4
RNFT2,RNFT2
NFATC2IP,NFATC2IP
CEP89,CEP89
ARHGEF39,ARHGEF39
ZNF341,ZFP341
TIMCC,TIMCC
AOPEP,AOPEP
TMEM87B,TMEM87B
ZNF382,ZFP382
SLC35B4,SLC35B4
ATOH8,ATOH8
FAM222A,FAM222A
UTP4,UTP4
LRP11,LRP11
PPP1R15B,PPP1R15B
ALG10,ALG10
FIZ1,FIZ1
VCF1,VCF1
ZNF566,ZFP566
SLC49A4,SLC49A4
SPRYD3,SPRYD3
TMEM209,TMEM209
FIBCD1,FIBCD1
MASTL,MASTL
RAB2B,RAB2B
C8ORF76,C7H8ORF76
RITA1,RITA1
MEDAG,MEDAG
ZFYVE19,ZFYVE19
ZNRF1,ZNRF1
ATG4C,ATG4C
PWWP3A,PWWP3A
CORO6,CORO6
HSH2D,HSH2D
WDR73,WDR73
MAEL,MAEL
ABHD13,ABHD13
LTV1,LTV1
SERAC1,SERAC1
TIGD5,TIGD5
PRPF38A,PRPF38A
TNS4,TNS4
CGNL1,CGNL1
MPND,MPND
NUDCD1,NUDCD1
RELT,RELT
SYTL1,SYTL1
UBASH3B,UBASH3B
CCDC183,CCDC183
FBXL20,FBXL20
AJUBA,AJUBA
ALKBH6,ALKBH6
IGSF21,IGSF21
LSM10,LSM10
TOX2,TOX2
C1ORF94,C5H1ORF94
ATG4D,ATG4D
SNHG7,SNHG7
SLC61A1,SLC61A1
DISP1,DISP1
FRMD5,FRMD5
CEP19,CEP19
SACK1A,SACK1A
ARHGAP19,ARHGAP19
COX14,COX14
PPP1R16A,PPP1R16A
RBM17,RBM17
PIGY,PIGY
UBL7,UBL7
RERG,RERG
PHYKPL,PHYKPL
TCEAL3,TCEAL3
TMEM128,TMEM128
TMEM141,TMEM141
USP45,USP45
CFAP300,CFAP300
SLC35D4,SLC35D4
REPS1,REPS1
TMEM60,TMEM60
SMIM3,SMIM3
H2BC12,H2BC12
ATCAY,ATCAY
COL27A1,COL27A1
FBF1,FBF1
PPIL4,PPIL4
PAQR8,PAQR8
LGALS12,LGALS12
SHISAL1,SHISAL1
SHANK3,SHANK3
SYDE1,SYDE1
TRIM5,TRIM5
ZCCHC3,ZCCHC3
ALG2,ALG2
MYLK2,MYLK2
STRIP1,STRIP1
MICALL1,MICALL1
TUBGCP6,TUBGCP6
KIAA1671,KIAA1671
SLX9,SLX9
RGS8,RGS8
EAF1,EAF1
DNAJC14,DNAJC14
NKD1,NKD1
NKD2,NKD2
SLC22A16,SLC22A16
SLC45A3,SLC45A3
RHPN2,RHPN2
ZIC5,ZIC5
CCNB3,CCNB3
ZCRB1,ZCRB1
CABS1,CABS1
STON2,STON2
DOCK7,DOCK7
HELZ2,HELZ2
KNDC1,KNDC1
DCLK3,DCLK3
LRRCC1,LRRCC1
CNTNAP4,CNTNAP4
ZFHX2,ZFHX2
KIAA1755,KIAA1755
ITPRIP,ITPRIP
UNK,UNK
CFAP74,CFAP74
TSPYL5,TSPYL5
DISP2,DISP2
CNOT12,CNOT12
CIPC,CIPC
DIXDC1,DIXDC1
CEP295,CEP295
ZNF518B,ZFP518B
TANC1,TANC1
FHDC1,FHDC1
ZC3H12C,ZC3H12C
SSH2,SSH2
SELENOI,SELENOI
LBX2,LBX2
GFM1,GFM1
SCIN,SCIN
DRC2,DRC2
DNAJC5B,DNAJC5B
TSLP,TSLP
SCRT2,SCRT2
MBD3L1,MBD3L1
GALP,GALP
GTPBP10,GTPBP10
PNPT1,PNPT1
GGACT,GGACT
ANKRD13A,ANKRD13A
RRP36,RRP36
RSPH1,RSPH1
UMODL1,UMODL1
SERPINB12,SERPINB12
SERPINB11,SERPINB11
WNT3A,WNT3A
HPS4,HPS4
LMLN,LMLN
SIGLEC10,SIGLECG
GAL3ST3,GAL3ST3
NAV3,NAV3
NAV1,NAV1
NAV2,NAV2
PPP1R3F,PPP1R3F
ABCC10,ABCC10
FGD3,FGD3
FCHSD1,FCHSD1
ATG16L2,ATG16L2
MVB12B,MVB12B
KLHL6,KLHL6
SEC16B,SEC16B
PLCZ1,PLCZ1
TRIM15,TRIM15
AQP10,AQP10
SLC25A21,SLC25A21
CFAP91,CFAP91
TPD52L3,TPD52L3
LHX4,LHX4
FATE1,FATE1
SLAMF9,SLAMF9
ZNF628,ZFP628
KBTBD6,KBTBD6
DYNC2I2,DYNC2I2
TMEM116,TMEM116
UBE3B,UBE3B
BMERB1,BMERB1
PAPLN,PAPLN
RHOT2,RHOT2
KLC4,KLC4
SAPCD2,SAPCD2
RSPRY1,RSPRY1
DPH6,DPH6
MIDN,MIDN
SYT8,SYT8
UBE3D,UBE3D
FAM181A,FAM181A
CCDC120,CCDC120
PHLDB2,PHLDB2
VWA5B2,VWA5B2
TMEM250,TMEM250
TSR2,TSR2
KCNH7,KCNH7
BTBD6,BTBD6
TSPAN18,TSPAN18
EFCAB11,EFCAB11
HS6ST2,HS6ST2
FRMD7,FRMD7
EMILIN3,EMILIN3
SYS1,SYS1
WFDC8,WFDC8
SNX21,SNX21
ZSWIM1,ZSWIM1
UCN2,UCN2
KIAA2013,2510039O18RIKL
UNC5A,UNC5A
OTULIN,OTULIN
EFCAB12,EFCAB12
KLHL13,KLHL13
TP53I13,TP53I13
TGIF2LX,TGIF2LX2
CCDC97,CCDC97
THAP3,THAP3
EXOC3L2,EXOC3L2
FER1L5,FER1L5
CTU1,CTU1
MACIR,MACIR
FAM110B,FAM110B
SAMD1,SAMD1
DCAF15,DCAF15
TICRR,TICRR
MED30,MED30
TMEM41A,TMEM41A
IFT20,IFT20
MCFD2,MCFD2
CCDC32,CCDC32
KNSTRN,KNSTRN
ATP6V1E2,ATP6V1E2
BMF,BMF
ZNF622,ZFP622
ERI1,ERI1
GADD45GIP1,GADD45GIP1
TMEM263,TMEM263
LRRC46,LRRC46
SCRN2,SCRN2
YIF1B,YIF1B
MLIP,MLIP
SHF,SHF
DUOXA1,DUOXA1
STPG1,STPG1
MCU,MCU
TIMM29,TIMM29
LYRM7,LYRM7
STARD13,STARD13
N4BP2L1,N4BP2L1
ZFAND2A,ZFAND2A
COX19,COX19
CARMIL3,CARMIL3
PPP1R3E,PPP1R3E
LRSAM1,LRSAM1
CCDC126,CCDC126
SEC11C,SEC11C
VCF2,VCF2
PYGO2,PYGO2
CEP95,CEP95
ANGEL2,ANGEL2
PIP4P1,PIP4P1
PRMT9,PRMT9
CFAP119,CFAP119
TCEAL8,TCEAL8
ZNF598,ZFP598
SPOCD1,SPOCD1
JPT2,JPT2
SPSB3,SPSB3
IL33,IL33
DMAC1,DMAC1
ZNF697,ZFP697
TRIM41,TRIM41
ESAM,ESAM
ADCK2,ADCK2
DHX57,DHX57
ZNF251,ZFP251
KIFC2,KIFC2
CREB3L1,CREB3L1
FMNL3,FMNL3
CERS5,CERS5
DPP9,DPP9
CCDC149,CCDC149
AP5B1,AP5B1
CCDC34,CCDC34
TRIM47,TRIM47
L3MBTL4,L3MBTL4
SLC25A46,SLC25A46
TMEM67,TMEM67
IGFN1,IGFN1
SCARF2,SCARF2
NUP210L,NUP210L
SLC39A13,SLC39A13
BOD1,BOD1
MSANTD3,MSANTD3
LMF2,LMF2
RLIG1,RLIG1
R3HDM4,R3HDM4
TMEM259,TMEM259
DERL3,DERL3
XTBD1,XTBD1
ANKRD40,ANKRD40
UAP1L1,UAP1L1
SESTD1,SESTD1
BTF3L4,BTF3L4
CCDC74B,CCDC74A
ATP23,ATP23
RCCD1,RCCD1
FAAP24,FAAP24
RNF185,RNF185
ACBD5,ACBD5
PKDCC,PKDCC
ISX,ISX
COL23A1,COL23A1
PCED1B,PCED1B
ANKRD44,ANKRD44
RSAD2,RSAD2
UBXN11,UBXN11
MTRFR,MTRFR
RPS19BP1,RPS19BP1
PLXNA4,PLXNA4
ZNF830,ZFP830
RASL10B,RASL10B
CHURC1,CHURC1
DEPDC7,DEPDC7
NEXN,NEXN
TDRD12,TDRD12
ATPAF2,ATPAF2
BOC,BOC
NLRP12,NLRP12
MYADM,MYADM
SYT12,SYT12
CENPL,CENPL
SMDT1,SMDT1
LONRF1,LONRF1
ACY3,ACY3
IDI2,IDI2
YTHDC1,YTHDC1
MIDEAS,MIDEAS
LIN52,LIN52
ZNF804A,ZFP804A
NEK9,NEK9
CABLES1,CABLES1
NXPE3,NXPE3
CHMP7,CHMP7
ALKBH8,ALKBH8
MYLK3,MYLK3
EXOC3L4,EXOC3L4
WDR20,WDR20
CHRDL1,CHRDL1
CALML4,CALML4
MARVELD3,MARVELD3
RFT1,RFT1
TTC5,TTC5
FDXACB1,FDXACB1
C11ORF52,C8H11ORF52
TIMD4,TIMD4
NDUFAF2,NDUFAF2
ARRDC4,ARRDC4
COG7,COG7
EOLA1,EOLA1
MYOZ3,MYOZ3
TPGS1,TPGS1
CCNQ,CCNQ
SLC25A51,SLC25A51
SNX29,SNX29
INTS4,INTS4
OXNAD1,OXNAD1
DSEL,DSEL
RIPPLY1,RIPPLY1
MTDH,MTDH
MTSS2,MTSS2
TMEM88,TMEM88
MTG1,MTG1
UBTD2,UBTD2
DAPL1,DAPL1
CDHR1,CDHR1
STYXL2,STYXL2
RCSD1,RCSD1
LMBRD2,LMBRD2
KGD4,KGD4
CAPN13,CAPN13
TMEM132C,TMEM132C
SCGB3A1,SCGB3A1
TMEM129,TMEM129
MEX3A,MEX3A
STRADA,STRADA
PRR29,PRR29
METTL18,METTL18
GORAB,GORAB
NAF1,NAF1
C1ORF105,C13H1ORF105
CRB3,CRB3
SPSB4,SPSB4
PXYLP1,PXYLP1
MRRF,MRRF
RBM18,RBM18
CHMP4C,CHMP4C
BBIP1,BBIP1
LDHAL6B,LDHAL6B
SPECC1,SPECC1
BICDL1,BICDL1
FANK1,FANK1
G6PC3,G6PC3
ASB16,ASB16
MOB1B,MOB1B
TIMM50,TIMM50
TIFA,TIFA
MGME1,MGME1
DTD1,DTD1
FAM114A1,FAM114A1
TMEM169,TMEM169
TMEM183A,TMEM183A
ARRDC1,ARRDC1
DPH7,DPH7
OTOP2,OTOP2
DNER,DNER
SLC38A5,SLC38A5
BPIFB1,BPIFB1
DRC1,DRC1
HELB,HELB
SHKBP1,SHKBP1
H2AC25,H2AC25
ZNF276,ZFP276
REEP6,REEP6
IMP4,IMP4
HNRNPLL,HNRNPLL
UBE2Q2,UBE2Q2
CCDC102A,CCDC102A
MARS2,MARS2
PEX11G,PEX11G
MARCHF9,MARCHF9
ZBTB47,ZBTB47
B3GNT7,B3GNT7
NT5C1B,NT5C1B
PKHD1L1,PKHD1L1
COQ10A,COQ10A
TEX30,TEX30
NEURL3,NEURL3
DMKN,DMKN
NAPRT,NAPRT
KCNG4,KCNG4
TMEM44,TMEM44
ORAI3,ORAI3
OLFM2,OLFM2
PRDM6,PRDM6
PIGM,PIGM
IGSF8,IGSF8
CFAP107,CFAP107
PGAP3,PGAP3
ODAD1,ODAD1
LEMD1,LEMD1
HAUS8,HAUS8
MVB12A,MVB12A
OPALIN,OPALIN
MMGT1,MMGT1
MYL10,MYL10
SYCE1,SYCE1
MGAM2,MGAM2
ARMC6,ARMC6
MAPK1IP1L,MAPK1IP1L
SDR42E1,SDR42E1
ZFAND4,ZFAND4
TRMT10A,TRMT10A
CACNA2D4,CACNA2D4
TBC1D31,TBC1D31
FBXO44,FBXO44
MRFAP1,MRFAP1
TADA2B,TADA2B
TBCK,TBCK
TJAP1,TJAP1
MYOCD,MYOCD
ACP4,ACP4
CAPZA3,CAPZA3
ARHGAP18,ARHGAP18
CADPS2,CADPS2
ACTR8,ACTR8
ATP5IF1,ATP5IF1
CLEC6A,CLEC4B2
CPA5,CPA5
FOXP2,FOXP2
PIGS,PIGS
TTYH2,TTYH2
MUC16,MUC16
POM121L2,POM121L2
LRRC4B,LRRC4B
HTRA3,HTRA3
CAMK2N2,CAMK2N2
FTMT,FTMT
ZNF101,ZFP866
SYAP1,SYAP1
LENG9,LENG9
SFXN1,SFXN1
HSPB9,HSPB9
SFXN5,SFXN5
ORMDL1,ORMDL1
ORMDL3,ORMDL3
PAXBP1,PAXBP1
TMEM203,TMEM203
SYTL3,SYTL3
SYTL4,SYTL4
SYTL5,SYTL5
ARHGAP12,ARHGAP12
RP1L1,RP1L1
ABCC12,ABCC12
OPN4,OPN4
FOXQ1,FOXQ1
GNG8,GNG8
H2AZ2,H2AZ2
EPSTI1,EPSTI1
TP53INP1,TP53INP1
PPP1R14A,PPP1R14A
CEP41,CEP41
FNIP1,FNIP1
TGS1,TGS1
MYL12B,MYL12B
EGLN2,EGLN2
EGLN3,EGLN3
CAVIN3,CAVIN3
PRRT2,PRRT2
ERI2,ERI2
SAT2,SAT2
DTD2,DTD2
GTF3C6,GTF3C6
SNX18,SNX18
MRAP2,MRAP2
RWDD2A,RWDD2A
CMTM7,CMTM7
GARIN5A,GARIN5A
RDH13,RDH13
IL17F,IL17F
IFT43,IFT43
STX1B,STX1B
GLMP,GLMP
KRT71,KRT71
FDX2,FDX2
HOGA1,HOGA1
WDR89,WDR89
L3HYPDH,L3HYPDH
SGF29,SGF29
PHF21B,PHF21B
VPS26B,VPS26B
NACC1,NACC1
CFAP36,CFAP36
KTI12,KTI12
RPUSD1,RPUSD1
PLCD3,PLCD3
PTH2,PTH2
MTFR2,MTFR2
CDCA5,CDCA5
AHNAK2,AHNAK2
SAAL1,SAAL1
IZUMO4,IZUMO4
SCAMP4,SCAMP4
ADAT3,ADAT3
CHST14,CHST14
GOLM2,GOLM2
KIF12,KIF12
MISP3,MISP3
SLC46A1,SLC46A1
C12ORF57,GRCC10
LARP4,LARP4
GLCCI1,GLCCI1
TMEM106A,TMEM106A
SLC52A3,SLC52A3
SFT2D1,SFT2D1
TEX261,TEX261
SMIM12,SMIM12
AZIN2,AZIN2
TMEM54,TMEM54
HELQ,HELQ
CYP2U1,CYP2U1
ADPRHL1,ADPRHL1
SLC33A2,SLC33A2
SDSL,SDSL
KLHDC7B,KLHDC7B
CIMAP1A,CIMAP1A
PIK3IP1,PIK3IP1
HENMT1,HENMT1
SACK1F,SACK1F
SLC35A4,SLC35A4
DTX2,DTX2
ZIM3,ZIM3
TOE1,TOE1
BUD23,BUD23
TRIM9,TRIM9
TXNRD3,TXNRD3
UCN3,UCN3
SLC2A13,SLC2A13
LACTB,LACTB
EFHC1,EFHC1
NLRP3,NLRP3
MAL2,MAL2
TIRAP,TIRAP
MIR155HG,MIR155HG
ERMAP,ERMAP
CYGB,CYGB
PGLYRP2,PGLYRP2
PGLYRP3,PGLYRP3
PKD1L2,PKD1L2
BTBD9,BTBD9
LMTK3,LMTK3
CSMD2,CSMD2
MBD6,MBD6
XKR4,XKR4
GPRIN1,GPRIN1
CSMD3,CSMD3
SLC25A25,SLC25A25
STK11IP,STK11IP
TUBGCP5,TUBGCP5
KLHL32,KLHL32
FMNL2,FMNL2
ELFN2,ELFN2
TMEM132B,TMEM132B
SLITRK1,SLITRK1
ESCO1,ESCO1
CCDC85A,CCDC85A
TMEM200A,TMEM200A
MYSM1,MYSM1
RNF157,RNF157
GALNT13,GALNT13
SORCS1,SORCS1
KLHL29,KLHL29
RHPN1,RHPN1
LENG8,LENG8
PNMA5,PNMA5
PWWP2A,PWWP2A
SMYD4,SMYD4
FHAD1,FHAD1
SLAMF6,SLAMF6
OSBPL1A,OSBPL1A
OSBPL5,OSBPL5
OSBPL6,OSBPL6
OSBPL7,OSBPL7
OSBPL8,OSBPL8
OSBPL9,OSBPL9
OSBPL10,OSBPL10
OSBPL11,OSBPL11
C1QTNF1,C1QTNF1
C1QTNF2,C1QTNF2
C1QTNF3,C1QTNF3
C1QTNF4,C1QTNF4
C1QTNF5,C1QTNF5
C1QTNF6,C1QTNF6
C1QTNF7,C1QTNF7
FBXO32,FBXO32
TMEM123,TMEM123
SMIM19,SMIM19
GPRASP2,GPRASP2
TSGA13,TSGA13
PTPMT1,PTPMT1
FLYWCH2,FLYWCH2
WDR31,WDR31
VASN,VASN
ZNF618,ZFP618
CGAS,CGAS
SLC26A9,SLC26A9
NT5C3B,NT5C3B
CCDC124,CCDC124
HAUS1,HAUS1
SLC26A7,SLC26A7
MARCHF3,MARCHF3
ATG4A,ATG4A
KCTD12,KCTD12
OMA1,OMA1
DDIT4L,DDIT4L
RAB42,RAB42
SLC25A26,SLC25A26
FBXO17,FBXO17
PCMTD1,PCMTD1
GPR146,GPR146
FCRL1,FCRL1
LRRC42,LRRC42
GBP5,GBP5
LRRC56,LRRC56
MALSU1,MALSU1
UHRF2,UHRF2
ZNF689,ZFP689
FCHO2,FCHO2
ARHGEF25,ARHGEF25
TENT5B,TENT5B
SLC5A11,SLC5A11
TNFRSF13C,TNFRSF13C
NOSTRIN,NOSTRIN
ALPK2,ALPK2
ARHGAP33,ARHGAP33
EVI5L,EVI5L
TRMT61A,TRMT61A
RASGRP4,RASGRP4
C12ORF56,C7H12ORF56
DIS3L,DIS3L
ARL11,ARL11
FANCD2OS,FANCD2OS
DRC10,DRC10
DHRS1,DHRS1
WDFY2,WDFY2
RAB3C,RAB3C
NXNL1,NXNL1
CTHRC1,CTHRC1
TSR3,TSR3
ODAD3,ODAD3
ZNF653,ZFP653
RNF166,RNF166
RMI2,RMI2
OSR2,OSR2
LRRC58,LRRC58
LYSMD3,LYSMD3
BATF2,BATF2
SLC22A12,SLC22A12
DNTTIP1,DNTTIP1
FOXP4,FOXP4
ZNF526,ZFP526
LRRC3B,LRRC3B
KLHDC3,KLHDC3
DNAAF10,DNAAF10
NUS1,NUS1
MIMS2,MIMS2
PHACTR3,PHACTR3
CYYR1,CYYR1
CMTM5,CMTM5
TGM7,TGM7
TM4SF19,TM4SF19
PABIR1,PABIR1
ZMYND19,ZMYND19
COX20,COX20
ABHD15,ABHD15
TLCD1,TLCD1
GINM1,GINM1
MOGAT1,MOGAT1
ACSM1,ACSM1
C8ORF34,C5H8ORF34
PANX3,PANX3
RBP7,RBP7
SLC26A8,SLC26A8
LYPD1,LYPD1
IL22RA2,IL22RA2
GRIN3A,GRIN3A
GRIN3B,GRIN3B
TOP1MT,TOP1MT
OLIG1,OLIG1
CLNK,CLNK
TSEN15,TSEN15
NIBAN1,NIBAN1
MAS1L,MAS1L
MRGPRD,MRGPRD
APOA5,APOA5
MRGPRE,MRGPRE
MRGPRF,MRGPRF
MRPL53,MRPL53
MRPL54,MRPL54
PPP1R27,PPP1R27
HSPA12B,HSPA12B
CNTROB,CNTROB
SNAP47,SNAP47
LEAP2,LEAP2
SLC18B1,SLC18B1
LRG1,LRG1
MED12L,MED12L
WDR17,WDR17
ART5,ART5
ACAP3,ACAP3
ARAP2,ARAP2
ARAP1,ARAP1
AGAP2,AGAP2
AGAP1,AGAP1
AGAP3,AGAP3
TADA1,TADA1
CATSPER1,CATSPER1
THEM4,THEM4
DACH2,DACH2
CATSPER2,CATSPER2
SCGB3A2,SCGB3A2
SH2D1B,SH2D1B
WFIKKN1,WFIKKN1
RAB3IP,RAB3IP
SSX2IP,SSX2IP
MRGPRX2,MRGPRX2
PLAAT5,PLAAT5
FTSJ3,FTSJ3
SLC16A10,SLC16A10
GALNT15,GALNT15
IP6K3,IP6K3
CIB3,CIB3
TAGAP,TAGAP
TMC1,TMC1
TMC2,TMC2
RLN3,RLN3
TWIST2,TWIST2
PARD3B,PARD3B
RFFL,RFFL
ZNF354B,ZNF354B
TRIM6,TRIM6
UBE2J2,UBE2J2
BORCS5,BORCS5
OLFM3,OLFM3
ANTXR2,ANTXR2
GPR62,GPR62
EXOSC6,EXOSC6
C10ORF71,C16H10ORF71
PRAP1,PRAP1
ZNF511,ZFP511
CHCHD1,CHCHD1
MSS51,MSS51
CFAP70,CFAP70
C10ORF90,C1H10ORF90
BTBD16,BTBD16
PSTK,PSTK
ZNF488,ZFP488
PIK3AP1,PIK3AP1
MORN4,MORN4
ZFYVE27,ZFYVE27
MMP21,MMP21
COMTD1,COMTD1
FRA10AC1,FRA10AC1
ANKRD22,ANKRD22
SFXN2,SFXN2
PDZD8,PDZD8
BORCS7,BORCS7
GSTO2,GSTO2
SFR1,SFR1
CALHM3,CALHM3
CLRN3,CLRN3
ANAPC16,ANAPC16
SFXN4,SFXN4
CPXM2,CPXM2
OR52E2,OR52E2
OR51L1,OR51L1
OR51A7,OR51A7
OR51S1,OR51S1
IFTAP,IFTAP
OR52M1,OR52M1
LARGE2,LARGE2
SLC36A4,SLC36A4
FAT3,FAT3
TMEM45B,TMEM45B
CYP2R1,CYP2R1
DBX1,DBX1
POU2AF3,POU2AF3
PIH1D2,PIH1D2
NXPE2,NXPE2
JAML,JAML
DNAJC24,DNAJC24
ARL14EP,ARL14EP
OR8I2,OR8I2
OR52W1,OR52W1
LRRK2,LRRK2
CCDC38,CCDC38
TMEM52B,TMEM52B
FAM186A,FAM186A
NOPCHAP1,NOPCHAP1
SDR9C7,SDR9C7
LRIG3,LRIG3
TMEM132D,TMEM132D
SLC15A4,SLC15A4
RHEBL1,RHEBL1
ZNF641,ZFP641
OR10AD1,OLR1102
TPH2,TPH2
SP7,SP7
GTSF1,GTSF1
NEDD1,NEDD1
IKBIP,IKBIP
ERP27,ERP27
FGD4,FGD4
AEBP2,AEBP2
ASCL4,ASCL4
ABTB3,ABTB3
SPIC,SPIC
ANO4,ANO4
ALKBH2,ALKBH2
FOXN4,FOXN4
SPPL3,SPPL3
TEX29,TEX29
RXFP2,RXFP2
TEX26,TEX26
SLAIN1,SLAIN1
SPACA7,SPACA7
TDRD9,TDRD9
ANKRD9,ANKRD9
AK7,AK7
DORIP1,DORIP1
TRAPPC6B,TRAPPC6B
CLBA1,CLBA1
PLD4,PLD4
ADSS1,ADSS1
RNASE11,RNASE11
TPPP2,TPPP2
MRPL52,MRPL52
PSMB11,PSMB11
LRR1,LRR1
KLHDC1,KLHDC1
FRMD6,FRMD6
SOCS4,SOCS4
NAA30,NAA30
GPHB5,GPHB5
NOXRED1,NOXRED1
JDP2,JDP2
ISCA2,ISCA2
ACOT4,ACOT4
TTC8,TTC8
TC2N,TC2N
SLC24A4,SLC24A4
SLC25A29,SLC25A29
DEGS2,DEGS2
KLHL33,KLHL33
LEO1,LEO1
C15ORF40,C1H15ORF40
SENP8,SENP8
MTFMT,MTFMT
SLC51B,SLC51B
TARS3,TARS3
LRRC28,LRRC28
TMEM266,TMEM266
NIPA1,NIPA1
AGBL1,AGBL1
HYKK,HYKK
WHAMM,WHAMM
FSD2,FSD2
PLA2G4E,PLA2G4E
C16ORF46,C19H16ORF46
NTAN1,NTAN1
CEP20,CEP20
DNAAF1,DNAAF1
DCUN1D3,DCUN1D3
NRN1L,NRN1L
CMTM3,CMTM3
C16ORF78,C19H16ORF78
SPATA2L,SPATA2L
SPATA33,SPATA33
NOXO1,NOXO1
CCDC78,CCDC78
IQCK,IQCK
PAQR4,PAQR4
ZC3H18,ZC3H18
GPR139,GPR139
CDYL2,CDYL2
ANKS3,ANKS3
UBALD1,UBALD1
SEPTIN12,SEPTIN12
TMEM219,TMEM219
EARS2,EARS2
SNX20,SNX20
TMEM170A,TMEM170A
METTL23,METTL23
HSF5,HSF5
MSI2,MSI2
SLC38A10,SLC38A10
CANT1,CANT1
USH1G,USH1G
CD300LB,CD300LB
KIF19,KIF19
ZPBP2,ZPBP2
CYB5D1,CYB5D1
OVCA2,OVCA2
USP43,USP43
CHCT1,CHCT1
SPATA32,SPATA32
HEXIM2,HEXIM2
LSM12,LSM12
CCDC43,CCDC43
CNTD1,CNTD1
TMEM132E,TMEM132E
WFIKKN2,WFIKKN2
B4GALNT2,B4GALNT2
SPACA3,SPACA3
RSKR,RSKR
SEZ6,SEZ6
ANKRD13B,ANKRD13B
SLC43A2,SLC43A2
CYB5D2,CYB5D2
BACC1,BACC1
ZFP3,ZFP3
GGT6,GGT6
SPNS2,SPNS2
MRPL10,MRPL10
WDR81,WDR81
TBC1D16,TBC1D16
AFMID,AFMID
GJD3,GJD3
KRT222,KRT222
KRT40,KRT40
ZSWIM7,ZSWIM7
MIEF2,MIEF2
SLC5A10,SLC5A10
MIMS1,MIMS1
LOXHD1,LOXHD1
INO80C,INO80C
TTC39C,TTC39C
DIPK1C,DIPK1C
CLDND2,CLDND2
CEACAM20,CEACAM20
RAVER1,RAVER1
COX6B2,COX6B2
CALR3,CALR3
ACER1,ACER1
MICOS13,MICOS13
TRAPPC5,TRAPPC5
PCP2,PCP2
OSCAR,OSCAR
SWSAP1,SWSAP1
CCDC159,CCDC159
JOSD2,JOSD2
IZUMO2,IZUMO2
CPT1C,CPT1C
ALDH16A1,ALDH16A1
NTN5,NTN5
NLRP5,NLRP5
ZNF787,ZFP787
WDR88,WDR88
TMIGD2,TMIGD2
EID2B,EID2B
TIPE1,TNFAIP8L1
IRGQ,IRGQ
ZNF428,ZFP428
JSRP1,JSRP1
MOB3A,MOB3A
MFSD12,MFSD12
GIPC3,GIPC3
NDUFA11,NDUFA11
MISP,MISP
LRRC25,LRRC25
OR1I1,OR1I2
WTIP,WTIP
NR2C2AP,NR2C2AP
HSPB6,HSPB6
TEKTL1,TEKTL1
CYP4F22,CYP4F39
RINL,RINL
FBXO27,FBXO27
PLK5,PLK5
C19ORF47,C1H19ORF47
ANKLE1,ANKLE1
C2CD4C,C2CD4C
GABPB2,GABPB2
TCHHL1,TCHHL1
RPTN,RPTN
CCDC163,CCDC163
SHE,SHE
KDF1,KDF1
CCSAP,CCSAP
LRRC38,LRRC38
PUSL1,PUSL1
B3GALT6,B3GALT6
DNAI3,DNAI3
KLHDC9,KLHDC9
AXDND1,AXDND1
MAB21L3,MAB21L3
IFFO2,IFFO2
SLC44A3,SLC44A3
ATXN7L2,ATXN7L2
CFAP276,CFAP276
LYPLAL1,LYPLAL1
ATP6V1G3,ATP6V1G3
ASB17,ASB17
TYW3,TYW3
ERICH3,ERICH3
LRRIQ3,LRRIQ3
TPRG1L,TPRG1L
PRXL2B,PRXL2B
MYOM3,MYOM3
DMBX1,DMBX1
OR10J5,OR10J5
TMCO2,TMCO2
TCEANC2,TCEANC2
PODN,PODN
LRRC39,LRRC39
GJB4,GJB4
HMGB4,HMGB4
RNF19B,RNF19B
A3GALT2,A3GALT2
DCST2,DCST2
DNAH14,DNAH14
ZNF648,ZFP648
C1ORF122,C5H1ORF122
OSCP1,OSCP1
C1ORF216,C5H1ORF216
KLHDC7A,KLHDC7A
VWA5B1,VWA5B1
UBXN10,UBXN10
C1ORF87,C5H1ORF87
ARL8A,ARL8A
SYT2,SYT2
GOLT1A,GOLT1A
UHMK1,UHMK1
FCRLB,FCRLB
WDR64,WDR64
FSAF1,FSAF1
LIX1L,LIX1L
SPATA17,SPATA17
EDARADD,EDARADD
KLF17,KLF17
TMEM125,NEWGENE_1311937
TSACC,TSACC
IQGAP3,IQGAP3
NAXE,NAXE
ARHGEF19,ARHGEF19
MRPL55,MRPL55
DRAM2,DRAM2
CIMAP3,CIMAP3
C1ORF162,C2H1ORF162
OR6P1,OR6P1
OR10Z1,OR10Z1
TATDN3,TATDN3
BHLHE23,BHLHE23
NKAIN4,NKAIN4
VSTM2L,VSTM2L
SNHG11,SNHG11
FITM2,FITM2
WFDC12,WFDC12
SPATA25,SPATA25
OCSTAMP,OCSTAMP
TSHZ2,TSHZ2
CIMIP1,CIMIP1
ZNF831,ZFP831
TBC1D20,TBC1D20
C20ORF141,LOC129351010
PROKR2,PROKR2
SLX4IP,SLX4IP
CSTL1,CSTL1
DUSP15,DUSP15
BPIFB6,BPIFB6
BPIFA3,BPIFA3
C20ORF144,C3H20ORF144
CHMP4B,CHMP4B
PIGU,PIGU
SACK1C,SACK1C
C22ORF39,C11H22ORF39
TANGO2,TANGO2
SGSM1,SGSM1
EMID1,EMID1
ANKRD54,ANKRD54
PPP1R21,PPP1R21
TMEM150A,TMEM150A
NUP35,NUP35
XIRP2,XIRP2
TYW5,TYW5
NMS,NMS
LYG1,LYG1
MITD1,MITD1
DIS3L2,DIS3L2
CMPK2,CMPK2
MBOAT2,MBOAT2
TAF8,TAF8
TMEM18,TMEM18
FBLN7,FBLN7
NEU4,NEU4
RBM45,RBM45
CIMIP6,CIMIP6
BBS5,BBS5
CFAP210,CFAP210
ACMSD,ACMSD
ICA1L,ICA1L
FAM168B,FAM168B
OR9A4,OR9A4
CIB4,CIB4
RFTN2,RFTN2
CLHC1,CLHC1
PLEKHH2,PLEKHH2
AP1S3,AP1S3
C2ORF76,C13H2ORF76
SGPP2,SGPP2
ACVR1C,ACVR1C
OSR1,OSR1
TTC32,TTC32
UBR3,UBR3
KCTD18,KCTD18
FLACC1,FLACC1
ZNF513,ZFP513
SPATA3,SPATA3
LYPD6,LYPD6
LYPD6B,LYPD6B
GALM,GALM
TMEM198,TMEM198
ZFAND2B,ZFAND2B
TMEM178A,TMEM178A
CPO,CPO
MDH1B,MDH1B
CIMIP5,CIMIP5
SLC66A3,SLC66A3
TMEM182,TMEM182
FBXO36,FBXO36
MTERF4,MTERF4
CCDC148,CCDC148
M1AP,M1AP
CPNE4,CPNE4
MIX23,MIX23
KCNH8,KCNH8
DNAJC19,DNAJC19
OTOL1,OTOL1
FAM3D,FAM3D
ZPLD1,ZPLD1
LYZL4,LYZL4
KLHL40,KLHL40
TRIM71,TRIM71
FAM131A,FAM131A
CD200R1,CD200R1
CHCHD4,CHCHD4
ZDHHC19,ZDHHC19
CRYBG3,CRYBG3
DCBLD2,DCBLD2
LRRC15,LRRC15
FAM43A,FAM43A
TPRA1,TPRA1
TMEM42,TMEM42
UROC1,UROC1
ERICH6,ERICH6
NUDT16,NUDT16
COL6A6,COL6A6
TMEM207,TMEM207
METTL6,METTL6
TAMM41,TAMM41
IL17RE,IL17RE
RTP1,RTP1
IQCF1,IQCF1
GLYCTK,GLYCTK
PPM1M,PPM1M
C3ORF49,C15H3ORF49
SNTN,SNTN
SYNPR,SYNPR
LSMEM2,LSMEM2
H1-8,H1F8
OCIAD2,OCIAD2
SCLT1,SCLT1
C4ORF33,C2H4ORF33
SMIM43,SMIM43
PABPC4L,PABPC4L
ADAD1,ADAD1
ZFP42,ZFP42
LIN54,LIN54
SPATA18,SPATA18
FAM241A,FAM241A
TMPRSS11B,TMPRSS11B
GNPDA2,GNPDA2
SPATA4,SPATA4
CPEB2,CPEB2
EVC2,EVC2
ARL9,ARL9
AASDH,AASDH
PDCL2,PDCL2
C4ORF36,C14H4ORF36
PACRGL,PACRGL
TRAM1L1,TRAM1L1
OTOP1,OTOP1
ENPP6,ENPP6
SETD9,SETD9-PS1
IL31RA,IL31RA
EMB,EMB
C5ORF47,C10H5ORF47
PPARGC1B,PPARGC1B
MROH2B,MROH2B
EGFLAM,EGFLAM
PRRC1,PRRC1
NADK2,NADK2
CAPSL,CAPSL
JMY,JMY
C5ORF58,C10H5ORF58
ZNF474,ZFP474
CCDC127,CCDC127
UBE2QL1,UBE2QL1
CFAP90,CFAP90
ATPSCKMT,ATPSCKMT
CMBL,CMBL
POU5F2,POU5F2
DNAJC21,DNAJC21
AFAP1L1,AFAP1L1
GRPEL2,GRPEL2
TMEM171,TMEM171
TMEM174,TMEM174
LSM11,LSM11
POC5,POC5
GPR151,GPR151
STARD4,STARD4
WDR36,WDR36
NUDCD2,NUDCD2
UBLCP1,UBLCP1
ACOT12,ACOT12
SOWAHA,SOWAHA
SHROOM1,SHROOM1
C5ORF24,C17H5ORF24
ADAT2,ADAT2
RIPPLY2,RIPPLY2
IRAK1BP1,IRAK1BP1
CLVS2,CLVS2
TAAR9,TAAR9
TAAR1,TAAR1
STXBP5,STXBP5
NCOA7,NCOA7
HINT3,HINT3
PACRG,PACRG
B3GAT2,B3GAT2
SDHAF4,SDHAF4
CD109,CD109
PM20D2,PM20D2
SRSF12,SRSF12
C6ORF141,C9H6ORF141
HUS1B,HUS1B
TRIM40,TRIM40
MUCL3,MUCL3
TMEM270,TMEM270
TRIM50,TRIM50
OR9A2,OR9A2
SOFU1,SOFU1
TMEM139,TMEM139
NOBOX,NOBOX
OR2A14,OR2A14
OR6B1,OR6B1
ZNF786,ZFP786
COL26A1,COL26A1
PRSS37,PRSS37
KLF14,KLF14
SSMEM1,SSMEM1
C7ORF57,C14H7ORF57
SVOPL,SVOPL
MTPN,MTPN
LRGUK,LRGUK
ASB10,ASB10
PRSS58,PRSS58
MPLKIP,MPLKIP
SSC4D,SSC4D
SPMIP4,SPMIP4
ASZ1,ASZ1
CLDN23,CLDN23
ZNF572,ZNF572
GOT1L1,GOT1L1
CIBAR1,CIBAR1
VPS37A,VPS37A
NDUFAF6,NDUFAF6
TMEM68,TMEM68
ABRA,ABRA
LYPD2,LYPD2
NKX2-6,NKX2-6
TMEM71,TMEM71
SGCZ,SGCZ
ADHFE1,ADHFE1
UBXN2B,UBXN2B
GPAT4,GPAT4
UNC5D,UNC5D
LETM2,LETM2
RALYL,RALYL
HGSNAT,HGSNAT
RNF183,RNF183
NACC2,NACC2
PIERCE1,PIERCE1
CARNMT1,CARNMT1
C9ORF57,C1H9ORF57
C9ORF85,C1H9ORF85
CFAP95,CFAP95
DIPK1B,DIPK1B
PTRH1,PTRH1
PIP5KL1,PIP5KL1
PTPDC1,PTPDC1
ARID3C,ARID3C
RPP25L,RPP25L
SPATA31G1,SPATA31G1
OR13C8,OR13C25
OR1L8,OR1L8
OR1N2,OR1N2
OR1N1,OR1N1B
SLITRK4,SLITRK4
BEND2,BEND2
PASD1,PASD1
DGKK,DGKK
DNAAF6,DNAAF6
PWWP3B,PWWP3B
FAM199X,FAM199X
AMER1,AMER1
APOOL,APOOL
HDX,HDX
FUNDC1,FUNDC1
ADGRG4,ADGRG4
PTCHD1,PTCHD1
OTUD6A,OTUD6A
UPRT,UPRT
MAGEE2,MAGEE2
MAGEB16,MAGEB16
FOXR2,FOXR2
PNCK,PNCK
ZFP92,ZFP92
ACTRT1,ACTRT1
GPR119,GPR119
DOCK11,DOCK11
SPIN4,SPIN4
ASB11,ASB11
ASB5,ASB5
ASB6,ASB6
ASB7,ASB7
ASB8,ASB8
ASB9,ASB9
MYL6B,MYL6BL1
ZNF358,ZFP358
MYO3B,MYO3B
RNF32,RNF32
S100A16,S100A16
CHODL,CHODL
SELENOM,SELENOM
NEK7,NEK7
ZFP28,ZFP28
ACTRT2,ACTRT2
GATA5,GATA5
SLC32A1,SLC32A1
C20ORF96,C3H20ORF96
BPIFA2,BPIFA2
ZBTB46,ZBTB46
WFDC3,WFDC3
GCNT7,GCNT7
NOL4L,NOL4L
CBLN4,CBLN4
CTCFL,CTCFL1
TRIM69,TRIM69
MROH8,MROH8
SAMD10,SAMD10
CCM2L,CCM2L
BRI3BP,BRI3BP
MTCL2,MTCL2
TLDC2,TLDC2
RIMS4,RIMS4
ANKRD60,ANKRD60
SUN5,SUN5
MACROD2,MACROD2
DYNLL2,DYNLL2
TMEM37,TMEM37
UBE2F,UBE2F
ADAMTS14,ADAMTS14
NRSN1,NRSN1
SMCR8,SMCR8
RPL10L,RPL10L
TRPM6,TRPM6
KRT72,KRT72
SRXN1,SRXN1
ROMO1,ROMO1
NEURL2,NEURL2
ZSWIM3,ZSWIM3
WFDC10A,WFDC10A
BANF2,BANF2
NANP,NANP
SCP2D1,SCP2D1
ISM1,ISM1
C20ORF173,C3H20ORF173
RIPOR3,RIPOR3
CST11,CST11
DEFB129,DEFB23
ZNF280B,ZFP280B
SIRPA,SIRPA
PABPC5,PABPC5
SREK1,SREK1
RBBP8NL,RBBP8NL
CNBD2,CNBD2
STK35,STK35
R3HDML,R3HDML
MIB2,MIB2
DUSP19,DUSP19
SLC34A3,SLC34A3
ASB15,ASB15
ASB14,ASB14
ASB12,ASB12
SAMD8,SAMD8
TRUB1,TRUB1
MPP7,MPP7
FRMPD2,FRMPD2
VTI1A,VTI1A
DYDC1,DYDC1
HECTD2,HECTD2
FGFBP3,FGFBP3
SPMIP5,SPMIP5
CACUL1,CACUL1
SYT9,SYT9
LDLRAD3,LDLRAD3
PSMA8,PSMA8
OR52B4,OR52B4
OR52I2,OR52I2
OR51E1,OR51E1
XRRA1,XRRA1
UBQLNL,UBQLNL
MUC15,MUC15
FREY1,FREY1
FAM76B,FAM76B
SESN3,SESN3
PIWIL4,PIWIL4
ARHGAP42,ARHGAP42
KBTBD3,KBTBD3
CWF19L2,CWF19L2
POGLUT3,POGLUT3
LAYN,LAYN
TTC36,TTC36
SPINDOC,SPINDOC
PLEKHA7,PLEKHA7
SPTY2D1,SPTY2D1
TMEM86A,TMEM86A
DNHD1,DNHD1
PRICKLE1,PRICKLE1
AMDHD1,AMDHD1
BCDIN3D,BCDIN3D
GLIPR1L2,GLIPR1L2
RFLNA,RFLNA
ZNF664,ZFP664
ETFRF1,ETFRF1
CPNE8,CPNE8
TMEM120B,TMEM120B
CFAP251,CFAP251
GLT1D1,GLT1D1
BEST3,BEST3
E2F7,E2F7
KRT80,KRT80
CFAP54,CFAP54
KICS2,KICS2
C12ORF60,C4H12ORF60
FBXL14,FBXL14
RAD9B,RAD9B
PHETA1,PHETA1
FAM216B,FAM216B
LACC1,LACC1
B3GLCT,B3GLCT
RDH12,RDH12
GSC,GSC
SERPINA12,SERPINA12
PRIMA1,PRIMA1
MIPOL1,MIPOL1
PPP1R36,PPP1R36
SLC38A6,SLC38A6
ARMH4,ARMH4
ABHD12B,ABHD12B
PTGR2,PTGR2
FAM161B,FAM161B
LRRC74A,LRRC74A
ISM2,ISM2
CEP128,CEP128
MDP1,MDP1
TTC7B,TTC7B
LRFN5,LRFN5
TERB2,TERB2
LYSMD4,LYSMD4
FAM81A,FAM81A
PIERCE2,PIERCE2
PGPEP1L,PGPEP1L
C15ORF61,C8H15ORF61
HAPLN3,HAPLN3
MESP2,MESP2
TMCO5A,TMCO5A
NRG4,NRG4
TTBK2,TTBK2
CDAN1,CDAN1
SLC38A8,SLC38A8
VWA3A,VWA3A
OTOA,OTOA
ZFP90,ZFP90
CARMIL2,CARMIL2
KCTD19,KCTD19
CMTM4,CMTM4
CMTM2,CMTM2B
BEAN1,BEAN1
TEKT5,TEKT5
RNF151,RNF151
PRR35,PRR35
FBXL16,FBXL16
FIMP1,FIMP1
GSG1L,GSG1L
IL34,IL34
ZNF597,ZFP597
BICDL2,BICDL2
TMED6,TMED6
ZNF688,ZFP688
PRSS36,PRSS36
C16ORF89,C10H16ORF89
DNAAF8,DNAAF8
MGAT5B,MGAT5B
TOM1L2,TOM1L2
TEPSIN,TEPSIN
QTGAL,QTGAL
RBFOX3,RBFOX3
CD300LF,CD300LF
DNAH2,DNAH2
RTN4RL1,RTN4RL1
EFCAB3,EFCAB3
SLC47A2,SLC47A2
CFAP52,CFAP52
CCDC42,CCDC42
PIK3R6,PIK3R6
ODF4,ODF4
PGBDF,PGBDF
SLFN13,SLFN9
UNC45B,UNC45B
CD300LG,CD300LG
KIF18B,KIF18B
RUNDC1,RUNDC1
EME1,EME1
VMA12,VMA12
PROCA1,PROCA1
DHRS13,DHRS13
KCTD11,KCTD11
NOTUM,NOTUM
TMC8,TMC8
WIPF2,WIPF2
SCGB1C1,SCGB1C1
STARD6,STARD6
ARK2N,ARK2N
CCBE1,CCBE1
CBLN2,CBLN2
DSG4,DSG4
ANKRD29,ANKRD29
APCDD1,APCDD1
VSIG10L,VSIG10L
C19ORF84,C1H19ORF84
SPACA6,SPACA6
SMIM17,SMIM17
C19ORF18,C1H19ORF18
PPM1N,PPM1N
KLC3,KLC3
IGSF23,IGSF23
LYPD4,LYPD4
TMEM190,TMEM190
HIPK4,HIPK4
TMC4,TMC4
ZNF524,ZFP524
ZNF784,ZFP865
SPC24,SPC24
KASH5,KASH5
DACT3,DACT3
SIX5,SIX5
NLRP4,NLRP4
ZNF582,ZFP582-PS1
ZNF583,ZFP583
TSLIG3C,FAM98C
CAPN12,CAPN12
DPY19L3,DPY19L3
TTC9B,TTC9B
TICAM1,TICAM1
ZNRF4,ZNRF4
FAM187B,FAM187B
CILP2,CILP2
PROSER3,PROSER3
CDC42EP5,CDC42EP5
C19ORF25,C7H19ORF25
ATP8B3,ATP8B3
DIRAS1,DIRAS1
ZNF569,ZFP74
SYT6,SYT6
C1ORF74,C13H1ORF74
CREB3L4,CREB3L4
CIROZ,CIROZ
BROX,BROX
SAMD11,SAMD11
SAMD13,SAMD13
C1ORF52,C2H1ORF52
PHF13,PHF13
CIART,CIART
TLCD4,TLCD4
UBE2U,UBE2U
SLC35F3,SLC35F3
HJV,HJV
ANKRD35,ANKRD35
FAM163A,FAM163A
B3GALNT2,B3GALNT2
SLC60A1,SLC60A1
PM20D1,PM20D1
SLC30A7,SLC30A7
CCDC27,CCDC27
KNCN,KNCN
MOB3C,MOB3C
GLIS1,GLIS1
LELP1,LELP1
RC3H1,RC3H1
DCDC2B,DCDC2B
ZNF362,ZFP362
DCST1,DCST1
CNIH3,CNIH3
MANEAL,MANEAL
IL23R,IL23R
NTMT2,NTMT2
FAM78B,FAM78B
SHISA4,SHISA4
EXOC8,EXOC8
PDIK1L,PDIK1L
BNIPL,BNIPL
CLDN19,CLDN19
CFAP57,CFAP57
C1ORF210,C5H1ORF210
CCDC24,CCDC24
BTBD19,BTBD19
CCDC17,CCDC17
LRRC71,LRRC71
SRARP,SRARP
RNF187,RNF187
SPATA45,SPATA45
GARIN4,GARIN4
ADIG,ADIG
GTSF1L,GTSF1L
WFDC5,WFDC5
SHLD1,SHLD1
COMMD7,COMMD7
BPIFB4,BPIFB4
LSM14B,LSM14B
LIPI,LIPI
LCA5L,LCA5L
IGSF5,IGSF5
SIK1,SIK1
SLC9B1,SLC9B1
CCT8L2,CCT8L2
AIFM3,AIFM3
YDJC,YDJC
C22ORF15,C20H22ORF15
HSCB,HSCB
CCDC117,CCDC117
HORMAD2,HORMAD2
DUSP18,DUSP18
ENTHD1,ENTHD1
DNAJB7,DNAJB7
CHADL,CHADL
MEI1,MEI1
PHETA2,PHETA2
NFAM1,NFAM1
PNPLA5,PNPLA5
CDPF1,CDPF1
TTL,TTL
CKAP2L,CKAP2L
TEKT4,TEKT4
SMYD1,SMYD1
C2ORF15,C9H2ORF15
OTOS,OTOS
COPS9,COPS9
COMMD1,COMMD1
PROM2,PROM2
ANKAR,ANKAR
FBXO41,FBXO41
IFT70B,IFT70B
GPAT2,GPAT2
ITPRIPL1,ITPRIPL1
FAM117B,FAM117B
TCF23,TCF23
GAREM2,GAREM2
PUS10,PUS10
SEPTIN10,SEPTIN10
KANSL1L,KANSL1L
PLB1,PLB1
ZSWIM2,ZSWIM2
ZNF385B,ZFP385B
ERFE,ERFE
ARL6IP6,ARL6IP6
METTL21A,METTL21A
CCNYL1,CCNYL1
KLHL23,KLHL23
PPP1R1C,PPP1R1C
SGO2,SGO2
CATSPERT,CATSPERT
SLC38A11,SLC38A11
SLC23A3,SLC23A3
GPBAR1,GPBAR1
LRATD1,LRATD1
RMDN2,RMDN2
GDF7,GDF7
SLC16A14,SLC16A14
ASPRV1,ASPRV1
WDSUB1,WDSUB1
UPP2,UPP2
GPR155,GPR155
TTC14,TTC14
DTX3L,DTX3L
TAFA4,TAFA4
SGO1,SGO1
PP2D1,PP2D1
EFHB,EFHB
PPM1L,PPM1L
WDR49,WDR49
LRRC34,LRRC34
CPNE9,CPNE9
DPPA2,DPPA2
CCDC80,CCDC80
BTLA,BTLA
CCDC12,CCDC12
MB21D2,MB21D2
PPP4R2,PPP4R2
XXYLT1,XXYLT1
RNF38,RNF38
GLIPR2,GLIPR2
C3ORF22,C4H3ORF22
ZCWPW2,ZCWPW2
CMC1,CMC1
NEK10,NEK10
CCDC50,CCDC50
SPICE1,SPICE1
CMTM8,CMTM8
CCDC13,CCDC13
NCBP2AS2,NCBP2AS2
FGD5,FGD5
CNTN4,CNTN4
IGSF11,IGSF11
TEX55,TEX55
ZNF827,ZFP827
SH3D19,SH3D19
NFXL1,NFXL1
NIPAL1,NIPAL1
PAQR3,PAQR3
SHISA3,SHISA3
SCFD2,SCFD2
MGAT4D,MGAT4D
JAKMIP1,JAKMIP1
THAP6,THAP6
ODAPH,ODAPH
KLB,KLB
FAM53A,FAM53A
PPM1K,PPM1K
SPMIP2,SPMIP2
TRMT44,TRMT44
RASGEF1B,RASGEF1B
DAB2IP,DAB2IP
SLC38A9,SLC38A9
SLC36A2,SLC36A2
SPINK13,SPINK13
CREBRF,CREBRF
CEP120,CEP120
SLC25A48,SLC25A48
TMEM167A,TMEM167A
MBLAC2,MBLAC2
TMEM161B,TMEM161B
SRFBP1,SRFBP1
ZMAT2,ZMAT2
MARVELD2,MARVELD2
IRX2,IRX2
BTNL9,BTNL9
ARSK,ARSK
FAM81B,FAM81B
TTC23L,TTC23L
CCDC112,CCDC112
GARIN3,GARIN3
PRELID2,PRELID2
SH3RF2,SH3RF2
PLAC8L1,PLAC8L1
RNF145,RNF145
ZC2HC1B,ZC2HC1B
SNRNP48,SNRNP48
CNKSR3,CNKSR3
SAMD3,SAMD3
SLC2A12,SLC2A12
MBOAT1,MBOAT1
HDGFL1,HDGFL1
PNLDC1,PNLDC1
RNF217,RNF217
NKAIN2,NKAIN2
KHDC3L,KHDC3
CFAP206,CFAP206
CCDC167,CCDC167
RUNDC3B,RUNDC3B
ABCA13,ABCA13
SAMTOR,SAMTOR
CLEC2L,CLEC2L
FMC1,FMC1
AMOT,AMOT
VKORC1L1,VKORC1L1
AMOTL1,AMOTL1
IQUB,IQUB
KCTD7,KCTD7
TMEM213,TMEM213
GIMAP8,GIMAP8
CRYGN,CRYGN
ZNF746,ZFP746
ATP6V0E2,ATP6V0E2
SLC2A7,SLC2A7
AMZ1,AMZ1
METTL27,METTL27
VPS37D,VPS37D
RBM33,RBM33
AGR3,AGR3
PRAG1,PRAG1
PEBP4,PEBP4
CDCA2,CDCA2
TMEM65,TMEM65
RDH10,RDH10
ANKRD46,ANKRD46
ESCO2,ESCO2
FBXO16,FBXO16
LRATD2,LRATD2
CFAP418,CFAP418
VPS13B,VPS13B
TDRP,TDRP
ERICH1,ERICH1
SLC7A13,SLC7A13
TMEM74,TMEM74
FAM91A1,FAM91A1
C8ORF48,C16H8ORF48
MCMDC2,MCMDC2
CLVS1,CLVS1
NKX6-3,NKX6-3
KCNU1,KCNU1
SBSPON,SBSPON
CAMSAP1,CAMSAP1
LINGO2,LINGO2
NXNL2,NXNL2
MAMDC4,MAMDC4
LCN6,LCN6
AK8,AK8
OR1Q1,OR1Q1
TTLL11,TTLL11
RASEF,RASEF
TTC39B,TTC39B
TRMT10B,TRMT10B
TTC16,TTC16
SAXO1,SAXO1
FREM1,FREM1
BRD10,BRD10
SPAAR,SPAAR
ZNF483,ZFP483
SHOC1,SHOC1
KIAA1958,KIAA1958
TSTD2,TSTD2
PRUNE2,PRUNE2
FMR1NB,FMR1NB
ZXDB,ZXDB
MOSPD2,MOSPD2
ARHGAP36,ARHGAP36
RIBC1,RIBC1
AKAP14,AKAP14
CXORF65,CXHXORF65
AWAT1,AWAT1
AWAT2,AWAT2
ZDHHC15,ZDHHC15
USP51,USP51
CXORF38,CXHXORF38
PABIR2,PABIR2
HSFY2,HSFY2
USP54,USP54
NKX2-3,NKX2-3
SLC35G1,SLC35G1
CFAP58,CFAP58
SLC5A12,SLC5A12
DEUP1,DEUP1
PATE1,PATE1
C11ORF65,C8H11ORF65
C11ORF42,C1H11ORF42
TMTC2,TMTC2
CLEC12A,CLEC12A
TMTC3,TMTC3
ZC3H11D,ZC3H11D
ALDH1L2,ALDH1L2
LMNTD1,LMNTD1
DENND5B,DENND5B
TAMALIN,TAMALIN
SLC5A8,SLC5A8
PPTC7,PPTC7
CCDC63,CCDC63
CCDC60,CCDC60
DGKH,DGKH
CCDC122,CCDC122
GPR180,GPR180
STOML3,STOML3
GARIN2,GARIN2
TMEM229B,TMEM229B
SYNE3,SYNE3
CLEC14A,CLEC14A
FITM1,FITM1
REM2,REM2
CDC50B,CDC50B
MDGA2,MDGA2
SAMD15,SAMD15
NOP9,NOP9
EML5,EML5
STRC,STRC
CFAP161,CFAP161
TBC1D21,TBC1D21
DNAAF4,DNAAF4
OTUD7A,OTUD7A
SPRED1,SPRED1
CIMAP1C,CIMAP1C
MAPDA,MAPDA
EXD1,EXD1
FSIP1,FSIP1
ZFPM1,ZFPM1
ADAD2,ADAD2
ITPRIPL2,ITPRIPL2
C16ORF82,C1H16ORF82
ZFP1,ZFP1
ANKFN1,ANKFN1
MARCHF10,MARCHF10
MFSD6L,MFSD6L
SLFN5,SLFN5
NAGS,NAGS
RETREG3,RETREG3
PHOSPHO1,PHOSPHO1
RHBDL3,RHBDL3
TRPV3,TRPV3
SLC16A11,SLC16A11
FBXO39,FBXO39
SPPL2C,SPPL2C
KRT28,KRT28
C18ORF54,C18H18ORF54
ZNF296,ZFP296
DEDD2,DEDD2
ZNF579,ZFP579
ZNF383,ZFP420
EID2,EID2
PRR22,PRR22
LGI4,LGI4
SYNE4,SYNE4
DENND2C,DENND2C
GBP6,GBP6
PLPPR5,PLPPR5
FNDC7,FNDC7
DENND1B,DENND1B
TDRD5,TDRD5
TOR1AIP2,TOR1AIP2
IFNLR1,IFNLR1
CITED4,CITED4
CIMAP2,CIMAP2
SPRR4,SPRR4
KANK4,KANK4
SASS6,SASS6
SDE2,SDE2
CNST,CNST
FAM43B,FAM43B
HFM1,HFM1
PAQR7,PAQR7
TTC24,TTC24
CCDC185,CCDC185
UBL4B,UBL4B
WFDC13,WFDC13
APCDD1L,APCDD1L
LRRN4,LRRN4
TTLL9,TTLL9
CCDC116,CCDC116
CABP7,CABP7
TMPRSS6,TMPRSS6
WBP2NL,WBP2NL
TTLL8,TTLL8
DAW1,DAW1
LONRF2,LONRF2
CCDC138,CCDC138
ADGRF3,ADGRF3
TEX44,TEX44
TOGARAM2,TOGARAM2
FAM171B,FAM171B
C1QL2,C1QL2
UBXN2A,UBXN2A
CLEC4F,CLEC4F
DQX1,DQX1
SPTSSB,SPTSSB
DNAJB8,DNAJB8
GPR156,GPR156
XIRP1,XIRP1
RNF168,RNF168
CHST13,CHST13
PRICKLE2,PRICKLE2
KBTBD12,KBTBD12
AFG2A,AFG2A
BBS12,BBS12
DCLK2,DCLK2
ADGRA3,ADGRA3
FREM3,FREM3
MMAA,MMAA
ZBTB49,ZBTB49
TIGD2,TIGD2
RASSF6,RASSF6
RBM46,RBM46
SGMS2,SGMS2
MIER3,MIER3
CDC20B,CDC20B
TENT2,TENT2
DCP2,DCP2
NIM1K,NIM1K
LIX1,LIX1
ZNF366,ZFP366
FAM151B,FAM151B
PRSS35,PRSS35
LCA5,LCA5
OLIG3,OLIG3
TXLNB,TXLNB
DACT2,DACT2
C6ORF118,C1H6ORF118
GALNTL5,GALNTL5
RNF133,RNF133
CCDC71L,CCDC71L
PKD1L1,PKD1L1
ZNF467,ZFP467
BHLHA15,BHLHA15
BMPER,BMPER
ZNF800,ZFP800
CNBD1,CNBD1
SLC30A8,SLC30A8
COL22A1,COL22A1
SNX31,SNX31
TMEM64,TMEM64
IDO2,IDO2
STKLD1,STKLD1
KCNV2,KCNV2
OLFML2A,OLFML2A
TMEM252,TMEM252
QSOX2,QSOX2
GLIS3,GLIS3
ZNF169,ZFP169
TENT5D,TENT5D
SUPT20HL2,SUPT20HL2
TCEANC,TCEANC
ZCCHC12,ZCCHC12
ARX,ARX
FAM170B,FAM170B
TMEM273,TMEM273
POFUT4,POFUT4
OIT3,OIT3
PWWP2B,PWWP2B
SSBP4,SSBP4
ACTL10,ACTL10
DHX36,DHX36
GIMAP1,GIMAP1
GPHA2,GPHA2
S100Z,S100Z
COMMD6,COMMD6
PSORS1C2,PSORS1C2
ADAMTS15,ADAMTS15
ADAMTS16,ADAMTS16
ADAMTS17,ADAMTS17
ADAMTS18,ADAMTS18
COX7B2,COX7B2
GSX2,GSX2
KCNG3,KCNG3
PPP1R18,PPP1R18
ANKRD24,ANKRD24
ZNF384,ZFP384
ADAMTS19,ADAMTS19
BICDL3P,ABHD11-AS1
ASXL1,ASXL1
SYNPO2,SYNPO2
SPACA4,SPACA4
RHOV,RHOV
NLRP6,NLRP6
CLYBL,CLYBL
SPTSSA,SPTSSA
PTCRA,PTCRA
POLR3H,POLR3H
ABHD3,ABHD3
PGAM5,PGAM5
B3GNT6,B3GNT6
HIGD2A,HIGD2A
KRT24,KRT24
CYS1,CYS1
AGO3,AGO3
AGO4,AGO4
SCAMP5,SCAMP5
SDR16C5,SDR16C5
PRXL2C,PRXL2C
ZNF367,ZFP367
ANTXRL,ANTXRL1
PLPP4,PLPP4
METTL15,METTL15
MPZL3,MPZL3
IMMP1L,IMMP1L
OR56B4,OR56B6B
KRT78,KRT78
RILPL2,RILPL2
DNAH10,DNAH10
AMN1,AMN1
DTX3,DTX3
TMT1B,TMT1B
ZFC3H1,ZFC3H1
MYRFL,MYRFL
PLBD2,PLBD2
CCER1,CCER1
EEF2KMT,EEF2KMT
PIANP,PIANP
DCP1B,DCP1B
ANO6,ANO6
ARID2,ARID2
METTL21C,METTL21C
VSTM4,VSTM4
PAOX,PAOX
ADCY4,ADCY4
FAM227B,FAM227B
GRAMD2A,GRAMD2A
LCTL,LCTL
UBR1,UBR1
PATL2,PATL2
LDHD,LDHD
FCSK,FCSK
MLKL,MLKL
ACSF3,ACSF3
WDR90,WDR90
EME2,EME2
NLRC3,NLRC3
NSMCE1,NSMCE1
ZNF48,ZNF48
LKAAEAR1,LKAAEAR1
DZIP1L,DZIP1L
TTC21A,TTC21A
MCEMP1,MCEMP1
DAND5,DAND5
GGN,GGN
CADM4,CADM4
THAP8,THAP8
U2AF1L4,U2AF1L4
NIBAN3,NIBAN3
ALG14,ALG14
FAM76A,FAM76A
FYB2,FYB2
TMEM201,TMEM201
TMEM61,TMEM61
FAAP20,FAAP20
CDCP2,CDCP2
SLC5A9,SLC5A9
CC2D1B,CC2D1B
NUDT17,NUDT17
TXLNA,TXLNA
DYNLT5,DYNLT5
PLD5,PLD5
SPMIP3,SPMIP3
SPAG17,SPAG17
SLFNL1,SLFNL1
KRTCAP2,KRTCAP2
CRTC2,CRTC2
IBA57,IBA57
FAM209A,FAM209A
RNF215,RNF215
CFAP221,CFAP221
VWA3B,VWA3B
CREG2,CREG2
TET3,TET3
GKN2,GKN2
SPMIP9,SPMIP9
ANKRD23,ANKRD23
APLF,APLF
PIKFYVE,PIKFYVE
KRTCAP3,KRTCAP3
FAM237A,FAM237A
TMEM17,TMEM17
SPRED2,SPRED2
CFAP20DC,CFAP20DC
KCTD6,KCTD6
LIPH,LIPH
ARL13B,ARL13B
RPL22L1,RPL22L1
SLC51A,SLC51A
FBXO45,FBXO45
KLHDC8B,KLHDC8B
MUC20,MUC20
GABRR3,GABRR3
CEP112,CEP112
DHRS7C,DHRS7C
CENPV,CENPV
FLCN,FLCN
PLD6,PLD6
ARHGAP27,ARHGAP27
ZNF385C,ZFP385C
SAMD14,SAMD14
LYRM9,LYRM9
SLC16A13,SLC16A13
SPEM2,SPEM2
CENPX,CENPX
LRRC45,LRRC45
SLC39A11,SLC39A11
TRIM65,TRIM65
UNC13D,UNC13D
RDM1,RDM1
SPNS3,SPNS3
FBXO15,FBXO15
RAB12,RAB12
ZBTB7C,ZBTB7C
HACD2,HACD2
STT3B,STT3B
DNAH12,DNAH12
PDE12,PDE12
DENND6A,DENND6A
TIGIT,TIGIT
C4ORF46,C2H4ORF46
SLC10A4,SLC10A4
TIGD4,TIGD4
TMEM154,TMEM154
SMIM14,SMIM14
TMEM192,TMEM192
RWDD4,RWDD4
PRIMPOL,PRIMPOL
TAPT1,TAPT1
SPATA24,SPATA24
DNAJC18,DNAJC18
RANBP3L,RANBP3L
CCDC125,CCDC125
GAPT,GAPT
CMYA5,CMYA5
STK32A,STK32A
DRC5,DRC5
KHDRBS2,KHDRBS2
TMEM184A,TMEM184A
ADCK5,ADCK5
TSNARE1,LOC148004843
TUBB,TUBB5
R3HCC1,R3HCC1
PRSS55,PRSS55
C8ORF74,C15H8ORF74
HTRA4,HTRA4
ADAM32,ADAM32
ERICH5,ERICH5
LGI3,LGI3
TMEM268,TMEM268
C9ORF72,C9ORF72
CCDC171,CCDC171
NAIF1,NAIF1
FAM219A,FAM219A
CCDC107,CCDC107
ANKS6,ANKS6
SUSD3,SUSD3
SLC25A43,SLC25A43
RTL3,RTL3
NRK,NRK
INTS6L,INTS6L
ZNF449,ZFP449
VMA21,VMA21
ANO5,ANO5
CERS3,CERS3
PDILT,PDILT
HIPK1,HIPK1
SLC44A5,SLC44A5
AMER3,AMER3
MTLN,MTLN
C2ORF69,C9H2ORF69
DIPK2A,DIPK2A
SENP5,SENP5
USF3,USF3
TRIML2,TRIML2
LVRN,LVRN
SLC36A1,SLC36A1
C6ORF163,C5H6ORF163
DHRSX,DHRSX
AMER2,AMER2
USP12,USP12
PLAC9,PLAC9
MTIF3,MTIF3
GSX1,GSX1
OR4C11,OR4C11
OR4S2,OR4S2
OR5D14,OR5D14
OR8K3,OR8K3
OR8U3,OR8U3
OR5M3,OR5M3
OR5M8,OR5M8
OR5M11,OR5M11
OR5AR1,OR5AR1
LRRC55,LRRC55
SMTNL1,SMTNL1
YPEL4,YPEL4
MED19,MED19
TEX47,TEX47
ZNF804B,ZFP804B
CABCOCO1,CABCOCO1
TMEM26,TMEM26
ZCCHC24,ZCCHC24
ENKUR,ENKUR
ARMC3,ARMC3
UNC5B,UNC5B
STOX1,STOX1
FAM241B,FAM241B
TYSND1,TYSND1
ZNF25,ZFP9
GJD4,GJD4
CCNY,CCNY
RTKN2,RTKN2
TBATA,TBATA
HYLS1,HYLS1
TMEM218,TMEM218
SLC37A2,SLC37A2
OR10S1,OR10S1
OR4D5,OR4D5
TBCEL,TBCEL
TLCD5,TLCD5
MRPL21,MRPL21
TPCN2,TPCN2
SPATA19,SPATA19
OR9I1,OR9I1B
OR9Q2,OR9Q2
OR5B21,OR5B21
MPEG1,MPEG1
OR5A1,OR5A1
OR4D6,OR4D6
PATL1,PATL1
OOSP2,OOSP2
MS4A15,MS4A15
VWCE,VWCE
CYB561A3,CYB561A3
SAXO4,SAXO4
GDPD4,GDPD4
DDIAS,DDIAS
CCDC83,CCDC83
LTO1,LTO1
ERICH6B,ERICH6B
CBY2,CBY2
DLEU7,DLEU7
FAM124A,FAM124A
SKA1,SKA1
CFAP53,CFAP53
DOK6,DOK6
ATOH7,ATOH7
OTUD1,OTUD1
HEPACAM,HEPACAM
OAF,OAF
TIGD3,TIGD3
FAM181B,FAM181B
CCDC89,CCDC89
LRRC63,LRRC63
RNF152,RNF152
ZNF438,ZFP438
SLC16A9,SLC16A9
FAM13C,FAM13C
MARCHF8,MARCHF8
HNRNPA3,HNRNPA3
RASGEF1A,RASGEF1A
REEP3,REEP3
JMJD1C,JMJD1C
UCMA,UCMA
FAM171A1,FAM171A1
SLC39A12,SLC39A12
NSUN6,NSUN6
ARL5B,ARL5B
LRRN4CL,LRRN4CL
HNRNPUL2,HNRNPUL2
ALKBH3,ALKBH3
EEF1AKMT1,EEF1AKMT1
SKA3,SKA3
MICU2,MICU2
SPATA13,SPATA13
CPNE2,CPNE2
ADGRG5,ADGRG5
PRSS54,PRSS54
CES5A,CES5A
CCDC162P,CCDC162
AK9,AK9
NT5DC1,NT5DC1
CALHM4,CALHM4
ZUP1,ZUP1
TBC1D32,TBC1D32
BEND6,BEND6
GSTA5,GSTA5
OPN5,OPN5
ADGRF4,ADGRF4
ADGRF5,ADGRF5
TDRD6,TDRD6
SPATS1,SPATS1
RSPH9,RSPH9
LRRC73,LRRC73
OARD1,OARD1
KIF6,KIF6
TMEM217,TMEM217
FGD2,FGD2
PI16,PI16
C6ORF89,C20H6ORF89
ARMC12,ARMC12
SMIM29,SMIM29
LEMD2,LEMD2
ZBTB9,ZBTB9
ZBTB12,ZBTB12
C6ORF136,C20H6ORF136
KDM1B,KDM1B
RBM24,RBM24
RNF182,RNF182
PHACTR1,PHACTR1
SMIM13,SMIM13
SYCP2L,SYCP2L
PXDC1,PXDC1
ZSCAN25,ZSCAN25
VWDE,VWDE
PRPS1L1,PRPS1L1
POLR1F,POLR1F
SP8,SP8
HOXA11-AS,HOXA11-AS
JAZF1,JAZF1
PPP1R35,PPP1R35
GPC2,GPC2
BRAT1,BRAT1
SDK1,SDK1
FOXK1,FOXK1
MMD2,MMD2
DAGLB,DAGLB
THSD7A,THSD7A
VSTM2A,VSTM2A
TMED4,TMED4
MTURN,MTURN
PRR15,PRR15
SRRM3,SRRM3
RSBN1L,RSBN1L
ELAPOR2,ELAPOR2
LRWD1,LRWD1
FAM185A,FAM185A
FBXL13,FBXL13
NAPEPLD,NAPEPLD
ATXN7L1,ATXN7L1
CDHR3,CDHR3
BEND7,BEND7
LNX2,LNX2
ADGRG3,ADGRG3
HS3ST5,HS3ST5
GPRC6A,GPRC6A
RFX6,RFX6
SLC35F1,SLC35F1
SACK1B,SACK1B
ADGRF2P,ADGRF2
TSPO2,TSPO2
UNC5CL,UNC5CL
KCTD20,KCTD20
PXT1,PXT1
LHFPL5,LHFPL5
SCUBE3,SCUBE3
NKAPL,NKAPL
FAM217A,FAM217A
TMEM130,TMEM130
FERD3L,FERD3L
NYAP1,NYAP1
SLC29A4,SLC29A4
RSPH10B,RSPH10B
ITPRID1,ITPRID1
ZNRF2,ZNRF2
SEMA3D,SEMA3D
MAPK15,MAPK15
SPDYA,SPDYA
VGLL2,VGLL2
CNPY4,CNPY4
DEFB113,DEFB18
DEFB115,DEFB28
DEFB116,DEFB29
DEFB119,DEFB24
DEFB123,DEFB36
DEFB124,DEFB25
DEFB125,DEFB26
DEFB128,DEFB20
ATP6V0D2,ATP6V0D2
ATP6V1C2,ATP6V1C2
CNOT6L,CNOT6L
GAS2L2,GAS2L2
CDC26,CDC26
SLC17A8,SLC17A8
RNASEH1,RNASEH1
AFG1L,AFG1L
STAC3,STAC3
PELI3,PELI3
SPESP1,SPESP1
IL27,IL27
TMEM9,TMEM9
NEIL2,NEIL2
STXBP4,STXBP4
FNDC5,FNDC5
HEPACAM2,HEPACAM2
TECRL,TECRL
PRR14L,PRR14L
EPHX4,EPHX4
SERHL2,SERHL2
RICTOR,RICTOR
EIF4E1B,EIF4E1B
IPMK,IPMK
ZBTB38,ZBTB38
SLC25A30,SLC25A30
LCLAT1,LCLAT1
CADM2,CADM2
GPATCH11,GPATCH11
MMS22L,MMS22L
WASHC2C,WASHC2C
EBF3,EBF3
WDR27,WDR27
CERS6,CERS6
MSRB3,MSRB3
ZDHHC20,ZDHHC20
ANGPTL5,ANGPTL5
YTHDF3,YTHDF3
RALGAPA1,RALGAPA1
KCTD13,KCTD13
ASPHD1,ASPHD1
ETFBKMT,ETFBKMT
METAP1D,METAP1D
UBN2,UBN2
LRRC43,LRRC43
BRWD3,BRWD3
EHBP1L1,EHBP1L1
SNX32,SNX32
CXORF58,CXHXORF58
FBXO33,FBXO33
TTLL10,TTLL10
TSGA10IP,TSGA10IP
RNF169,RNF169
CALHM5,CALHM5
BPIFC,BPIFC
LCORL,LCORL
CNIH2,CNIH2
AKNAD1,AKNAD1
PHYHD1,PHYHD1
ZDHHC24,ZDHHC24
MCM9,MCM9
PROSER2,PROSER2
SLC41A1,SLC41A1
C11ORF86,C1H11ORF86
MEIOB,MEIOB
LPCAT4,LPCAT4
NUDT8,NUDT8
LYG2,LYG2
VXN,VXN
NAALADL2,NAALADL2
TMEM256,TMEM256
ZDHHC23,ZDHHC23
MORN5,MORN5
CALHM1,CALHM1
MPV17L,MPV17L
TMEM86B,TMEM86B
CBARP,CBARP
TAC4,TAC4
CFAP65,CFAP65
TMCO4,TMCO4
CFAP299,CFAP299
PLA2G4F,PLA2G4F
MCOLN2,MCOLN2
ANKK1,ANKK1
LRRC57,LRRC57
MYADML2,MYADML2
EPGN,EPGN
LHFPL7,LHFPL7
MBLAC1,MBLAC1
TCP11L2,TCP11L2
SPMIP11,SPMIP11
RASGEF1C,RASGEF1C
RNF144B,RNF144B
ELMOD2,ELMOD2
COL24A1,COL24A1
OOSP1,OOSP1
PCSK9,PCSK9
NPNT,NPNT
DYNLT2B,DYNLT2B
PDZD9,PDZD9
INAFM1,INAFM1
SMCO1,SMCO1
C19ORF38,C8H19ORF38
BCL6B,BCL6B
CNEP1R1,CNEP1R1
SYT14,SYT14
PAN3,PAN3
ANKRD31,ANKRD31
COL6A5,COL6A5
SYCE2,SYCE2
TMEM196,TMEM196
HMCN2,HMCN2
NUDT14,NUDT14
PTF1A,PTF1A
NATD1,NATD1
CCDC110,CCDC110
LMNTD2,LMNTD2
GK5,GK5
EML3,EML3
SCML4,SCML4
SERPINA11,SERPINA11
ST6GALNAC3,ST6GALNAC3
MFSD8,MFSD8
TMEM151A,TMEM151A
TCERG1L,TCERG1L
LYSMD2,LYSMD2
BCLAF3,BCLAF3
NUTM1,NUTM1
MAMDC2,MAMDC2
MAP7D2,MAP7D2
WDR72,WDR72
C10ORF67,C17H10ORF67
NPB,NPB
KANK3,KANK3
HEATR9,HEATR9
SUN3,SUN3
SERINC5,SERINC5
TINCR,TINCR
FRMD3,FRMD3
CATSPERE,CATSPERE
CATSPERD,CATSPERD
PLCXD2,PLCXD2
ZNF683,ZFP683
ARHGAP30,ARHGAP30
GCSAM,GCSAM
RNF214,RNF214
C9ORF43,C5H9ORF43
CFAP126,CFAP126
NEGR1,NEGR1
GPX6,GPX6
SHPRH,SHPRH
CFAP184,CFAP184
KLHL34,KLHL34
UTS2B,UTS2B
SNX33,SNX33
TAB3,TAB3
C2ORF72,C9H2ORF72
FAM133B,FAM133B
ANKS4B,ANKS4B
SVIP,SVIP
ALS2CL,ALS2CL
NCR3,NCR3
LY6G6F,LY6G6F
HSPA12A,HSPA12A
SGMS1,SGMS1
NALCN,NALCN
TMIE,TMIE
WFDC11,WFDC11
WFDC9,WFDC9
ASPM,ASPM
BOD1L1,BOD1L1
TAS2R39,TAS2R139
TAS2R40,TAS2R144
IL4I1,IL4I1
SPATA31F1,SPATA31F1
CYP4X1,CYP4X1
MAGI3,MAGI3
PRSS33,PRSS33
FDCSP,FDCSP
TIPRL,TIPRL
STEAP2,STEAP2
NPHP4,NPHP4
OFCC1,OFCC1
BRD3OS,BRD3OS
BEST4,BEST4
HS6ST3,HS6ST3
MDGA1,MDGA1
NPAS4,NPAS4
NAP1L5,NAP1L5
ADGRF1,ADGRF1
PGBD2,PGBD2
SELENOH,SELENOH
IFNL3,IFNL3
AQP11,AQP11
POC1B,POC1B
C10ORF53,C16H10ORF53
FUOM,FUOM
JAKMIP3,JAKMIP3
STK32C,STK32C
BLOC1S2,BLOC1S2
RBM20,RBM20
MKX,MKX
OR4C12,OR4C12
MAJIN,MAJIN
SLC25A45,SLC25A45
BCL9L,BCL9L
FOXR1,FOXR1
DRC12,DRC12
OR9G4,OR9G4
P4HA3,P4HA3
PGM2L1,PGM2L1
KLHL35,KLHL35
KCTD21,KCTD21
CRACR2B,CRACR2B
TMEM80,TMEM80
CCDC88B,CCDC88B
TTC9C,TTC9C
RCOR2,RCOR2
HARBI1,HARBI1
IGSF22,IGSF22
OR10A4,OR10A4
OLFML1,OLFML1
OTOGL,OTOGL
ZNF740,ZNF740
RASSF3,RASSF3
B4GALNT3,B4GALNT3
ANKRD52,ANKRD52
SLC39A5,SLC39A5
SPRYD4,SPRYD4
ADGRD1,ADGRD1
MORN3,MORN3
DPY19L2,DPY19L2
CLEC9A,CLEC9A
GAS2L3,GAS2L3
MYO1H,MYO1H
HECTD4,HECTD4
KSR2,KSR2
GATC,GATC
REDIC1,REDIC1
MUC19,MUC19
GXYLT1,GXYLT1
TMPRSS12,TMPRSS12
CHAMP1,CHAMP1
SIAH3,SIAH3
KCNRG,KCNRG
SLC46A3,SLC46A3
GPR137C,GPR137C
PROX2,PROX2
ZDHHC22,ZDHHC22
TMED8,TMED8
SLC25A47,SLC25A47
TSSK4,TSSK4
FAM177A1,FAM177A1
CEP170B,CEP170B
TEDC1,TEDC1
SLC24A5,SLC24A5
PRTG,PRTG
REC114,REC114
SAXO2,SAXO2
TSLIG3B,FAM98B
PLA2G4D,PLA2G4D
FAM169BP,FAM169B
FBXL22,FBXL22
TERB1,TERB1
CES4A,CES4A
EXOC3L1,EXOC3L1
NPW,NPW
BRICD5,BRICD5
PGP,PGP
GREP1,GREP1
C16ORF54,C1H16ORF54
INO80E,INO80E
NUDT7,NUDT7
NHLRC4,NHLRC4
UQCC4,UQCC4
TMEM114,TMEM114
FADS6,FADS6
HID1,HID1
TSEN54,TSEN54
UBALD2,UBALD2
TMEM235,TMEM235
CCDC57,CCDC57
HEXD,HEXD
VMO1,VMO1
C17ORF58,C10H17ORF58
MILR1,MILR1
RNF227,RNF227
CDRT4,CDRT4
KANSL1,KANSL1
CFAP97D1,CFAP97D1
FAM171A2,FAM171A2
MEIOC,MEIOC
TTLL6,TTLL6
NEK8,NEK8
PIGW,PIGW
C17ORF78,C10H17ORF78
CISD3,CISD3
GSDMA,GSDMA
SLC13A5,SLC13A5
TMEM102,TMEM102
CAVIN1,CAVIN1
SLC26A11,SLC26A11
ENDOV,ENDOV
GDPD1,GDPD1
NDUFAF8,NDUFAF8
METRNL,METRNL
LAMA1,LAMA1
KCTD1,KCTD1
DYNAP,DYNAP
SIGLEC15,SIGLEC15
PTGR3,PTGR3
SSC5D,SSC5D
ZIK1,ZIK1
ACTMAP,ACTMAP
PRR19,PRR19
TMEM145,TMEM145
CXCL17,CXCL17
ZNF575,ZFP575
LYPD5,LYPD5
PPP1R37,PPP1R37
NKPD1,NKPD1
MAMSTR,MAMSTR
IZUMO1,IZUMO1
EMC10,EMC10
KLK9,KLK9
ACTL9,ACTL9
OR2Z1,OLR1096
WDR62,WDR62
ZFP82,ZFP82
TMEM150B,TMEM150B
GARIN5B,GARIN5B
SMIM24,SMIM24
SLC25A41,SLC25A41
NWD1,NWD1
SLC25A42,SLC25A42
CIMAP1D,CIMAP1D
TAFA3,TAFA3
RIIAD1,RIIAD1
THEM5,THEM5
C1ORF167,C5H1ORF167
SLC9C2,SLC9C2
C1ORF185,C5H1ORF185
EEIG2,EEIG2
SYPL2,SYPL2
CYB561D1,CYB561D1
ANKRD34A,ANKRD34A
RSPO1,RSPO1
EPHA10,EPHA10
SPATA46,SPATA46
ZNF326,ZFP326
BTBD8,BTBD8
RIMKLA,RIMKLA
SLC25A34,SLC25A34
C20ORF204,LINC00176
SEC14L4,SEC14L4
SH2D6,SH2D6
CCDC150,CCDC150
RNF149,RNF149
ALKAL2,ALKAL2
CCDC141,CCDC141
STPG4,STPG4
DNAJC5G,DNAJC5G
ERICH2,ERICH2
IAH1,IAH1
HYCC2,HYCC2
UNC80,UNC80
RUFY4,RUFY4
DUSP28,DUSP28
SLC9A9,SLC9A9
EOGT,EOGT
EPHA6,EPHA6
FBXW12,FBXW12
C3ORF38,C11H3ORF38
ZNF621,ZNF621
RABL3,RABL3
IGSF10,IGSF10
MISO1,MISO1
CCDC66,CCDC66
SLC9C1,SLC9C1
TCAIM,TCAIM
ZNF660,ZNF660
SUMF1,SUMF1
RPUSD3,RPUSD3
PRRT3,PRRT3
DPH3,DPH3
C3ORF70,C11H3ORF70
TPRG1,TPRG1
IQCM,CDH7L1
CYP4V2,CYP4V3
DOK7,DOK7
RNF212,RNF212
GPRIN3,GPRIN3
COX18,COX18
YIPF7,YIPF7
FRYL,FRYL
RNF175,RNF175
STPG2,STPG2
C4ORF54,C2H4ORF54
EFCAB9,EFCAB9
SH3PXD2B,SH3PXD2B
ARL10,ARL10
KIAA0825,KIAA0825
GPR150,GPR150
DTWD2,DTWD2
RELL2,RELL2
RIMOC1,RIMOC1
SLC36A3,SLC36A3
RNF180,RNF180
SREK1IP1,SREK1IP1
RGMB,RGMB
CEP57L1,CEP57L1
PPIL6,PPIL6
DCBLD1,DCBLD1
CAGE1,CAGE1
PRR18,PRR18
PNPLA1,PNPLA1
TREML4,TREML4
RPL7L1,RPL7L1
POM121L12,POM121L12
CNPY1,CNPY1
TCAF2,TCAF2
ZNF775,ZFP775
ATG9B,ATG9B
LSMEM1,LSMEM1
XKR6,XKR6
NSMCE2,NSMCE2
SACK1H,SACK1H
MICU3,MICU3
ZFP41,ZFP41
SCARA5,SCARA5
TRIQK,TRIQK
DPY19L4,DPY19L4
FBXO43,FBXO43
NKAIN3,NKAIN3
PPP1R42,PPP1R42
CRB2,CRB2
SCAI,SCAI
CFAP157,CFAP157
SPATA31E1,SPATA31E1
LCN12,LCN12
PAXX,PAXX
TPRN,TPRN
TUSC1,TUSC1
FAM78A,FAM78A
LURAP1L,LURAP1L
OR13C9,OR13C9
OR13D1,OR13D1
ATP11C,ATP11C
YIPF6,YIPF6
CFAP47,CFAP47
MAGEB18,MAGEB18
ILDR1,ILDR1
TRARG1,TRARG1
LIN9,LIN9
TRIM59,TRIM59
TRIM42,TRIM42
EIF4E3,EIF4E3
FAM149B1,FAM149B1
RFESD,RFESD
KLHL10,KLHL10
C14ORF39,SIX6OS1
CCDC85C,CCDC85C
DDX51,DDX51
TTC6,TTC6
TAAR6,TAAR6
KRT73,KRT73
ZAR1,ZAR1
RAB37,RAB37
MMAB,MMAB
SERPINA9,SERPINA9
PPM1J,PPM1J
SNAI3,SNAI3
UBAC2,UBAC2
CHSY3,CHSY3
KRTAP7-1,KRTAP7-1
KRTAP8-1,KRTAP8-1
KRTAP11-1,KRTAP11-1
FAM151A,FAM151A
NLRP9,NLRP9
NLRP10,NLRP10
NLRP14,NLRP14
GPIHBP1,GPIHBP1
CLEC4D,CLEC4D
IFNE,IFNE
RAB7B,RAB7B
TAS2R60,TAS2R135
ANO9,ANO9
HCAR2,HCAR2
FFAR4,FFAR4
KCNK18,KCNK18
ST8SIA6,ST8SIA6
DUSP29,DUSP29
LUZP2,LUZP2
CENATAC,CENATAC
TMEM225,TMEM225
OR8D4,OR8D4
VSIG10L2,VSIG10L2
ANKRD13D,ANKRD13D
ANKRD42,ANKRD42
B4GALNT4,B4GALNT4
C1QL4,C1QL4
TMEM119,TMEM119
KRT79,KRT79
TAFA2,TAFA2
C1QTNF9,C1QTNF9
RNASE10,RNASE10
VSX2,VSX2
TMEM202,TMEM202
PRSS53,PRSS53
RAB43,RAB43
JMJD8,JMJD8
CIBAR2,CIBAR2
TMEM95,TMEM95
METTL2A,METTL2A
C17ORF67,C10H17ORF67
ENPP7,ENPP7
OXLD1,OXLD1
CCDC137,CCDC137
ARL16,ARL16
MSL1,MSL1
LRRC30,LRRC30
CPLX4,CPLX4
ZNF260,ZFP260
MYPOP,MYPOP
NANOS2,NANOS2
ADAMTSL5,ADAMTSL5
CLEC4G,CLEC4G
LINGO4,LINGO4
RXFP4,RXFP4
ANKRD45,ANKRD45
C1ORF174,C5H1ORF174
KLHL17,KLHL17
TMEM240,TMEM240
TMEM52,TMEM52
BRINP3,BRINP3
TSLIG1,ZBTB8OS
TFAP2E,TFAP2E
PRSS38,PRSS38
CCDC190,CCDC190
ARMH1,ARMH1
ZFP69,ZFP69
SLC35E4,SLC35E4
CIMIP4,CIMIP4
SMIM45,SMIM45
SPOPL,SPOPL
MROH2A,MROH2A
ESPNL,ESPNL
CIMIP2C,CIMIP2C
PRR30,PRR30
DEMA1,DEMA1
CCDC39,CCDC39
IHO1,IHO1
KY,KY
GADL1,GADL1
CCDC158,CCDC158
TMPRSS11A,TMPRSS11A
TRIML1,TRIML1
LRRC66,LRRC66
ASPNAT,NAT8L
SLC6A19,SLC6A19
STING1,STING1
FAM170A,FAM170A
ARSI,ARSI
ANKRD34B,ANKRD34B
SLC35D3,SLC35D3
ZC3H12D,ZC3H12D
MYLK4,MYLK4
DPPA5,DPPA5
TREML1,TREML1
UNCX,UNCX
COL28A1,COL28A1
ABCB5,ABCB5
FAM221A,FAM221A
TSPAN33,TSPAN33
AGBL3,AGBL3
KLHL38,KLHL38
NRBP2,NRBP2
WDR97,WDR97
CATSPERQ,CATSPERQ
RSPO2,RSPO2
ZDHHC21,ZDHHC21
ACER2,ACER2
RTL5,RTL5
NHSL2,NHSL2
NEXMIF,NEXMIF
TCEAL5,TCEAL5
VSIG1,VSIG1
ZC3H12B,ZC3H12B
SATL1,SATL1
RTL4,RTL4
LHFPL1,LHFPL1
EZHIP,EZHIP
LIPM,LIPM
CYP26C1,CYP26C1
VWA2,VWA2
NANOS1,NANOS1
LRIT2,LRIT2
HMX3,HMX3
MALRD1,MALRD1
OTOG,OTOG
POU2AF2,POU2AF2
MS4A10,MS4A10
HEPHL1,HEPHL1
OVCH2,OVCH2
SMCO2,SMCO2
SYT10,SYT10
ACSM4,ACSM4
ANKRD33,ANKRD33
H1-7,H1F7
FREM2,FREM2
NEK5,NEK5
OR6S1,OR6S1
SLC35F4,SLC35F4
LRRC9,LRRC9
COX8C,COX8C
GLDN,GLDN
TMC3,TMC3
FMN1,FMN1
C16ORF96,C10H16ORF96
ZKSCAN2,ZKSCAN2
ATXN1L,ATXN1L
PKD1L3,PKD1L3
CD300E,CD300E
SMTNL2,SMTNL2
KRT27,KRT27
SLFN14,SLFN14
STAC2,STAC2
VSTM2B,VSTM2B
NCCRP1,NCCRP1
SYCN,SYCN
C19ORF81,C1H19ORF81
ZSCAN5B,ZSCAN5B
ZSCAN22,ZSCAN22
NANOS3,NANOS3
PALM3,PALM3
RD3,RD3
AADACL4,AADACL4
CCDC18,CCDC18
OR6F1,OR6F1
OR2W3,OLR1433
MYBPHL,MYBPHL
FCRL6,FCRL6
KCNT2,KCNT2
BARHL2,BARHL2
DYNLT4,DYNLT4
ARHGAP40,ARHGAP40
RSPO4,RSPO4
TGM6,TGM6
XKR7,XKR7
MSGN1,MSGN1
CRACDL,CRACDL
FIGLA,FIGLA
NOTO,NOTO
ZNF892,ZNF892
NCKAP5,NCKAP5
FOXI3,FOXI3
EVX2,EVX2
CDKL4,CDKL4
SH3RF3,SH3RF3
LRRIQ4,LRRIQ4
SAMD7,SAMD7
AADACL2,AADACL2
GPR149,GPR149
TMPRSS7,TMPRSS7
PAQR9,PAQR9
RTP2,RTP2
OSTN,OSTN
ATP13A5,ATP13A5
REELD1,REELD1
PRSS48,PRSS48
SOWAHB,SOWAHB
LRIT3,LRIT3
MSANTD1,MSANTD1
SLC10A6,SLC10A6
HSD17B13,HSD17B13
PFN3,PFN3
ZNF879,ZFP879
PLCXD3,PLCXD3
FBLL1,FBLL1
MCIDAS,MCIDAS
ACTBL2,ACTBL2
FAM174A,FAM174A
MTX3,MTX3
RSPH4A,RSPH4A
ECT2L,ECT2L
ZFP57,ZFP57
SEPTIN14,SEPTIN14
MACC1,MACC1
GNAT3,GNAT3
MOGAT3,MOGAT3
GARIN1A,GARIN1A
STRA8,STRA8
KLRG2,KLRG2
PRSS51,PRSS51
SLC10A5,SLC10A5
ADGRD2,ADGRD2
QRFP,QRFP
OR1B1,OR1B1
KIF24,KIF24
IGFBPL1,IGFBPL1
CAVIN4,CAVIN4
ZNF81,ZNF81
ITIH6,ITIH6
LANCL3,LANCL3
MPC1L,MPC1L
SOWAHD,SOWAHD
CCDC160,CCDC160
CXORF66,CXHXORF66
DGAT2L6,DGAT2L6
MAGEB5,MAGEB5L1
LRRTM1,LRRTM1
LRRTM3,LRRTM3
CATSPER3,CATSPER3
SLC35B2,SLC35B2
SERINC2,SERINC2
NME9,NME9
OTOP3,OTOP3
C6ORF52,C17H6ORF52
TBX10,TBX10
GATD1,GATD1
AMIGO2,AMIGO2
TMEM255B,TMEM255B
RBPMS2,RBPMS2
ANKDD1A,ANKDD1A
ARPIN,ARPIN
ACSM2B,ACSM2
CLEC18A,CLEC18A
CTU2,CTU2
SKA2,SKA2
MCRIP1,MCRIP1
SELENOV,SELENOV
SHISAL2A,SHISAL2A
FAM131C,FAM131C
GEN1,GEN1
WDR53,WDR53
LNP1,LNP1
CFAP100,CFAP100
SLC6A18,SLC6A18
NIPAL4,NIPAL4
HCN1,HCN1
NUP43,NUP43
WDR86,WDR86
GJC3,GJC3
NMNAT3,NMNAT3
PLET1,PLET1
RTN4RL2,RTN4RL2
GPR142,GPR142
DNAAF3,DNAAF3
RILPL1,RILPL1
TAS2R42,TAS2R131
SLCO4C1,SLCO4C1
PADI6,PADI6
ZNF445,ZFP445
RGSL1,RGSL1
ANKRD37,ANKRD37
GPR141,GPR141
TICAM2,TICAM2
POLN,POLN
BMP8A,BMP8A
LILRA5,LILRA5
BPIFB3,BPIFB3
DPPA3,DPPA3
RFLNB,RFLNB
IRF2BP2,IRF2BP2
ZBTB41,ZBTB41
TMPRSS9,TMPRSS9
GLT6D1,GLT6D1
GSTK1,GSTK1
USP50,USP50
DND1,DND1
NDUFS7,NDUFS7
PTCHD3,PTCHD3
NHLRC2,NHLRC2
CCDC172,CCDC172
GALNT18,GALNT18
NCR3LG1,NCR3LG1
TMEM179B,TMEM179B
TBC1D10C,TBC1D10C
DNAJB13,DNAJB13
KRT77,KRT77
PTPRQ,PTPRQ
C12ORF42,C7H12ORF42
ASPG,ASPG
TEX9,TEX9
KIF7,KIF7
ZNF710,ZFP710
HDDC3,HDDC3
SPMIP8,SPMIP8
SPEM1,SPEM1
EFCAB5,EFCAB5
CCDC178,CCDC178
ATP9B,ATP9B
SAXO5,SAXO5
TMEM205,TMEM205
YJEFN3,YJEFN3
SBSN,SBSN
ZNF568,ZFP568
B3GNT8,B3GNT8
ZSWIM9,ZSWIM9
DRAXIN,DRAXIN
SPATA21,SPATA21
SVBP,SVBP
TEX38,TEX38
MROH7,MROH7
MIGA1,MIGA1
PEAR1,PEAR1
SFT2D2,SFT2D2
MIA3,MIA3
STUM,STUM
FAM89A,FAM89A
PFN4,PFN4
FAM228B,FAM228B
RBM43,RBM43
CERKL,CERKL
CATIP,CATIP
RBM44,RBM44
AQP12A,AQP12A
LHFPL4,LHFPL4
TOPAZ1,TOPAZ1
C3ORF62,C8H3ORF62
STIMATE,STIMATE
NRROS,NRROS
C5ORF34,C2H5ORF34
MAST4,MAST4
SIMC1,SIMC1
VWC2,VWC2
SLC26A5,SLC26A5
LHFPL3,LHFPL3
KCP,KCP
SPATC1,SPATC1
ENHO,ENHO
PTAR1,PTAR1
ERCC6L2,ERCC6L2
SWI5,SWI5
C9ORF50,C3H9ORF50
PNPLA7,PNPLA7
AGRN,AGRN
CYSRT1,CYSRT1
LRRC10,LRRC10
RAB15,RAB15
SLC27A1,SLC27A1
ZC3H6,ZC3H6
KLHL30,KLHL30
PRSS45P,PRSS45
CA13,CA13
ENTPD8,ENTPD8
CENPS,CENPS
CATSPER4,CATSPER4
NHLRC1,NHLRC1
RNF148,RNF148
KCTD8,KCTD8
KCTD4,KCTD4
IL31,IL31
AMIGO3,AMIGO3
MRGPRG,MRGPRG
ZKSCAN4,ZKSCAN4
CENPW,CENPW
MTCL3,MTCL3
CEP85L,CEP85L
NPSR1,NPSR1
C6ORF120,C1H6ORF120
TBPL2,TBPL2
NSUN4,NSUN4
THEMIS,THEMIS
RASL11A,RASL11A
GPR153,GPR153
PEDS1,PEDS1
ILDR2,ILDR2
SKIDA1,SKIDA1
SH2D4B,SH2D4B
GPR15LG,GPR15LG
SLC16A12,SLC16A12
CC2D2B,CC2D2B
ENO4,ENO4
TEX36,TEX36
C10ORF143,C1H10ORF143
IFITM5,IFITM5
OR56B1,OR56B1
INSC,INSC
FIBIN,FIBIN
C11ORF96,C3H11ORF96
LIPT2,LIPT2
VSTM5,VSTM5
CLEC12B,CLEC12B
REP15,REP15
CCDC184,CCDC184
C12ORF75,C7H12ORF75
CFAP73,CFAP73
TMEM233,TMEM233
KMT5A,KMT5A
SHISA2,SHISA2
NHLRC3,NHLRC3
SERP2,SERP2
TOMM20L,TOMM20L
RTL1,RTL1
TMEM179,TMEM179
CCDC9B,CCDC9B
TIPE3,TNFAIP8L3
C2CD4B,C2CD4B
INSYN1,INSYN1
SBK1,SBK1
HDIP1,HDIP1
C16ORF86,C19H16ORF86
GLTPD2,GLTPD2
INCA1,INCA1
SCIMP,SCIMP
C17ORF100,C10H17ORF100
SPDYE4,SPDYE4
TMEM220,TMEM220
SHISA6,SHISA6
LRRC75A,LRRC75A
TMIGD1,TMIGD1
SPMAP1,SPMAP1
DNAAF19,DNAAF19
RPRML,RPRML
YPEL2,YPEL2
BTBD17,BTBD17
RGS9BP,RGS9BP
KRTDAP,KRTDAP
CEACAM16,CEACAM16
BLOC1S3,BLOC1S3
MEIOSIN,MEIOSIN
IGFL3,IGFL3
TMEM238,TMEM238
C1QTNF12,C1QTNF12
HES5,HES5
SMIM1,SMIM1
RNF207,RNF207
TMEM82,TMEM82
TRNP1,TRNP1
CD164L2,CD164L2
TRABD2B,TRABD2B
LDLRAD1,LDLRAD1
GBP7,GBP7
C1ORF146,C14H1ORF146
DIPK1A,DIPK1A
SLC6A17,SLC6A17
LYSMD1,LYSMD1
HRNR,HRNR
CFAP141,CFAP141
C1ORF53,C13H1ORF53
TMEM81,TMEM81
CAPN8,CAPN8
COA6,COA6
SMIM26,SMIM26
EFCAB8,EFCAB8
KRTAP26-1,KRTAP26-1
SMIM34,SMIM34
CCDC188,CCDC188
LRRC75B,LRRC75B
MFSD2B,MFSD2B
PCARE,PCARE
TMEM247,TMEM247
BOLA3,BOLA3
C2ORF81,C4H2ORF81
C2ORF68,C4H2ORF68
SLC9A4,SLC9A4
SP5,SP5
PLEKHM3,PLEKHM3
RESP18,RESP18
SNORC,SNORC
CDHR4,CDHR4
INKA1,INKA1
IQCF2,IQCF2
IQCF5,IQCF5
MUSTN1,MUSTN1
VGLL3,VGLL3
PLSCR5,PLSCR5
ANKUB1,ANKUB1
LEKR1,LEKR1
TMEM212,TMEM212
C4ORF50,C14H4ORF50
SMIM20,SMIM20
BEND4,BEND4
GRXCR1,GRXCR1
TMPRSS11F,TMPRSS11F
LRRC14B,LRRC14B
SPMIP10,SPMIP10
SMIM32,SMIM32
PROB1,PROB1
C5ORF46,C18H5ORF46
ARHGEF37,ARHGEF37
PSMG4,PSMG4
SFTA2,SFTA2
CLPSL2,CLPSL2
BNIP5,BNIP5
GLYATL3,GLYATL3
GFRAL,GFRAL
LIN28B,LIN28B
SAMD5,SAMD5
IYD,IYD
NUPR2,NUPR2
LAMTOR4,LAMTOR4
FEZF1,FEZF1
FAM180A,FAM180A
XKR5,XKR5
NUGGC,NUGGC
ALKAL1,ALKAL1
XKR9,XKR9
RBM12B,RBM12B
MROH5,MROH5
MAFA,MAFA
SPATA31D1,SPATA31D1
C9ORF153,C17H9ORF153
IER5L,IER5L
CFAP77,CFAP77
AJM1,AJM1
LRRC26,LRRC26
MYMK,MYMK
MAP3K15,MAP3K15
SPACA5,SPACA5
USP27X,USP27X
ZCCHC13,ZCCHC13
HAPSTR2,HAPSTR2
C1QL3,C1QL3
NKX1-2,NKX1-2
OR51D1,OR51D1
OR51B6,OR51B6
OR51Q1,OR51Q1
OR51I2,OR51I2
OR52D1,OR52D1
OR52H1,OR52H1
ACCSL,ACCSL
OR8K1,OR8K1
OR5M9,OR5M9
LRRC10B,LRRC10B
GPR152,GPR152
IZUMO1R,IZUMO1R
BSX,BSX
OR11G2,OR11G2
RNASE9,RNASE9
OR5AU1,OR5AU1
KBTBD13,KBTBD13
UBAP1L,UBAP1L
SKOR1,SKOR1
ANKRD34C,ANKRD34C
GDPGP1,GDPGP1
OR4F6,OR4F6
OR4F15,OR4F15
PTX4,PTX4
PABPN1L,PABPN1L
ARL5C,ARL5C
KRT39,KRT39
ONECUT3,ONECUT3
NUDT19,NUDT19
ACP7,ACP7
ERFL,ERFL
PINLYP,PINLYP
HES3,HES3
PRAMEF12,PRAMEF12
PLA2G2C,PLA2G2C
FRRS1,FRRS1
OR6Y1,OR6Y1
OR6K3,OR6K4
VSIG8,VSIG8
OR11L1,OR11L3
SPINT4,SPINT4
PTRHD1,PTRHD1
SULT6B1,SULT6B1
DYTN,DYTN
HELT,HELT
OR10AC1,OR10AC1
OR2A25,OR2A25
GDF6,GDF6
FAM221B,FAM221B
OR13J1,OR13J1
OR5C1,OR5C1
LCN9,LCN9
GLOD5,GLOD5
ARL13A,ARL13A
ELFN1,ELFN1
AGMO,AGMO
DRC11L,DRC11L
GRID2IP,GRID2IP
OR2A5,OR2A5
SPRED3,SPRED3
TMEM200B,TMEM200B
SLC25A35,SLC25A35
MEX3D,MEX3D
EEIG1,EEIG1
SMIM10L2A,SMIM10L2A
HEATR4,HEATR4
MYO18A,MYO18A
CCDC187,CCDC187
SHC4,SHC4
CTXN2,CTXN2
C10ORF120,C1H10ORF120
EEF1AKMT2,EEF1AKMT2
FOXI2,FOXI2
FAM180B,FAM180B
PCNX3,PCNX3
C11ORF87,C8H11ORF87
HOATZ,HOATZ
PATE2,PATE2
PATE4,PATE4B
SNX19,SNX19
C12ORF76,C12H12ORF76
SERTM1,SERTM1
PLEKHD1,PLEKHD1
C14ORF180,C6H14ORF180
FAM174B,FAM174B
APOLTP,APOLTPL1
KNOP1,KNOP1
FENDRR,FENDRR
LIAT1,LIAT1
MED11,MED11
PRSS57,PRSS57
VMAC,VMAC
SH2D5,SH2D5
NCMAP,NCMAP
C1ORF141,C5H1ORF141
C1ORF226,C13H1ORF226
CLEC20A,CLEC20A
FAM177B,FAM177B
C20ORF202,TMEM74BOS
LRRC74B,LRRC74B
CHCHD10,CHCHD10
MIRLET7BHG,MIRLET7BHG
EML6,EML6
PAIP2B,PAIP2B
FSIP2,FSIP2
C2ORF66,C9H2ORF66
ASB18,ASB18
IQCF3,IQCF3
C3ORF85,C11H3ORF85
C3ORF80,C2H3ORF80
NICOL1,NICOL1
DTHD1,DTHD1
PRR27,PRR27
AMTN,AMTN
CCSER1,CCSER1
ARLN,ARLN
RGS7BP,RGS7BP
C5ORF63,C18H5ORF63
STMND1,STMND1
SAPCD1,SAPCD1
RAB44,RAB44
CRIP3,CRIP3
KLHL31,KLHL31
TCP10L2,TCP10B
LRRD1,LRRD1
SMIM30,SMIM30
PRRT4,PRRT4
RAB19,RAB19
RBIS,RBIS
SAMD12,SAMD12
HACD4,HACD4
TMEM215,TMEM215
TOMM5,TOMM5
CENPP,CENPP
C9ORF152,C5H9ORF152
SNX30,SNX30
WDR38,WDR38
CIMIP2A,CIMIP2A
SLC25A53,SLC25A53
SERTM2,SERTM2
GOLGA7B,GOLGA7B
OR51T1,OR51T1
FIGNL2,FIGNL2
MSLNL,MSLNL
RNF223,RNF223
LDLRAD2,LDLRAD2
SRRD,SRRD
VWC2L,VWC2L
CFAP99,CFAP99
SOHLH1,SOHLH1
XKRX,XKRX
KPNA7,KPNA7
SPACDR,SPACDR
GRIFIN,GRIFIN
IGLON5,IGLON5
UFSP1,UFSP1
IFITM10,IFITM10
OR4A47,OR4A47
PLPP6,PLPP6
APOBEC4,APOBEC4
ZBTB34,ZBTB34
HAPLN4,HAPLN4
CUEDC1,CUEDC1
SPINK6,SPINK6
CTXN1,CTXN1
YY2,YY2
CLMB,CLMB
DENND10,DENND10
GTF2H5,GTF2H5
DUOXA2,DUOXA2
ERVFRD-1,ERVFRD-1
MIR200A,MIR200A
MIR200B,MIR200B
MIR30C1,MIR30C1
MIR30E,MIR30E
MIR32,MIR32
MIR34A,MIR34A
TAFA1,TAFA1
SPINK14,SPINK14
FNDC9,FNDC9
DNAJB3P,DNAJB3
ACBD7,ACBD7
C10ORF105,C20H10ORF105
C10ORF62,C1H10ORF62
DDI1,DDI1
IDNK,IDNK
LCN10,LCN10
DENND6B,DENND6B
C8ORF82,C7H8ORF82
PIM3,PIM3
STX19,STX19
RGS21,RGS21
ASTL,ASTL
LHX8,LHX8
SLURP2,SLURP2
MXRA7,MXRA7
KRTAP5-2,LOC147997007
TMEM41B,TMEM41B
IQSEC3,IQSEC3
SMCO3,SMCO3
DBX2,DBX2
ALG11,ALG11
MZT1,MZT1
RNASE13,RNASE13
CCDC196,CCDC196
CCDC88C,CCDC88C
EIF2AK4,EIF2AK4
UNC13C,UNC13C
TTLL13,TTLL13
SMIM22,SMIM22
RNASEK,RNASEK
GPR179,GPR179
HSBP1L1,HSBP1L1
PLIN5,PLIN5
MICOS10,MICOS10
CFAP144,CFAP144
ZYG11A,ZYG11A
BCL2L15,BCL2L15
H2BC18,H2BC18
ETV3L,ETV3L
LRRC52,LRRC52
TRIM67,TRIM67
MIAT,MIAT
SHISA8,SHISA8
CIMAP1B,CIMAP1B
THUMPD3-AS1,THUMPD3-AS1
TMEM89,TMEM89
IQCF6,IQCF6
UQCC5,UQCC5
MTHFD2L,MTHFD2L
TMEM150C,TMEM150C
CFAP96,CFAP96
MARCHF11,MARCHF11
PEX39,PEX39
TMEM151B,TMEM151B
OOEP,OOEP
CALHM6,CALHM6
ZNF716,ZNF716
AARD,AARD
LRRC24,LRRC24
STPG3,STPG3
NRARP,NRARP
GLRA4,GLRA4
SPANXN4,LOC120099347
CDNF,CDNF
TSPAN11,TSPAN11
OR4Q3,OR4Q3
OR4M1,OR4M1
TARM1,TARM1
ANKRD65,ANKRD65
BECN2,BECN2
OR13G1,OR13G1
ZFAS1,ZFAS1
SULT1C3,SULT1C3
GALNTL6,GALNTL6
OR14J1,OR14J15
OR10C1,OR10C1
PTCHD4,PTCHD4
RFPL4B,RFPL4B
FOXB2,FOXB2
LMOD2,LMOD2
PALM2AKAP2,PALM2AKAP2
KPRP,KPRP
LCE6A,LCE6A
GGNBP1,GGNBP1
GIMAP6,GIMAP6
LRRC18,LRRC18
IGIP,IGIP
COA5,COA5
TRIM72,TRIM72
CISD2,CISD2
CCDC73,CCDC73
EID3,EID3
GPX8,GPX8
RNASE12,RNASE12
PHOSPHO2,PHOSPHO2
RBMXL1,RBMXL1
CHAC2,CHAC2
FBXO47,FBXO47
ARK2C,ARK2C
PJVK,PJVK
WEE2,WEE2
TIFAB,TIFAB
C18ORF32,C18H18ORF32
SPRN,SPRN
DEFB105B,DEFB105B
LURAP1,LURAP1
C8ORF58,C15H8ORF58
DNAJC25,DNAJC25
CCDC157,CCDC157
NBDY,NBDY
ATXN7L3B,ATXN7L3B
PEF1,PEF1
JPX,JPX
MIR429,MIR429
ASPDH,ASPDH
FBXO48,FBXO48
PRR9,PRR9
CPLX3,CPLX3
NPS,NPS
CYB5RL,CYB5RL
DEFB135,DEFB30
DEFB136,DEFB44
CTXN3,CTXN3
HIGD1C,HIGD1C
SERINC4,SERINC4
SCART1,SCART1
FAM229B,FAM229B
ZNF704,ZFP704
MBOAT4,MBOAT4
MIR455,MIR455
ACOT6,ACOT6
TMEM91,TMEM91
ECSCR,ECSCR
FAM110C,FAM110C
MROH6,MROH6
PRRT1B,PRRT1B
IQANK1,IQANK1
AKAIN1,AKAIN1
RAD21L1,RAD21L1
SCX,SCX
CPSF4L,CPSF4L
INSYN2A,INSYN2A
FAM163B,FAM163B
TMEM232,TMEM232
SMIM5,SMIM5
C11ORF97,C8H11ORF97
SMIM15,SMIM15
FAM25A,FAM25A
GRXCR2,GRXCR2
TMEM72,TMEM72
C15ORF62,C3H15ORF62
BTBD18,BTBD18
TMEM253,TMEM253
SPINK9,LOC102547035
LIPK,LIPK
LIPN,LIPN
RNF224,RNF224
ZNF862,ZFP862
SLC35G6,SLC35G3
CCER2,CCER2
LRTM3,LRTM3
KRTAP24-1,KRTAP24-1
KRTAP27-1,KRTAP27-1
ZFP62,ZFP62
TMPPE,TMPPE
CBLN3,CBLN3
RNF222,RNF222
CRNDE,CRNDE
TMEM278,TMEM278
FNDC10,FNDC10
C18ORF63,C18H18ORF63
GSG1L2,GSG1L2
SDHAF1,SDHAF1
ARL14EPL,ARL14EPL
PIRT,PIRT
EXOC1L,EXOC1L
WIPF3,WIPF3
DRGX,DRGX
SYCE3,SYCE3
ZCCHC18,ZCCHC18
NKX2-4,NKX2-4
CLDN25,CLDN25
SACK1G,SACK1G
PHGR1,PHGR1
MEIG1,MEIG1
RASSF10,RASSF10
SMIM23,SMIM23
CLRN2,CLRN2
LINGO3,LINGO3
TMEM200C,TMEM200C
TMEM191C,TMEM191C
ARRDC5,ARRDC5
CCDC154,CCDC154
SEBOX,SEBOX
PABPC1L2B,PABPC1L2B
CBY3,CBY3
C16ORF90,C10H16ORF90
LACTBL1,LACTBL1
SPINK8,SPINK8
C19ORF67,C19H19ORF67
FABP9,FABP9
FABP12,FABP12
CIMIP7,CIMIP7
C4ORF51,C19H4ORF51
URAD,URAD
LYPD8,LYPD8
SBK2,SBK2
SYNDIG1L,SYNDIG1L
ZAR1L,ZAR1L
SETSIP,SETSIP
FAM227A,FAM227A
RNF225,RNF225
SH2D7,SH2D7
MINDY4B,MINDY4B
PRSS56,PRSS56
HRCT1,HRCT1
C6ORF132,C9H6ORF132
STMP1,STMP1
C13ORF42,C15H13ORF42
SERPINE3,SERPINE3
ASCL5,ASCL5
RD3L,RD3L
GMNC,GMNC
TEX22,TEX22
ANHX,ANHX
PPP1R3G,PPP1R3G
PNMA6E,PNMA6E
ANKRD33B,ANKRD33B
CASTOR1,CASTOR1
SKOR2,SKOR2
ZBTB8A,ZBTB8A
FAM228A,FAM228A
MATCAP1,MATCAP1
NCF1,NCF1
SFTPA1,SFTPA1
GPHRA,GPHRA
TMEM236,TMEM236
PHLDB3,PHLDB3
H3C13,H3C13
ZG16,ZG16
OCM,OCM
LRTM2,LRTM2
FER1L6,FER1L6
BOLA2B,BOLA2
PCP4L1,PCP4L1
MSMP,MSMP
RNF208,RNF208
CT47C1,CT47
BHLHA9,BHLHA9
MUC5B,MUC5B
TLCD2,TLCD2
GXYLT2,GXYLT2
MROH1,MROH1
ZBTB8B,ZBTB8B
NALF1,NALF1
CARMN,CARMN
CLEC19A,CLEC19A
D2HGDH,D2HGDH
KRTAP9-1,KRTAP9-1
OVOL3,OVOL3
SMIM48,SMIM48
METTL24,METTL24
DNLZ,DNLZ
C2ORF92,C9H2ORF92
UQCC6,UQCC6
MS4A18,MS4A18
CCDC169,CCDC169
DCDC2C,DCDC2C
CCDC30,CCDC30
MEIKIN,MEIKIN
SLC35E2B,SLC35E2B
LOC728743,RGD1559747
CROCC2,CROCC2
ANKDD1B,ANKDD1B
C12ORF71,C4H12ORF71
SLC15A5,SLC15A5
TEX46,TEX46
OIP5-AS1,OIP5-AS1
GASK1A,GASK1A
CCR2,CCR2
OC90,OC90
PLIN4,PLIN4
CASTOR2,CASTOR2
CCDC61,CCDC61
RAD51AP2,RAD51AP2
TMEM242,TMEM242
RUMY1,FAM72A
CCDC175,CCDC175
CEACAM18,CEACAM18
FHIP1A,FHIP1A
UMAD1,UMAD1
CRPPA,CRPPA
SHISA7,SHISA7
CIST1,CIST1
MORN2,MORN2
BORCS8,BORCS8
SHISA9,SHISA9
MOSMO,MOSMO
CIMIP2B,CIMIP2B
TMEM229A,TMEM229A
TEX50,TEX50
ACOD1,ACOD1
RFX8,RFX8
PRCD,PRCD
RELL1,RELL1
PSAPL1,PSAPL1
TVP23A,TVP23A
UQCC3,UQCC3
ZSCAN30,ZSCAN30
MCTS2,MCTS2
TMEM170B,TMEM170B
ZGLP1,ZGLP1
MIR876,MIR876
GJE1,GJE1
MINAR2,MINAR2
C8ORF88,C5H8ORF88
FAM229A,FAM229A
TRAPPC3L,TRAPPC3L
TEKTIP1,TEKTIP1
OST4,OST4
CIROP,CIROP
ZBTB42,ZBTB42
TZMP1,TZMP1
KPLCE,KPLCE
TDRD15,TDRD15
SMIM10L1,SMIM10L1
MKRN2OS,MKRN2OS
TEX13C,TEX13C
FAM47E,FAM47E
TCF24,TCF24
IZUMO3,IZUMO3
CCDC152,CCDC152
TMEM269,TMEM269
SPATA31F3,SPATA31F3
KIF28P,KIF28
CCDC166,CCDC166
C8ORF89,C5H8ORF89
C17ORF107,C10H17ORF107
CDHR18P,CDHR18
CATSPERH,CATSPERH
TMEM221,TMEM221
PRR32,PRR32
SPMIP1,SPMIP1
LRRC70,LRRC70
LRRC69,LRRC69
EFCAB10,EFCAB10
SBK3,SBK3
ERLN,ERLN
SYCE1L,SYCE1L
SPMIP7,SPMIP7
ZNF316,ZFP316
BSPH1,BSPH1
TSTD1,TSTD1
NEMP2,NEMP2
ANKRD63,ANKRD63
C11ORF91,C3H11ORF91
SP9,SP9
ARMCX4,ARMCX4
PET100,PET100
INSYN2B,INSYN2B
FOXO6,FOXO6
FAM240A,FAM240A
CLDN24,CLDN24
SHISAL2B,SHISAL2B
DEFB130B,DEFB47
XNDC1N,XNDC1N
CD24,CD24
TEN1,TEN1
UPK3BL1,UPK3BL1
IL40,C10H17ORF99
KLLN,KLLN
PATE3,PATE3
SRRM5,SRRM5
ERICH4,ERICH4
EPOP,EPOP
TOMM6,TOMM6
C5ORF52,C14H5ORF52
C2CD4D,C2CD4D
ARHGEF33,ARHGEF33
MEF2B,MEF2B
WASHC1,WASHC1
MANSC4,MANSC4
ANKRD66,ANKRD66
TTC34,TTC34
TIMM23,TIMM23
SDR42E2,SDR42E2
TMEM239,TMEM239
B3GALT9,B3GALT9
TMEM238L,TMEM238L
FTX,FTX
ZEB2-AS1,ZEB2-AS1
PET117,PET117
ANKRD61,ANKRD61
SAP25,SAP25
TRPC5OS,TRPC5OS
ZBED6,ZBED6
MSANTD7,MSANTD7
CCDC180,CCDC180
CCDC179,CCDC179
TEX48,TEX48
INAFM2,INAFM2
LASP1NB,LOC139440229
LRRC3C,LRRC3C
SPATA1,SPATA1
KRTAP16-1,KRTAP16-1
ZNF475,ZFP475
APTR,APTR
CEBPZOS,CEBPZOS
TMEM210,TMEM210
APELA,APELA
LRRC72,LRRC72
GVQW3,GVQW3
TMEM35B,TMEM35B
HOTAIRM1,HOTAIRM1
EDDM13,EDDM13
PANTR1,PANTR1
MISFA,MISFA
SPMAP2L,SPMAP2L
C16ORF95,C19H16ORF95
OCLN,OCLN
CASP12,CASP12
GFY,GFY
MRLN,MRLN
TUNAR,TUNAR
TPBGL,TPBGL
LRCOL1,LRCOL1
GIMD1,GIMD1
SMLR1,SMLR1
ZNF865,ZNF865
SMIM18,SMIM18
TMEM178B,TMEM178B
TGFBR3L,TGFBR3L
RNF212B,RNF212B
C13ORF46,C16H13ORF46
SMIM35,SMIM35
CAHM,CAHM
FAM187A,FAM187A
KRTAP29-1,KRTAP29-1
LOC100631258,4933405O20RIKL
KIAA2012,KIAA2012
CEP295NL,CEP295NL
MYZAP,MYZAP
FSBP,FSBP
TMEM265,TMEM265
CCDC200,CCDC200
PTGES3L,PTGES3L
CTXND1,CTXND1
CTXND2,CTXND2
TCP11X2,TCP11X2
PYURF,PYURF
SAXO3,SAXO3
MMP24OS,MMP24OS
BLACAT1,BLACAT1
SMIM36,SMIM36
CCDC182,CCDC182
LY6L,LY6L
C21ORF140,C11H21ORF140
PIGBOS1,PIGBOS1
MEI4,MEI4
ARMH2,ARMH2
HSFX3,HSFX3
CCDC92B,CCDC92B
CFAP97D2,CFAP97D2
TEX52,TEX52
MYMX,MYMX
TEX51,TEX51
LITAFD,LITAFD
AK6,AK6
CISTR,CISTR
C11ORF98,C1H11ORF98
KANTR,KANTR
TLE7,TLE7
PTTG1IP2,PTTG1IP2
LOC102723971,LCN15L1
C3ORF86P,C8H3ORF86
PRR33,PRR33
MSANTD5,MSANTD5
PERCC1,PERCC1
LOC105371153,LOC102548041
CHD9NB,CHD9NB
NFILZ,NFILZ
GNG14,GNG14
SMIM47,SMIM47
ERVFC1,ENVL-PS6
UPK3B,UPK3B
SCPPPQ1,SCPPPQ1
MARCOL,MARCOL
TMEM275,TMEM275
LRRC53,LRRC53
KLF18,LOC134486977
SPEM3,SPEM3
SMIM38,SMIM38
LBHD2,LBHD2
MDFIC2,MDFIC2
FAM237B,FAM237B
HTD2,HTD2
P3R3URF,P3R3URF
EEF1AKMT4,EEF1AKMT4
ASDURF,ASDURF
PNMA8C,PNMA8C
CCDC194,CCDC194
CCDC195,CCDC195
MYOCOS,MYOCOS
C1ORF232,C5H1ORF232
FAM240B,FAM240B
CSNK2A2IP,CSNK2A2IP
SMIM33,SMIM33
C19ORF85,C1H19ORF85
PMIS2,PMIS2
TEX54,TEX54
THSD8,THSD8
TMDD1,TMDD1
TMEM271,TMEM271
SHLD3,SHLD3
LOC112694756,LOC103691235
DERPC,DERPC
SMIM40,SMIM40
SMIM41,SMIM41
SMIM39,SMIM39
CCDC201,CCDC201
LOC114841035,FKBP2L1
CIMIP3,CIMIP3
H2AL3,H2AL3
FOXL3,FOXL3
C17ORF114,C10H17ORF114
LRRC51,LRRC51
TOMT,TOMT
HRURF,HRURF
TMEM217B,TMEM217B
RNF228,RNF228
LOC122394732,LOC139441155
SMIM44,SMIM44
C8ORF90,C7H8ORF90
LOC122455340,LOC134479581
LOC122513141,LOC134486098
LCE7A,LCE7A
SMIM10L3,SMIM10L3
LOC122526780,LOC134480818
SMIM46,SMIM46
MIURF,LOC134479940
LOC128092246,LOC148004260
LOC128125814,LOC134479709
LOC128125822,LOC147994309
LOC128706665,LOC147995710
DUSP13A,DUSP13A
LOC131768270,LOC120098313
