collection,pathway,k_studies,mean_study_z,sd_study_z,t,p_study_unit,same_direction_fraction,BH_q_study_unit,loo_direction_stable,BH_q_pooled_gene_rank,robust_pathway
c2,REACTOME_REGULATION_OF_PYRUVATE_METABOLISM,7,0.9668673394744243,0.4057594983236021,6.304450152390166,0.0007427697480102369,1.0,0.7487119059943188,False,0.1295293887021415,False
c2,REACTOME_RETROGRADE_TRANSPORT_AT_THE_TRANS_GOLGI_NETWORK,7,1.2284244955342338,0.8023921891204452,4.050520136750348,0.0067221711960670175,1.0,0.9917966245536728,False,0.0237414232401178,False
c2,REACTOME_PHASE_I_FUNCTIONALIZATION_OF_COMPOUNDS,7,1.2568083980928677,0.9117216468415754,3.6471684954837906,0.010742554412716822,0.8571428571428571,0.9917966245536728,False,0.1569142843052566,False
c2,REACTOME_INTRA_GOLGI_TRAFFIC,7,1.4622564727383343,1.071689596089151,3.6099697094925416,0.011231353344203481,0.8571428571428571,0.9917966245536728,False,0.0133235200150994,False
c2,REACTOME_NUCLEAR_SIGNALING_BY_ERBB4,7,0.4717341666736452,0.3519593607050536,3.5461233008565296,0.012128750009007781,1.0,0.9917966245536728,False,0.2203929495554597,False
c2,REACTOME_FATTY_ACYL_COA_BIOSYNTHESIS,7,0.9615717916940202,0.732145165647029,3.474829785031587,0.01322562615707808,1.0,0.9917966245536728,False,0.0388701031097691,False
c2,REACTOME_BRANCHED_CHAIN_AMINO_ACID_CATABOLISM,7,1.5456905031965344,1.2398982338471811,3.298264779878987,0.016443408006803707,0.8571428571428571,0.9917966245536728,False,0.0604409603796856,False
c2,REACTOME_NFE2L2_REGULATING_ANTI_OXIDANT_DETOXIFICATION_ENZYMES,6,1.6887580871407142,1.2430217753613746,3.3278545030240663,0.02082792492489175,1.0,0.9917966245536728,False,0.5135934813342088,False
c2,REACTOME_NUCLEAR_RNA_DECAY,7,-1.3024212597295706,1.132303640712328,-3.04324973583951,0.02270787797057745,0.8571428571428571,0.9917966245536728,False,0.0429766297741227,False
c2,REACTOME_METABOLIC_DISORDERS_OF_BIOLOGICAL_OXIDATION_ENZYMES,5,1.0054458732539129,0.641616215764147,3.5040344446637612,0.02480539840869772,1.0,0.9917966245536728,False,0.6324234838152064,False
h,HALLMARK_APOPTOSIS,7,1.5683160342250626,1.4293836844564956,2.9029114077878417,0.027230879002014475,0.8571428571428571,0.9917966245536728,False,0.0172340212655751,False
c2,REACTOME_SYNTHESIS_OF_PA,7,0.6591588332329146,0.6357094655774499,2.743344942396989,0.033586493329224004,0.8571428571428571,0.9917966245536728,False,0.259794922370809,False
c2,REACTOME_TRIGLYCERIDE_METABOLISM,7,0.6506759931805701,0.6394240002933546,2.692308798615546,0.03594201204859189,0.8571428571428571,0.9917966245536728,False,0.3904412934678881,False
c2,REACTOME_SPHINGOLIPID_METABOLISM,7,1.362905714233762,1.3431418343262262,2.684682650883453,0.03630889852434338,0.7142857142857143,0.9917966245536728,False,0.1027912331480585,False
c2,REACTOME_RESOLUTION_OF_D_LOOP_STRUCTURES,7,-1.8939610557122406,1.8729680801588138,-2.6754059502343708,0.03676059189284398,0.7142857142857143,0.9917966245536728,False,0.0133220315817453,False
c2,REACTOME_INSULIN_PROCESSING,7,0.8973676495869061,0.9111906096578544,2.60561468724201,0.04035708920939477,0.8571428571428571,0.9917966245536728,False,0.0340714472567348,False
c2,REACTOME_ENDOGENOUS_STEROLS,5,0.3120780296196889,0.2479850251119223,2.8139912407971766,0.048121147520953256,0.8,0.9917966245536728,False,0.1399720330406222,False
c2,REACTOME_POLO_LIKE_KINASE_MEDIATED_EVENTS,5,-2.1388149507151675,1.7196137513364942,-2.7811685137868674,0.049759017979601625,1.0,0.9917966245536728,False,0.4374584059488793,False
c2,REACTOME_RRNA_MODIFICATION_IN_THE_NUCLEUS_AND_CYTOSOL,7,-2.144884647851337,2.3314583998142595,-2.434026431519037,0.05088312682534222,0.8571428571428571,0.9917966245536728,False,2.2264537530261075e-05,False
c2,REACTOME_KSRP_KHSRP_BINDS_AND_DESTABILIZES_MRNA,7,-0.8658386184175947,0.962244058547877,-2.3806784146900766,0.05471746595857265,0.8571428571428571,0.9917966245536728,False,0.2533033644918844,False
c2,REACTOME_ANCHORING_OF_THE_BASAL_BODY_TO_THE_PLASMA_MEMBRANE,7,-1.3065827941068637,1.453563479296347,-2.378219589141103,0.05490133403217174,0.8571428571428571,0.9917966245536728,False,0.1172001475517161,False
h,HALLMARK_BILE_ACID_METABOLISM,7,1.252164217399833,1.3951644173431097,2.3745696770010425,0.055175463574177755,0.8571428571428571,0.9917966245536728,False,0.4091241172916058,False
c2,REACTOME_RECRUITMENT_OF_MITOTIC_CENTROSOME_PROTEINS_AND_COMPLEXES,7,-1.541827817890209,1.7464239256979246,-2.3357976895493264,0.0581773915361901,0.8571428571428571,0.9917966245536728,False,0.0757624456269993,False
c2,REACTOME_PURINERGIC_SIGNALING_IN_LEISHMANIASIS_INFECTION,7,0.743988760383169,0.8446891579418986,2.3303356266548465,0.058613803441588036,0.7142857142857143,0.9917966245536728,False,0.6863717568225783,False
c2,REACTOME_ANTIGEN_PRESENTATION_FOLDING_ASSEMBLY_AND_PEPTIDE_LOADING_OF_CLASS_I_MHC,7,1.2837400129216447,1.4591797634627697,2.3276479754580803,0.0588297953717433,0.8571428571428571,0.9917966245536728,False,0.1397908456077314,False
c2,REACTOME_CYTOCHROME_P450_ARRANGED_BY_SUBSTRATE_TYPE,7,0.9053939021798859,1.042739794363441,2.2972625737225862,0.061330195534126955,0.8571428571428571,0.9917966245536728,False,0.259794922370809,False
c2,REACTOME_KERATAN_SULFATE_KERATIN_METABOLISM,7,0.9327626478219349,1.0777976891726857,2.2897228516803407,0.06196759742974714,0.7142857142857143,0.9917966245536728,False,0.2151672444513491,False
c2,REACTOME_SPHINGOLIPID_DE_NOVO_BIOSYNTHESIS,7,0.7116145753399156,0.8228458756476613,2.288101880800385,0.06210553014211653,0.7142857142857143,0.9917966245536728,False,0.259794922370809,False
c2,REACTOME_FATTY_ACID_METABOLISM,7,1.5076433062408798,1.7804296458144946,2.2403857762544614,0.0663118816512824,0.7142857142857143,0.9917966245536728,False,0.0999287077926885,False
c2,REACTOME_CHOLESTEROL_BIOSYNTHESIS,7,1.9252635900284791,2.28193216572518,2.232217391897804,0.06706104202929308,0.7142857142857143,0.9917966245536728,False,0.0008459567275571,False
c2,REACTOME_REGULATION_OF_MITF_M_DEPENDENT_GENES_INVOLVED_IN_CELL_CYCLE_AND_PROLIFERATION,7,0.6085801181053512,0.7218533595183727,2.2305799704795786,0.06721226802218093,0.7142857142857143,0.9917966245536728,False,0.3607154774150275,False
h,HALLMARK_HEME_METABOLISM,7,1.5746564359973572,1.880310456854871,2.215670989239125,0.0686055292027838,0.8571428571428571,0.9917966245536728,False,0.0698778195549851,False
c2,REACTOME_PEROXISOMAL_LIPID_METABOLISM,7,1.073462379721065,1.2818636413341171,2.215613585521183,0.06861095093285201,0.8571428571428571,0.9917966245536728,False,0.5643998461142791,False
c2,REACTOME_TRNA_AMINOACYLATION,7,-1.324521593308815,1.582543137348474,-2.214381813251327,0.06872739740462386,0.7142857142857143,0.9917966245536728,False,0.1779489145972932,False
c2,REACTOME_SIALIC_ACID_METABOLISM,7,1.1715917040128747,1.4150462369209929,2.190557598788576,0.0710202033078491,0.7142857142857143,0.9917966245536728,False,0.4857478623858081,False
c2,REACTOME_TNF_SIGNALING,7,0.6691446653612777,0.8097927757877387,2.1862264379295087,0.07144542696680177,0.7142857142857143,0.9917966245536728,False,0.2981159949771086,False
c2,REACTOME_METABOLISM_OF_STEROIDS,7,1.6495170837190973,1.9964347047215842,2.1860028662855067,0.07146744778120243,0.8571428571428571,0.9917966245536728,False,0.0046440088558451,False
c2,REACTOME_RESOLUTION_OF_D_LOOP_STRUCTURES_THROUGH_SYNTHESIS_DEPENDENT_STRAND_ANNEALING_SDSA,7,-1.5946491946037216,1.9560494628152205,-2.156921528578669,0.07439221424434561,0.7142857142857143,0.9917966245536728,False,0.0716293555292656,False
c2,REACTOME_TRANSCRIPTION_OF_E2F_TARGETS_UNDER_NEGATIVE_CONTROL_BY_P107_RBL1_AND_P130_RBL2_IN_COMPLEX_WITH_HDAC1,4,-0.6653272419906664,0.5061398496394275,-2.629025327543933,0.07839073242061428,1.0,0.9917966245536728,False,0.6652141957725265,False
c2,REACTOME_DISEASES_OF_METABOLISM,7,1.5019369693010771,1.8774672833068573,2.116549109002622,0.07865762868810375,0.8571428571428571,0.9917966245536728,False,0.0207869419200942,False
c2,REACTOME_NEUROTRANSMITTER_RELEASE_CYCLE,7,1.0785509046630808,1.3501509131993161,2.1135248231624804,0.07898706689204095,0.7142857142857143,0.9917966245536728,False,0.1779489145972932,False
c2,REACTOME_TRANSPORT_OF_MATURE_TRANSCRIPT_TO_CYTOPLASM,7,-1.9848117299258365,2.4860755946958837,-2.1122922600871443,0.07912173557331338,0.7142857142857143,0.9917966245536728,False,0.0122314927650508,False
c2,REACTOME_RECRUITMENT_OF_NUMA_TO_MITOTIC_CENTROSOMES,7,-1.6024791552346953,2.0113576569146874,-2.1079102025143728,0.07960241904439305,0.8571428571428571,0.9917966245536728,False,0.0388701031097691,False
c2,REACTOME_TRISTETRAPROLIN_TTP_ZFP36_BINDS_AND_DESTABILIZES_MRNA,7,-0.7827754261929234,0.9847490665399805,-2.1031034001340556,0.08013312835631389,0.7142857142857143,0.9917966245536728,False,0.2086690773741068,False
c2,REACTOME_SYNTHESIS_OF_PC,7,0.7399708749102857,0.9359369206075232,2.0917851078817282,0.08139707856956536,0.8571428571428571,0.9917966245536728,False,0.4437467018449694,False
c2,REACTOME_SEMA3A_PAK_DEPENDENT_AXON_REPULSION,6,-0.6303875207795935,0.7104731993505592,-2.1733793301979762,0.08179340506942855,0.8333333333333334,0.9917966245536728,False,0.8380695479490793,False
h,HALLMARK_CHOLESTEROL_HOMEOSTASIS,7,1.7790718079722116,2.2644711117488177,2.078622926121322,0.08289255716860774,0.7142857142857143,0.9917966245536728,False,0.016951958821311,False
c2,REACTOME_RNA_POLYMERASE_II_TRANSCRIPTION_TERMINATION,7,-1.8488240732677386,2.369061767320788,-2.0647535590884183,0.08449870267141624,0.7142857142857143,0.9917966245536728,False,0.0026242773428843,False
c2,REACTOME_DNA_DOUBLE_STRAND_BREAK_REPAIR,7,-2.264934396526678,2.9293725769425656,-2.045643902128751,0.08676371612805822,0.8571428571428571,0.9917966245536728,False,0.0010391270343913,False
c2,REACTOME_KINESINS,7,-1.8147404336724724,2.3700794826877476,-2.0258189299989113,0.08917872135582113,0.8571428571428571,0.9917966245536728,False,0.0025153133718491,False
c2,REACTOME_SUMOYLATION_OF_TRANSCRIPTION_FACTORS,5,0.5929878848442168,0.5965594108651512,2.2226809202834152,0.09034257867877772,1.0,0.9917966245536728,False,0.4057800370593511,False
c2,REACTOME_REGULATION_OF_INSULIN_LIKE_GROWTH_FACTOR_IGF_TRANSPORT_AND_UPTAKE_BY_INSULIN_LIKE_GROWTH_FACTOR_BINDING_PROTEINS_IGFBPS,7,1.728867778883398,2.279249289396722,2.0068687589012155,0.09155083128904129,0.7142857142857143,0.9917966245536728,False,0.0035577062410661,False
h,HALLMARK_INTERFERON_ALPHA_RESPONSE,7,1.1009696624024479,1.452849831654391,2.004950452743381,0.09179448829138948,0.7142857142857143,0.9917966245536728,False,0.0317137302150517,False
c2,REACTOME_CIRCADIAN_CLOCK,7,-0.8851818612744982,1.1778850773231242,-1.9882848633416679,0.09393906206751859,0.8571428571428571,0.9917966245536728,False,0.3307392809367014,False
c2,REACTOME_REGULATION_OF_PLK1_ACTIVITY_AT_G2_M_TRANSITION,7,-1.4046953519922276,1.8752243069060184,-1.9818826769111593,0.09477629648506293,0.8571428571428571,0.9917966245536728,False,0.0814363029398443,False
c2,REACTOME_TP53_REGULATES_TRANSCRIPTION_OF_DNA_REPAIR_GENES,7,-1.1063833893599637,1.4770587178244232,-1.981786687025373,0.09478890648348944,0.7142857142857143,0.9917966245536728,False,0.2704744780155167,False
c2,REACTOME_DOPAMINE_NEUROTRANSMITTER_RELEASE_CYCLE,4,0.9872879520735034,0.82529673723341,2.3925647770840013,0.09651813100157274,0.75,0.9917966245536728,False,0.33538342043463,False
c2,REACTOME_DEFECTS_IN_VITAMIN_AND_COFACTOR_METABOLISM,7,1.0408707950155203,1.4000521827943897,1.9669875911800845,0.09675339660009138,0.8571428571428571,0.9917966245536728,False,0.2925846049951618,False
c2,REACTOME_N_GLYCAN_TRIMMING_IN_THE_ER_AND_CALNEXIN_CALRETICULIN_CYCLE,7,1.1444760160854532,1.5627351876580062,1.9376276569147837,0.1007728145613425,0.7142857142857143,0.9917966245536728,False,0.1330958140252786,False
c2,REACTOME_NUCLEAR_ENVELOPE_NE_REASSEMBLY,7,-1.9615658831865521,2.692041655853457,-1.9278362561351476,0.10215020277979824,0.8571428571428571,0.9917966245536728,False,0.0001897537358824,False
c2,REACTOME_CILIUM_ASSEMBLY,7,-0.894342397497989,1.2310195137653257,-1.922152771960066,0.10295835233387249,0.7142857142857143,0.9917966245536728,False,0.1835738448175049,False
c2,REACTOME_PYRUVATE_METABOLISM,7,0.692167717098236,0.9666350577123731,1.894513995098816,0.10698046793021614,0.7142857142857143,0.9917966245536728,False,0.2248554657686699,False
c2,REACTOME_INTERFERON_ALPHA_BETA_SIGNALING,7,0.41240926752418405,0.576633944256847,1.8922444145280497,0.10731763616008243,0.7142857142857143,0.9917966245536728,False,0.259794922370809,False
h,HALLMARK_INTERFERON_GAMMA_RESPONSE,7,1.0998799673410702,1.5531253232505449,1.8736471693835632,0.11012062530827427,0.8571428571428571,0.9917966245536728,False,0.014026762741393,False
c2,REACTOME_HOMOLOGY_DIRECTED_REPAIR,7,-2.252554225723207,3.190305305405891,-1.86806519296216,0.11097607585489605,0.8571428571428571,0.9917966245536728,False,0.0011067699889703,False
c2,REACTOME_AURKA_ACTIVATION_BY_TPX2,7,-1.5042503557242257,2.1369066826976564,-1.8624455541514375,0.11184397065497892,0.8571428571428571,0.9917966245536728,False,0.1017866364647886,False
c2,REACTOME_PROCESSING_OF_CAPPED_INTRONLESS_PRE_MRNA,7,-0.9194428747292741,1.3131391835115849,-1.8525204500856416,0.11339329618786646,0.8571428571428571,0.9917966245536728,False,0.1702308261697203,False
h,HALLMARK_SPERMATOGENESIS,7,-1.30215284674901,1.8635249850178695,-1.8487396891325532,0.11398906405087222,0.7142857142857143,0.9917966245536728,False,0.0467299118120136,False
c2,REACTOME_PKA_MEDIATED_PHOSPHORYLATION_OF_CREB,5,-0.6310972640590445,0.7005217944277988,-2.014464637753116,0.11421599857509582,0.8,0.9917966245536728,False,0.6089541477148636,False
c2,REACTOME_SUMOYLATION_OF_DNA_METHYLATION_PROTEINS,5,-0.7831862367918607,0.876945015627714,-1.9969982533686035,0.11651525023394771,0.8,0.9917966245536728,False,0.5262687457577756,False
c2,REACTOME_CALNEXIN_CALRETICULIN_CYCLE,7,1.0993531644397483,1.5908638262476777,1.8283243531911417,0.11726007378179966,0.5714285714285714,0.9917966245536728,False,0.1582499315569636,False
c2,REACTOME_E2F_MEDIATED_REGULATION_OF_DNA_REPLICATION,7,-1.2164415292436643,1.7611049115124853,-1.8274900886317944,0.11739569954657378,0.8571428571428571,0.9917966245536728,False,0.1612400003831771,False
c2,REACTOME_RHOBTB2_GTPASE_CYCLE,7,-0.8226087048804965,1.194456484405911,-1.8220990784048592,0.11827585750312554,0.8571428571428571,0.9917966245536728,False,0.0999287077926885,False
c2,REACTOME_BUTYRATE_RESPONSE_FACTOR_1_BRF1_BINDS_AND_DESTABILIZES_MRNA,7,-0.7264995539940243,1.056040814467995,-1.8201352837256117,0.11859809176431561,0.7142857142857143,0.9917966245536728,False,0.1835738448175049,False
c2,REACTOME_GLUTAMATE_NEUROTRANSMITTER_RELEASE_CYCLE,4,1.012041218111575,0.9383275095905362,2.157117227764548,0.11990077068493653,0.75,0.9917966245536728,False,0.1172001475517161,False
c2,REACTOME_INITIATION_OF_NUCLEAR_ENVELOPE_NE_REFORMATION,7,-1.1588214702634758,1.6967043683575713,-1.8070050866947813,0.12077496937402432,0.8571428571428571,0.9917966245536728,False,0.0604409603796856,False
c2,REACTOME_HDR_THROUGH_HOMOLOGOUS_RECOMBINATION_HRR,7,-1.977422167662077,2.900629103768332,-1.8036664135457068,0.12133474763491435,0.8571428571428571,0.9917966245536728,False,0.0077381713493581,False
c2,REACTOME_METABOLISM_OF_STEROID_HORMONES,5,0.6025315052465144,0.6879047836632457,1.9585579811522729,0.12175580922005624,0.8,0.9917966245536728,False,0.1680429188664712,False
c2,REACTOME_PROCESSING_OF_SMDT1,4,-1.094009913576388,1.039611980646016,-2.1046504540984015,0.12600633761599678,0.75,0.9917966245536728,False,0.2252370368356335,False
c2,REACTOME_RAB_GERANYLGERANYLATION,7,0.7433166302097075,1.11114580592158,1.7699125879184963,0.1271393752139065,0.7142857142857143,0.9917966245536728,False,0.1920011161184061,False
c2,REACTOME_SNRNP_ASSEMBLY,7,-1.448037545001122,2.1764212815655153,-1.7602967153499334,0.12884231350021116,0.8571428571428571,0.9917966245536728,False,0.1429690010799749,False
c2,REACTOME_DISEASES_ASSOCIATED_WITH_N_GLYCOSYLATION_OF_PROTEINS,7,0.7654130907394487,1.1554976876273122,1.7525718225262765,0.13022652251344405,0.7142857142857143,0.9917966245536728,False,0.6868201185475334,False
c2,REACTOME_AMYLOID_FIBER_FORMATION,7,0.9292882284126576,1.4048042707401698,1.7501837087840333,0.13065737956974158,0.7142857142857143,0.9917966245536728,False,0.5894897742444513,False
c2,REACTOME_DISEASES_OF_DNA_REPAIR,7,-1.6328481740244343,2.4726610597067746,-1.7471501725783953,0.1312066912965995,0.7142857142857143,0.9917966245536728,False,0.0607320439040132,False
c2,REACTOME_FANCONI_ANEMIA_PATHWAY,7,-1.0216196541347875,1.551228002080447,-1.742459223087369,0.13206057111211333,0.8571428571428571,0.9917966245536728,False,0.2004759943317053,False
c2,REACTOME_DNA_REPAIR,7,-2.173763636575405,3.3060154191265156,-1.7396283024395112,0.1325784977134697,0.8571428571428571,0.9917966245536728,False,0.0004904520483218,False
c2,REACTOME_TRNA_MODIFICATION_IN_THE_NUCLEUS_AND_CYTOSOL,7,-1.007955483225534,1.5768386890020138,-1.6912316775576612,0.14174481410992162,0.5714285714285714,0.9917966245536728,False,0.0809672779453866,False
c2,REACTOME_MATURATION_OF_SARS_COV_2_SPIKE_PROTEIN,7,1.2539350353655174,1.9647533464541698,1.6885581438481743,0.14226871972806243,0.7142857142857143,0.9917966245536728,False,0.1691589062281806,False
c2,REACTOME_DEADENYLATION_DEPENDENT_MRNA_DECAY,7,-0.9672245840874283,1.5185462708253674,-1.6851878409028114,0.1429318348917729,0.7142857142857143,0.9917966245536728,False,0.2438201696043822,False
c2,REACTOME_DEUBIQUITINATION,7,-0.5914765175563022,0.9297574992779805,-1.6831268078006956,0.14333882021456967,0.7142857142857143,0.9917966245536728,False,0.3708398647944648,False
c2,REACTOME_MITOTIC_G2_G2_M_PHASES,7,-2.4024288824025075,3.7886922558423963,-1.6776842604606317,0.1444189343702806,0.8571428571428571,0.9917966245536728,False,0.0010391270343913,False
c2,REACTOME_PROCESSING_OF_CAPPED_INTRON_CONTAINING_PRE_MRNA,7,-3.197989928249919,5.0511204482473415,-1.6750909292559912,0.14493636245878153,0.5714285714285714,0.9917966245536728,False,6.702761290745816e-10,False
c2,REACTOME_HOMOLOGOUS_DNA_PAIRING_AND_STRAND_EXCHANGE,7,-1.6090262971562654,2.584789338531693,-1.6469750055750605,0.15066211028014131,0.5714285714285714,0.9917966245536728,False,0.0497712108936168,False
c2,REACTOME_SIGNALING_BY_GPCR,5,1.6444437266143477,2.073933827279984,1.7730015825554835,0.1509104293511495,0.6,0.9917966245536728,False,0.1279601096136377,False
c2,REACTOME_METABOLISM_OF_VITAMINS_AND_COFACTORS,7,1.09946140433593,1.7820592470553795,1.63232589308873,0.15373094303065157,0.7142857142857143,0.9917966245536728,False,0.7669371281750188,False
c2,REACTOME_TRNA_PROCESSING,7,-1.742008404204005,2.8270759961753287,-1.6302784309808303,0.15416461076958812,0.7142857142857143,0.9917966245536728,False,0.013862922300589,False
h,HALLMARK_MYC_TARGETS_V2,7,-1.8722951133751748,3.05341898784725,-1.6223214929323042,0.1558611004960758,0.8571428571428571,0.9917966245536728,False,0.0010391270343913,False
c2,REACTOME_TELOMERE_EXTENSION_BY_TELOMERASE,7,-1.0644432938025368,1.741869469842376,-1.6167986688387272,0.15704910228226893,0.8571428571428571,0.9917966245536728,False,0.2073363262978896,False
c2,REACTOME_FOXO_MEDIATED_TRANSCRIPTION,7,1.1151768507250435,1.8308551317084178,1.6115314443920508,0.15819018224397513,0.7142857142857143,0.9917966245536728,False,0.0213671938698968,False
c2,REACTOME_TRANSLATION_OF_SARS_COV_2_STRUCTURAL_PROTEINS,7,0.8909042411542453,1.465488026197059,1.6084137310787525,0.15886932243348767,0.7142857142857143,0.9917966245536728,False,0.3323686547398495,False
h,HALLMARK_APICAL_SURFACE,7,0.8048781318960819,1.3306957440492606,1.60029622265963,0.16065065598340433,0.7142857142857143,0.9917966245536728,False,0.1835738448175049,False
c2,REACTOME_HDR_THROUGH_SINGLE_STRAND_ANNEALING_SSA,7,-1.3734604638738397,2.2771815127751998,-1.5957598472512802,0.1616544084180067,0.5714285714285714,0.9917966245536728,False,0.1569142843052566,False
c2,REACTOME_MITOTIC_PROMETAPHASE,7,-2.990106707262501,4.958196133002148,-1.5955558289245597,0.1616996910907141,0.8571428571428571,0.9917966245536728,False,0.0033760434504895,False
c2,REACTOME_RNA_POLYMERASE_I_TRANSCRIPTION_INITIATION,7,-0.6609103938558346,1.0972836157874983,-1.5935757318178407,0.16213980919924104,0.5714285714285714,0.9917966245536728,False,0.2500997665473174,False
c2,REACTOME_TRANSPORT_OF_SMALL_MOLECULES,5,1.9369689412193867,2.5580830549066715,1.6931405782797624,0.1656816914196131,0.6,0.9917966245536728,False,0.1569142843052566,False
c2,REACTOME_GAB1_SIGNALOSOME,4,-1.1637703931439836,1.276710793288484,-1.8230759844152418,0.16581078293711143,1.0,0.9917966245536728,False,0.5865278952646038,False
c2,REACTOME_LATE_SARS_COV_2_INFECTION_EVENTS,7,0.8629621486085541,1.4520003790502147,1.5724398347427968,0.16690920431876585,0.7142857142857143,0.9917966245536728,False,0.3457984990316821,False
c2,REACTOME_ACTIVATION_OF_GENE_EXPRESSION_BY_SREBF_SREBP,7,1.5107758960729656,2.581805147869996,1.5481948012449704,0.17254386767183183,0.7142857142857143,0.9917966245536728,False,0.0062240971328151,False
c2,REACTOME_CARGO_CONCENTRATION_IN_THE_ER,7,0.5939068364287436,1.0188630702936787,1.5422384390462294,0.17395539035715935,0.7142857142857143,0.9917966245536728,False,0.4717105022427615,False
c2,REACTOME_RESOLUTION_OF_ABASIC_SITES_AP_SITES,7,-1.3990138926092632,2.4062391306521413,-1.538268908279854,0.17490211363194236,0.7142857142857143,0.9917966245536728,False,0.0200254869531021,False
c2,REACTOME_SARS_COV_2_HOST_INTERACTIONS,7,-1.1790879963878549,2.0323709974152813,-1.534942988396845,0.17569907007822885,0.7142857142857143,0.9917966245536728,False,0.3063967070227601,False
c2,REACTOME_G2_M_CHECKPOINTS,7,-2.5727468611045516,4.441131091565371,-1.5326835079766719,0.17624243413902224,0.8571428571428571,0.9917966245536728,False,4.833104814305551e-05,False
c2,REACTOME_SUMOYLATION_OF_RNA_BINDING_PROTEINS,7,-1.178200989339301,2.048864500021138,-1.5214411749580774,0.17896956939659656,0.5714285714285714,0.9917966245536728,False,0.2791953601939688,False
c2,REACTOME_PROCESSING_OF_DNA_DOUBLE_STRAND_BREAK_ENDS,7,-1.491913983489212,2.6043090708264853,-1.51565473623279,0.18038861913803303,0.7142857142857143,0.9917966245536728,False,0.0388701031097691,False
c2,REACTOME_TRANSPORT_OF_VITAMINS_NUCLEOSIDES_AND_RELATED_MOLECULES,7,0.7611038220221278,1.3308002022833074,1.5131433189718064,0.18100778797346814,0.5714285714285714,0.9917966245536728,False,0.0536202207306244,False
c2,REACTOME_MITOCHONDRIAL_CALCIUM_ION_TRANSPORT,7,-0.7355955597379839,1.2882334123011507,-1.5107533293315154,0.1815988678443355,0.5714285714285714,0.9917966245536728,False,0.2438201696043822,False
c2,REACTOME_DNA_DOUBLE_STRAND_BREAK_RESPONSE,7,-0.6936238568410629,1.2157523719752887,-1.5094819232318317,0.18191404127622168,0.7142857142857143,0.9917966245536728,False,0.2050058731579966,False
c2,REACTOME_METABOLISM_OF_WATER_SOLUBLE_VITAMINS_AND_COFACTORS,7,0.8081113585957398,1.4197215932085692,1.5059725066650913,0.18278666153894294,0.7142857142857143,0.9917966245536728,False,0.8173087176408406,False
c2,REACTOME_METABOLISM_OF_FAT_SOLUBLE_VITAMINS,7,0.9237036694339864,1.6303569417986017,1.498990884624354,0.18453429916200245,0.8571428571428571,0.9917966245536728,False,0.6085483055552723,False
c2,REACTOME_RHOBTB_GTPASE_CYCLE,7,-0.7778809190438495,1.373311505870574,-1.498625368399378,0.18462622371807405,0.7142857142857143,0.9917966245536728,False,0.1172001475517161,False
c2,REACTOME_RHO_GTPASES_ACTIVATE_FORMINS,7,-2.5838468830506365,4.595664239315567,-1.4875360606064416,0.18743549639001425,0.8571428571428571,0.9917966245536728,False,0.0035577062410661,False
c2,REACTOME_KERATAN_SULFATE_BIOSYNTHESIS,7,0.5256475625238647,0.9384393854744238,1.481963299102523,0.18886224398547785,0.5714285714285714,0.9917966245536728,False,0.3809986734330582,False
c2,REACTOME_MRNA_SPLICING,7,-2.743684441338335,4.901965150839641,-1.4808564492905523,0.18914682189522616,0.5714285714285714,0.9917966245536728,False,5.273574251730332e-09,False
c2,REACTOME_GLUCOSE_METABOLISM,7,-0.6690494099816385,1.1971302581392786,-1.4786514179144292,0.18971493810113124,0.5714285714285714,0.9917966245536728,False,0.7471171884954766,False
c2,REACTOME_TP53_REGULATES_TRANSCRIPTION_OF_GENES_INVOLVED_IN_CYTOCHROME_C_RELEASE,5,0.6938138074822641,0.9835450437802038,1.5773703981014568,0.189845216352275,0.8,0.9917966245536728,False,0.9250443113575956,False
c2,REACTOME_TNFR1_INDUCED_NF_KAPPA_B_SIGNALING_PATHWAY,7,0.3985263806569025,0.7134226480249773,1.4779481658394318,0.18989646120175668,0.5714285714285714,0.9917966245536728,False,0.5973557203514126,False
c2,REACTOME_ORGANELLE_BIOGENESIS_AND_MAINTENANCE,7,-1.0464765644421121,1.8855444618000834,-1.4683911190976955,0.19237937097395294,0.5714285714285714,0.9917966245536728,False,0.2231188413657645,False
c2,REACTOME_MRNA_DECAY_BY_5_TO_3_EXORIBONUCLEASE,5,-0.5693308364212539,0.8129461805682819,-1.5659861407243654,0.19241105484415097,0.8,0.9917966245536728,False,0.3883119000488667,False
c2,REACTOME_HIV_LIFE_CYCLE,7,-1.3075720939476485,2.358730315394181,-1.4666833928809382,0.19282619672641188,0.7142857142857143,0.9917966245536728,False,0.1164132946219946,False
c2,REACTOME_FACTORS_INVOLVED_IN_MEGAKARYOCYTE_DEVELOPMENT_AND_PLATELET_PRODUCTION,7,-1.2897209730104329,2.3416675987601874,-1.4572012513887576,0.19532473968701972,0.7142857142857143,0.9917966245536728,False,0.3818988527335361,False
c2,REACTOME_SIGNALING_BY_RETINOIC_ACID,7,0.7144416032945643,1.297689375341703,1.456615769931808,0.19547999223396145,0.5714285714285714,0.9917966245536728,False,0.27816393323481,False
c2,REACTOME_SYNAPTIC_ADHESION_LIKE_MOLECULES,4,-0.7781193179108518,0.9406985721020851,-1.654343571867163,0.19663103959572054,1.0,0.9917966245536728,False,,False
c2,REACTOME_EXTENSION_OF_TELOMERES,7,-1.609858963193075,2.9498338299581075,-1.4439072530935242,0.198878156328911,0.7142857142857143,0.9917966245536728,False,0.0469204003952866,False
c2,REACTOME_SIGNALING_BY_NOTCH,7,-0.6450078894783154,1.182261972507686,-1.4434452844783208,0.19900270457247238,0.7142857142857143,0.9917966245536728,False,0.5419305142843219,False
c2,REACTOME_POSTMITOTIC_NUCLEAR_PORE_COMPLEX_NPC_REFORMATION,7,-1.4561349680687072,2.683877035784012,-1.4354498918872296,0.20116971166254524,0.7142857142857143,0.9917966245536728,False,0.1532071060830045,False
c2,REACTOME_SIGNALING_BY_BMP,7,0.7679708076266432,1.4244555219705284,1.4264115234196568,0.20364554515860436,0.7142857142857143,0.9917966245536728,False,0.2937103490140327,False
c2,REACTOME_RESOLUTION_OF_SISTER_CHROMATID_COHESION,7,-2.80388024349491,5.210200819848785,-1.4238164874631578,0.20436154730615044,0.8571428571428571,0.9917966245536728,False,0.0033760434504895,False
c2,REACTOME_DETOXIFICATION_OF_REACTIVE_OXYGEN_SPECIES,7,1.1466288986217026,2.131936206249423,1.4229764018923905,0.2045938320252993,0.8571428571428571,0.9917966245536728,False,0.3407293037713171,False
c2,REACTOME_UCH_PROTEINASES,7,-1.2947887170085806,2.4086847743871025,-1.4222238551114554,0.20480211793222383,0.8571428571428571,0.9917966245536728,False,0.0041138135980819,False
c2,REACTOME_REGULATION_OF_CHOLESTEROL_BIOSYNTHESIS_BY_SREBP_SREBF,7,1.3214114687255212,2.4591293704260453,1.4216926396314922,0.20494926209302325,0.8571428571428571,0.9917966245536728,False,0.008961585907222,False
c2,REACTOME_EGR2_AND_SOX10_MEDIATED_INITIATION_OF_SCHWANN_CELL_MYELINATION,7,0.813061364450835,1.5133230006720237,1.4214798625385943,0.20500822754382775,0.7142857142857143,0.9917966245536728,False,0.0340714472567348,False
c2,REACTOME_ACTIVATION_OF_ATR_IN_RESPONSE_TO_REPLICATION_STRESS,7,-1.8951490685182086,3.5477566312523168,-1.4133137229666657,0.20728304486321436,0.7142857142857143,0.9917966245536728,False,0.0196971170557882,False
c2,REACTOME_BILE_ACID_AND_BILE_SALT_METABOLISM,7,0.8233697431076088,1.5425811363832158,1.4121990253462389,0.20759535068195417,0.7142857142857143,0.9917966245536728,False,0.6856106823768866,False
c2,REACTOME_PYROPTOSIS,7,-0.3589075626402614,0.6724402092714373,-1.4121406502970744,0.20761171753764068,0.7142857142857143,0.9917966245536728,False,0.1679660049462378,False
c2,REACTOME_GLYCEROPHOSPHOLIPID_BIOSYNTHESIS,7,0.7167804972577497,1.3435827851389293,1.4114671320153351,0.20780064013172617,0.7142857142857143,0.9917966245536728,False,0.5419305142843219,False
c2,REACTOME_ER_QUALITY_CONTROL_COMPARTMENT_ERQC,7,0.7035795491584802,1.321277234247182,1.4088614155869408,0.20853302932751722,0.5714285714285714,0.9917966245536728,False,0.4140618152944546,False
c2,REACTOME_MITOTIC_METAPHASE_AND_ANAPHASE,7,-3.194913578952703,6.0074602343707655,-1.4070749468951842,0.2090365162180204,0.8571428571428571,0.9917966245536728,False,1.770588005161043e-05,False
c2,REACTOME_M_PHASE,7,-2.9886491930121464,5.620676159516042,-1.4068098385879706,0.20911132730770057,0.8571428571428571,0.9917966245536728,False,0.0004345821072759,False
h,HALLMARK_REACTIVE_OXYGEN_SPECIES_PATHWAY,7,1.30031380485731,2.464164054593346,1.3961355160520585,0.21214392074181262,0.8571428571428571,0.9917966245536728,False,0.3811560246142217,False
c2,REACTOME_ERK_MAPK_TARGETS,7,0.4916930406014069,0.9352403371972847,1.3909766881003216,0.21362388849838485,0.8571428571428571,0.9917966245536728,False,0.3014863406802487,False
c2,REACTOME_NICOTINATE_METABOLISM,7,0.40592231560846254,0.7742027125033735,1.3871941823076273,0.21471498559563315,0.5714285714285714,0.9917966245536728,False,0.8613470832003103,False
c2,REACTOME_CELL_CYCLE_CHECKPOINTS,7,-3.317208286037022,6.360996386190709,-1.3797379591206775,0.21688065900109588,0.8571428571428571,0.9917966245536728,False,2.070459738799096e-05,False
c2,REACTOME_NUCLEAR_PORE_COMPLEX_NPC_DISASSEMBLY,7,-1.2605818692535304,2.432148896508403,-1.3712919213415673,0.21935777666400066,0.5714285714285714,0.9917966245536728,False,0.33538342043463,False
c2,REACTOME_CYCLIN_A_B1_B2_ASSOCIATED_EVENTS_DURING_G2_M_TRANSITION,7,-1.4179660216020107,2.738615672539183,-1.3698838790403092,0.21977322422628448,0.8571428571428571,0.9917966245536728,False,0.5300721729394472,False
h,HALLMARK_PEROXISOME,7,0.6542967735898647,1.2662472550030401,1.3671157348700906,0.22059205320036193,0.7142857142857143,0.9917966245536728,False,0.4399310076636665,False
c2,REACTOME_TRNA_PROCESSING_IN_THE_NUCLEUS,7,-1.3148091976874847,2.549226482654622,-1.3645936060412196,0.2213405136112934,0.7142857142857143,0.9917966245536728,False,0.2231188413657645,False
c2,REACTOME_ASPARAGINE_N_LINKED_GLYCOSYLATION,7,1.9551760228211599,3.862672039391416,1.339204952682484,0.22900353155522157,0.7142857142857143,0.9917966245536728,False,0.0387360508862691,False
c2,REACTOME_FORMATION_OF_RNA_POL_II_ELONGATION_COMPLEX,7,-0.6792543627646171,1.3419773949220557,-1.3391716787712433,0.22901372942703419,0.5714285714285714,0.9917966245536728,False,0.4168934097717349,False
c2,REACTOME_SYNTHESIS_OF_BILE_ACIDS_AND_BILE_SALTS,7,0.8125547164526576,1.6123393154846961,1.333353150741762,0.2308032923505211,0.7142857142857143,0.9917966245536728,False,0.4981991926903203,False
c2,REACTOME_PLATELET_CALCIUM_HOMEOSTASIS,5,0.6932139428946164,1.097950396979543,1.4117882770726848,0.23086066417894865,0.8,0.9917966245536728,False,0.2156384087984168,False
c2,REACTOME_BIOLOGICAL_OXIDATIONS,7,0.9165664112707894,1.820304004964065,1.332198785304178,0.23115982100831226,0.7142857142857143,0.9917966245536728,False,0.5757637197331924,False
c2,REACTOME_GLYCOSPHINGOLIPID_METABOLISM,7,0.8950736335913175,1.7812777663077801,1.3294626387675874,0.23200686064139855,0.8571428571428571,0.9917966245536728,False,0.4919258807084645,False
c2,REACTOME_ACTIVATION_OF_THE_PRE_REPLICATIVE_COMPLEX,7,-1.8922117447428886,3.7732045437125272,-1.3268089886109113,0.23283101827550187,0.7142857142857143,0.9917966245536728,False,0.0387360508862691,False
c2,REACTOME_RUNX2_REGULATES_OSTEOBLAST_DIFFERENTIATION,7,0.5930723654143902,1.1857744307410065,1.3232887703361385,0.23392835681593105,0.7142857142857143,0.9917966245536728,False,0.5394273068231648,False
c2,REACTOME_SUMOYLATION_OF_SUMOYLATION_PROTEINS,7,-1.2757448191304135,2.553128864783764,-1.322026308328945,0.23432302361022098,0.5714285714285714,0.9917966245536728,False,0.3093508323390314,False
c2,REACTOME_SIGNALING_BY_ERBB4,7,0.3664372224728944,0.7338996350584964,1.3210277202321434,0.23463562082643538,0.5714285714285714,0.9917966245536728,False,0.215161520213284,False
c2,REACTOME_COMPLEMENT_CASCADE,7,0.8057669732474529,1.6191366393904618,1.3166640628208826,0.23600599574739511,0.7142857142857143,0.9917966245536728,False,0.1654386614647458,False
c2,REACTOME_SLC_MEDIATED_TRANSMEMBRANE_TRANSPORT,7,1.0153375893087129,2.0415255760422837,1.3158447729537772,0.23626408375030078,0.5714285714285714,0.9917966245536728,False,0.0027981541541572,False
c2,REACTOME_MAP2K_AND_MAPK_ACTIVATION,7,-0.5833827771056257,1.1746117025352327,-1.3140391365489683,0.23683377503627334,0.5714285714285714,0.9917966245536728,False,0.4345758783674505,False
c2,REACTOME_NS1_MEDIATED_EFFECTS_ON_HOST_PATHWAYS,7,-1.3934380421884554,2.8132829106547246,-1.3104585084723641,0.23796711643570972,0.5714285714285714,0.9917966245536728,False,0.3505412670706608,False
c2,REACTOME_TRANSPORT_OF_MATURE_MRNAS_DERIVED_FROM_INTRONLESS_TRANSCRIPTS,7,-1.1360671860350167,2.302761382851937,-1.3052812459391798,0.23961437623350548,0.5714285714285714,0.9917966245536728,False,0.3670773958611406,False
c2,REACTOME_DEATH_RECEPTOR_SIGNALING,7,0.6139711855979927,1.2483119644214504,1.3012893535828847,0.24089140983279075,0.7142857142857143,0.9917966245536728,False,0.4057284939815206,False
c2,REACTOME_ACTIVATION_OF_BH3_ONLY_PROTEINS,7,-0.4176139620624681,0.8502818832473896,-1.2994545801985313,0.24148039470659616,0.5714285714285714,0.9917966245536728,False,0.8833865702003622,False
c2,REACTOME_SEPARATION_OF_SISTER_CHROMATIDS,7,-2.8228915234047065,5.783960902279336,-1.2912723780857298,0.24412258772384623,0.8571428571428571,0.9917966245536728,False,0.0008459567275571,False
c2,REACTOME_RUNX1_REGULATES_GENES_INVOLVED_IN_MEGAKARYOCYTE_DIFFERENTIATION_AND_PLATELET_FUNCTION,7,0.9046017053352262,1.8545500961875259,1.2905292517047928,0.24436382399576725,0.5714285714285714,0.9917966245536728,False,0.1871267269597528,False
c2,REACTOME_HCMV_INFECTION,7,-0.8969327697179545,1.8496454322523728,-1.2829815974666667,0.2468259648341821,0.7142857142857143,0.9917966245536728,False,0.0947013956330328,False
c2,REACTOME_NUCLEAR_ENVELOPE_BREAKDOWN,7,-1.124910468238739,2.325983676141805,-1.2795589997904515,0.24794967767963833,0.7142857142857143,0.9917966245536728,False,0.4071944125223216,False
h,HALLMARK_MYOGENESIS,7,0.9123692469689153,1.8879033558179188,1.2786153083017417,0.24826030641356656,0.8571428571428571,0.9917966245536728,False,0.4878219848175437,False
c2,REACTOME_ISG15_ANTIVIRAL_MECHANISM,7,-1.080770857658638,2.2394700314222904,-1.2768426786201297,0.24884472099667226,0.7142857142857143,0.9917966245536728,False,0.5146843128424073,False
c2,REACTOME_SUMOYLATION_OF_DNA_DAMAGE_RESPONSE_AND_REPAIR_PROTEINS,7,-1.1504104785963922,2.386119223557034,-1.2755858977874313,0.24925980228252134,0.5714285714285714,0.9917966245536728,False,0.4892801085222641,False
c2,REACTOME_MITOTIC_SPINDLE_CHECKPOINT,7,-2.3271286047263624,4.836219371701469,-1.273102620819398,0.25008176001156174,0.8571428571428571,0.9917966245536728,False,0.0674136548519271,False
h,HALLMARK_G2M_CHECKPOINT,7,-3.3531124741614127,6.972316485026483,-1.2723894194578995,0.2503182693250127,0.7142857142857143,0.9917966245536728,False,0.0112185038803202,False
c2,REACTOME_ANTIVIRAL_MECHANISM_BY_IFN_STIMULATED_GENES,7,-1.3403012701527446,2.8002235524706762,-1.2663645513585455,0.25232409687715174,0.7142857142857143,0.9917966245536728,False,0.1819477954677786,False
c2,REACTOME_VIRAL_MESSENGER_RNA_SYNTHESIS,7,-0.9461447952701821,1.983709111050593,-1.2619107401373322,0.25381596629522135,0.7142857142857143,0.9917966245536728,False,0.3014863406802487,False
c2,REACTOME_SARS_COV_2_ACTIVATES_MODULATES_INNATE_AND_ADAPTIVE_IMMUNE_RESPONSES,7,-0.8325933009787783,1.7531421185692548,-1.2565066997796726,0.25563653859722774,0.7142857142857143,0.9917966245536728,False,0.5470886479381056,False
c2,REACTOME_SUMOYLATION_OF_DNA_REPLICATION_PROTEINS,7,-1.416896942921212,2.983501755778015,-1.2564956387631265,0.25564027668476813,0.7142857142857143,0.9917966245536728,False,0.4175454281627426,False
c2,REACTOME_CHAPERONE_MEDIATED_AUTOPHAGY,6,-0.7324299794894888,1.3989666040679034,-1.2824321301520611,0.2559261188145713,0.6666666666666666,0.9917966245536728,False,0.3670773958611406,False
c2,REACTOME_RHOBTB1_GTPASE_CYCLE,7,-0.6106693341973083,1.2924377070126187,-1.2501021773142171,0.25780899856957984,0.8571428571428571,0.9917966245536728,False,0.1797786001030742,False
h,HALLMARK_ADIPOGENESIS,7,1.3055282171553628,2.7802770251732185,1.2423592904219387,0.2604570247538127,0.7142857142857143,0.9917966245536728,False,0.5268081815528676,False
c2,REACTOME_GLYCOGEN_METABOLISM,7,0.7412013438596269,1.5884191521722235,1.2345824618128378,0.2631405584538644,0.7142857142857143,0.9917966245536728,False,0.3014863406802487,False
h,HALLMARK_KRAS_SIGNALING_UP,7,1.3220073407126507,2.8369871829936333,1.2328933580999395,0.2637265922396597,0.7142857142857143,0.9917966245536728,False,0.1569142843052566,False
c2,REACTOME_INTEGRATION_OF_ENERGY_METABOLISM,7,0.799037296406566,1.7173126312572013,1.2310245298839573,0.2643763064533516,0.7142857142857143,0.9917966245536728,False,0.0917019263070623,False
c2,REACTOME_INTERACTIONS_OF_VPR_WITH_HOST_CELLULAR_PROTEINS,7,-1.245468554648305,2.679726727368882,-1.2296776487302126,0.2648454253621389,0.5714285714285714,0.9917966245536728,False,0.3225166903397127,False
c2,REACTOME_CLASS_I_MHC_MEDIATED_ANTIGEN_PROCESSING_PRESENTATION,7,0.7112025648032408,1.5303139306643845,1.229594190156624,0.2648745178287316,0.5714285714285714,0.9917966245536728,False,0.5652364053611507,False
h,HALLMARK_E2F_TARGETS,7,-4.025269112872505,8.678418698678161,-1.2271660774320954,0.2657221418043387,0.8571428571428571,0.9917966245536728,False,0.0004345821072759,False
h,HALLMARK_ANDROGEN_RESPONSE,7,0.85413783927742,1.8425190023048459,1.2264928097193208,0.2659575887183638,0.7142857142857143,0.9917966245536728,False,0.0481663384757342,False
c2,REACTOME_ASSOCIATION_OF_TRIC_CCT_WITH_TARGET_PROTEINS_DURING_BIOSYNTHESIS,7,-0.8379448015553138,1.8116608914681995,-1.2237353953796741,0.26692377177279,0.8571428571428571,0.9917966245536728,False,0.2669496803168735,False
h,HALLMARK_P53_PATHWAY,7,1.4455019102666538,3.133145297938794,1.2206387545289896,0.26801245257504525,0.7142857142857143,0.9917966245536728,False,0.4694418692684272,False
c2,REACTOME_ORC1_REMOVAL_FROM_CHROMATIN,7,-1.8291001323849347,3.968170480754998,-1.219540364204591,0.2683995370548815,0.8571428571428571,0.9917966245536728,False,0.0010391270343913,False
c2,REACTOME_VISUAL_PHOTOTRANSDUCTION,7,0.6069431603418397,1.3181435523225753,1.218244142974143,0.2688569632719908,0.7142857142857143,0.9917966245536728,False,0.2846046278260957,False
c2,REACTOME_REGULATION_OF_MRNA_STABILITY_BY_PROTEINS_THAT_BIND_AU_RICH_ELEMENTS,7,-1.3423348453919108,2.9238536663381267,-1.214658660237008,0.2701257751191232,0.7142857142857143,0.9917966245536728,False,0.0098999878893646,False
h,HALLMARK_MYC_TARGETS_V1,7,-3.3943009908210793,7.443220581735882,-1.2065309899116698,0.27302116933854004,0.8571428571428571,0.9917966245536728,False,2.1938391467214897e-08,False
c2,REACTOME_HOST_INTERACTIONS_OF_HIV_FACTORS,7,-1.5743460280527344,3.452459219035438,-1.2064814682890241,0.2730388928231591,0.8571428571428571,0.9917966245536728,False,0.0336239233074343,False
c2,REACTOME_G2_M_DNA_DAMAGE_CHECKPOINT,7,-1.3845639193166868,3.0373053955994016,-1.2060729257230092,0.27318514563608476,0.5714285714285714,0.9917966245536728,False,0.0870245463019625,False
c2,REACTOME_CLASS_I_PEROXISOMAL_MEMBRANE_PROTEIN_IMPORT,7,0.6611669934202788,1.4505556606683716,1.2059402387001958,0.27323266038833544,0.5714285714285714,0.9917966245536728,False,0.4737057746693739,False
c2,REACTOME_REGULATION_OF_GLUCOKINASE_BY_GLUCOKINASE_REGULATORY_PROTEIN,7,-1.148529993112545,2.521929393225721,-1.2049206227727827,0.27359801952442947,0.5714285714285714,0.9917966245536728,False,0.4536375305787615,False
c2,REACTOME_RHO_GTPASES_ACTIVATE_ROCKS,7,-0.9458135543435385,2.0799517289659173,-1.2030988106974874,0.2742518802665966,0.8571428571428571,0.9917966245536728,False,0.5632067951298605,False
c2,REACTOME_INTERACTIONS_OF_REV_WITH_HOST_CELLULAR_PROTEINS,7,-1.377589218630589,3.04419697356074,-1.1972807649950195,0.2763490531875459,0.5714285714285714,0.9917966245536728,False,0.3340897974906013,False
c2,REACTOME_COOPERATION_OF_PREFOLDIN_AND_TRIC_CCT_IN_ACTIN_AND_TUBULIN_FOLDING,7,-1.446394048941972,3.197386234606974,-1.1968522632282608,0.27650405603366224,0.8571428571428571,0.9917966245536728,False,0.0002853085173938,False
c2,REACTOME_S_PHASE,7,-2.228950966489905,4.937943600493336,-1.1942724378828822,0.2774388450276014,0.8571428571428571,0.9917966245536728,False,0.0051239807586028,False
c2,REACTOME_HIV_INFECTION,7,-1.5837516474945257,3.5100182079187263,-1.1937866841562463,0.27761515988856994,0.8571428571428571,0.9917966245536728,False,0.0146825217173532,False
c2,REACTOME_ACTIVATION_OF_AMPK_DOWNSTREAM_OF_NMDARS,5,-1.1242322466662973,2.0054950492327626,-1.2534858797107844,0.27829545374076003,0.8,0.9917966245536728,False,0.25336586378294,False
c2,REACTOME_RNA_POLYMERASE_I_TRANSCRIPTION_TERMINATION,7,-0.7182255011757739,1.5976963658472758,-1.1893662037392851,0.2792241037437854,0.5714285714285714,0.9917966245536728,False,0.137795601162207,False
c2,REACTOME_SUMOYLATION_OF_INTRACELLULAR_RECEPTORS,7,0.4473909702672244,0.9973765957634797,1.1867986988775003,0.28016228509856506,0.5714285714285714,0.9917966245536728,False,0.3809986734330582,False
c2,REACTOME_MISMATCH_REPAIR,5,-0.8943582416370637,1.6152042256016448,-1.2381380588530457,0.28336686360060176,0.8,0.9917966245536728,False,0.7254679094186088,False
c2,REACTOME_GASTRULATION,7,-0.7450575427490167,1.674198382531066,-1.177421380354365,0.2836118247619539,0.5714285714285714,0.9917966245536728,False,0.3363398642632174,False
c2,REACTOME_GLYCOSPHINGOLIPID_CATABOLISM,7,0.9022333459845806,2.031712999678618,1.174912528690072,0.2845408748616716,0.8571428571428571,0.9917966245536728,False,0.5652364053611507,False
c2,REACTOME_PCNA_DEPENDENT_LONG_PATCH_BASE_EXCISION_REPAIR,7,-1.1972494024138123,2.7250711864110126,-1.162400524398587,0.28921308783526184,0.7142857142857143,0.9917966245536728,False,0.1132033838340434,False
c2,REACTOME_PLATELET_HOMEOSTASIS,7,0.6639477584898393,1.5176307420217487,1.1574888435395931,0.29106498354296906,0.7142857142857143,0.9917966245536728,False,0.092589683508329,False
c2,REACTOME_SEALING_OF_THE_NUCLEAR_ENVELOPE_NE_BY_ESCRT_III,7,-0.8199326808052378,1.882600667361629,-1.1523091449156775,0.29302884033589127,0.5714285714285714,0.9917966245536728,False,0.0077381713493581,False
c2,REACTOME_SYNTHESIS_OF_DNA,7,-2.221848153122414,5.1015588777053935,-1.1522865471179486,0.29303743275635463,0.8571428571428571,0.9917966245536728,False,0.0010391270343913,False
c2,REACTOME_RHO_GTPASE_EFFECTORS,7,-1.9356329149033298,4.447067630051295,-1.151591059182113,0.29330198450328543,0.8571428571428571,0.9917966245536728,False,0.0771341500824279,False
c2,REACTOME_TRANSPORT_OF_THE_SLBP_DEPENDANT_MATURE_MRNA,7,-1.0930804671737764,2.5132739044963377,-1.1506979298795041,0.29364201270243795,0.5714285714285714,0.9917966245536728,False,0.4928437637183696,False
c2,REACTOME_POST_CHAPERONIN_TUBULIN_FOLDING_PATHWAY,4,-1.6588148677078807,2.6143642141185106,-1.269000591998377,0.29395316538414634,0.5,0.9917966245536728,False,0.0910409165803696,False
c2,REACTOME_RESOLUTION_OF_AP_SITES_VIA_THE_MULTIPLE_NUCLEOTIDE_PATCH_REPLACEMENT_PATHWAY,7,-1.2203966500642422,2.81121400909869,-1.1485664294770352,0.29445485866902144,0.7142857142857143,0.9917966245536728,False,0.1691589062281806,False
c2,REACTOME_FORMATION_OF_WDR5_CONTAINING_HISTONE_MODIFYING_COMPLEXES,7,-0.8343861949600623,1.9367692085055295,-1.1398252097126302,0.29780826921158676,0.5714285714285714,0.9917966245536728,False,0.3653603844490771,False
c2,REACTOME_DNA_REPLICATION,7,-2.132926896543129,4.9552053317773455,-1.138841633210343,0.2981876129106883,0.8571428571428571,0.9917966245536728,False,0.0002659082798236,False
c2,REACTOME_TBC_RABGAPS,7,0.7352633365552598,1.7127038164649637,1.13582040161735,0.29935538644207826,0.7142857142857143,0.9917966245536728,False,0.5521434126535805,False
c2,REACTOME_DISEASES_OF_CARBOHYDRATE_METABOLISM,7,0.8530301521482804,1.9888212700149273,1.13479560856014,0.29975236694361146,0.5714285714285714,0.9917966245536728,False,0.207468350335315,False
c2,REACTOME_RNA_POLYMERASE_II_PRE_TRANSCRIPTION_EVENTS,7,-0.6963285031283146,1.6241123598996194,-1.134350119838537,0.2999250770424935,0.5714285714285714,0.9917966245536728,False,0.3146055247508146,False
c2,REACTOME_NUCLEAR_IMPORT_OF_REV_PROTEIN,7,-1.2224821560083092,2.8692076624147056,-1.127274198163132,0.3026795761136932,0.5714285714285714,0.9917966245536728,False,0.3858606831704985,False
c2,REACTOME_REGULATION_OF_HSF1_MEDIATED_HEAT_SHOCK_RESPONSE,7,-1.180697611302838,2.784556302132927,-1.1218420150752588,0.30480860850461433,0.5714285714285714,0.9917966245536728,False,0.1358740336138037,False
c2,REACTOME_BIOSYNTHESIS_OF_THE_N_GLYCAN_PRECURSOR_DOLICHOL_LIPID_LINKED_OLIGOSACCHARIDE_LLO_AND_TRANSFER_TO_A_NASCENT_PROTEIN,7,0.7543840642020332,1.7816012896139275,1.1202914134291388,0.30541863573598105,0.7142857142857143,0.9917966245536728,False,0.932452989225062,False
c2,REACTOME_PROCESSIVE_SYNTHESIS_ON_THE_LAGGING_STRAND,4,-1.1798202197107432,1.9201610520435102,-1.2288763158227094,0.30672124302330767,0.75,0.9917966245536728,False,0.4669461444204799,False
c2,REACTOME_SARS_COV_INFECTIONS,7,-0.6417961573027497,1.5352700737806775,-1.1060158428272344,0.31108301209222644,0.8571428571428571,0.9917966245536728,False,0.5973557203514126,False
c2,REACTOME_PEPTIDE_HORMONE_METABOLISM,7,0.6441459068374016,1.5460746507768381,1.102307625751208,0.31256865418863167,0.8571428571428571,0.9917966245536728,False,0.1654386614647458,False
h,HALLMARK_FATTY_ACID_METABOLISM,7,1.2939798325325955,3.1193651524270125,1.0975146131098414,0.31449765139907665,0.7142857142857143,0.9917966245536728,False,0.6804644286151964,False
c2,REACTOME_NEGATIVE_REGULATORS_OF_DDX58_IFIH1_SIGNALING,7,0.4050515599387109,0.9777740534369712,1.0960259090426794,0.31509880646677363,0.7142857142857143,0.9917966245536728,False,0.9903150670824274,False
c2,REACTOME_IRE1ALPHA_ACTIVATES_CHAPERONES,7,0.7969139132634616,1.9277553178668647,1.0937259574806841,0.3160294283062588,0.5714285714285714,0.9917966245536728,False,0.5134682193785444,False
c2,REACTOME_HCMV_EARLY_EVENTS,7,-0.9772158794572194,2.365477136819327,-1.0930015572856289,0.31632301200002205,0.7142857142857143,0.9917966245536728,False,0.132775935685855,False
c2,REACTOME_KERATINIZATION,7,-0.5707330602077836,1.3822531828329168,-1.0924320964252585,0.31655396097369043,0.5714285714285714,0.9917966245536728,False,0.713526475790533,False
c2,REACTOME_PEROXISOMAL_PROTEIN_IMPORT,7,0.9122602497647438,2.2166842260109547,1.0888396838509617,0.31801411529369833,0.5714285714285714,0.9917966245536728,False,0.7492418194029321,False
c2,REACTOME_EXPORT_OF_VIRAL_RIBONUCLEOPROTEINS_FROM_NUCLEUS,7,-1.1473236939602791,2.7965328442810273,-1.0854630846616415,0.3193916333142258,0.5714285714285714,0.9917966245536728,False,0.4844133082116416,False
c2,REACTOME_POLYMERASE_SWITCHING_ON_THE_C_STRAND_OF_THE_TELOMERE,7,-0.8495215583027809,2.0788408249475103,-1.0811904161608754,0.3211417821912581,0.5714285714285714,0.9917966245536728,False,0.3063967070227601,False
c2,REACTOME_GAP_FILLING_DNA_REPAIR_SYNTHESIS_AND_LIGATION_IN_GG_NER,7,-0.9794639614997583,2.398696556698315,-1.080344261570734,0.32148931791064417,0.8571428571428571,0.9917966245536728,False,0.2433724231783236,False
c2,REACTOME_MISCELLANEOUS_TRANSPORT_AND_BINDING_EVENTS,7,0.4015810963901405,0.9842871447924206,1.079444873271245,0.32185905831123146,0.7142857142857143,0.9917966245536728,False,0.5586835662193388,False
c2,REACTOME_REGULATION_OF_TP53_ACTIVITY_THROUGH_PHOSPHORYLATION,7,-1.0571169517763468,2.597687026362816,-1.0766764944070046,0.3229993472369459,0.7142857142857143,0.9917966245536728,False,0.2085987972191129,False
h,HALLMARK_ANGIOGENESIS,7,0.5947885211031928,1.4629754027402353,1.075658898001554,0.3234193291557302,0.7142857142857143,0.9917966245536728,False,0.5135934813342088,False
c2,REACTOME_INFECTION_WITH_MYCOBACTERIUM_TUBERCULOSIS,7,-0.3261323593308277,0.8023517640620609,-1.0754199790272834,0.32351800088747595,0.7142857142857143,0.9917966245536728,False,0.5859539074507952,False
c2,REACTOME_MITOTIC_G1_PHASE_AND_G1_S_TRANSITION,7,-1.9162639572159486,4.7157668426064445,-1.0751078342854856,0.3236469516763635,0.8571428571428571,0.9917966245536728,False,0.0208548078823374,False
c2,REACTOME_COPII_MEDIATED_VESICLE_TRANSPORT,7,0.641985453283975,1.5851689523149572,1.0715159745148672,0.32513384071369916,0.5714285714285714,0.9917966245536728,False,0.3723944903112683,False
c2,REACTOME_CELL_CYCLE_MITOTIC,6,-3.5354250599763204,7.950605784053689,-1.0892235957868388,0.3257457634664241,0.8333333333333334,0.9917966245536728,False,0.0001308888721811,False
c2,REACTOME_TP53_REGULATES_METABOLIC_GENES,7,0.7474578544987988,1.8497905940817254,1.0690872820052577,0.3261424053248584,0.7142857142857143,0.9917966245536728,False,0.4057800370593511,False
c2,REACTOME_SYNTHESIS_OF_SUBSTRATES_IN_N_GLYCAN_BIOSYTHESIS,7,0.689873198368022,1.710042488901169,1.0673611509053005,0.32686077880047704,0.7142857142857143,0.9917966245536728,False,0.9513111803511664,False
c2,REACTOME_ATF4_ACTIVATES_GENES_IN_RESPONSE_TO_ENDOPLASMIC_RETICULUM_STRESS,7,-0.8935029831434013,2.2243873878581844,-1.0627585383713265,0.328782625023986,0.5714285714285714,0.9917966245536728,False,0.2091968506620515,False
c2,REACTOME_VXPX_CARGO_TARGETING_TO_CILIUM,7,0.5671434774518143,1.412395722298296,1.0623938994860258,0.32893527730812777,0.7142857142857143,0.9917966245536728,False,0.2384295154770759,False
c2,REACTOME_RRNA_PROCESSING,7,-2.8169484572596426,7.019930050712454,-1.0616836663834954,0.3292327757658256,0.7142857142857143,0.9917966245536728,False,1.2954128998328636e-08,False
c2,REACTOME_REGULATION_OF_INSULIN_SECRETION,7,0.5944688064726239,1.4842915460939887,1.0596413004243794,0.3300894989727263,0.7142857142857143,0.9917966245536728,False,0.1274511517470967,False
c2,REACTOME_SWITCHING_OF_ORIGINS_TO_A_POST_REPLICATIVE_STATE,7,-1.7625319318752708,4.406180586684352,-1.0583363704258146,0.3306378405517742,0.8571428571428571,0.9917966245536728,False,0.00415981265963,False
c2,REACTOME_CARBOXYTERMINAL_POST_TRANSLATIONAL_MODIFICATIONS_OF_TUBULIN,7,-0.5678511694239675,1.4253303608930075,-1.0540664937858573,0.3324372847105603,0.5714285714285714,0.9917966245536728,False,0.1429690010799749,False
c2,REACTOME_BINDING_AND_UPTAKE_OF_LIGANDS_BY_SCAVENGER_RECEPTORS,7,0.5960013384678177,1.4963459080323218,1.0538147056659162,0.33254364453329793,0.7142857142857143,0.9917966245536728,False,0.4884283527138637,False
c2,REACTOME_DNA_STRAND_ELONGATION,7,-1.4177291925291249,3.5617159922111328,-1.053132500758394,0.3328319597760127,0.8571428571428571,0.9917966245536728,False,0.3063967070227601,False
c2,REACTOME_VLDLR_INTERNALISATION_AND_DEGRADATION,5,-0.6223919007341177,1.266802413281911,-1.098601158393184,0.3336259077170558,0.6,0.9917966245536728,False,0.7392518772854072,False
h,HALLMARK_MITOTIC_SPINDLE,7,-1.6987946364672364,4.312175810779648,-1.042301690350157,0.33743667398655813,0.7142857142857143,0.9917966245536728,False,0.4407167623803363,False
c2,REACTOME_RNA_POLYMERASE_III_TRANSCRIPTION_INITIATION_FROM_TYPE_1_PROMOTER,7,-0.5383041569372837,1.3732428485864856,-1.0371209509187127,0.33965750723902743,0.7142857142857143,0.9917966245536728,False,0.1104839046743843,False
c2,REACTOME_TELOMERE_C_STRAND_LAGGING_STRAND_SYNTHESIS,7,-0.9981893469141602,2.553591722537242,-1.034214181531257,0.3409087375230135,0.7142857142857143,0.9917966245536728,False,0.2513825465455325,False
c2,REACTOME_TRANSCRIPTIONAL_AND_POST_TRANSLATIONAL_REGULATION_OF_MITF_M_EXPRESSION_AND_ACTIVITY,7,-0.31639027596593167,0.8136591623897587,-1.0287968551676787,0.34325060336172936,0.7142857142857143,0.9917966245536728,False,0.8385497583892557,False
c2,REACTOME_G_ALPHA_Z_SIGNALLING_EVENTS,7,0.5564024029409961,1.4334021657899962,1.0269988578183178,0.34403073059548295,0.8571428571428571,0.9917966245536728,False,0.4175454281627426,False
c2,REACTOME_MYOGENESIS,7,0.5940534831320354,1.53159200123727,1.026198739983876,0.34437835105980613,0.5714285714285714,0.9917966245536728,False,0.1717540282205579,False
c2,REACTOME_VITAMIN_B5_PANTOTHENATE_METABOLISM,7,0.36572012865007064,0.9429678030597296,1.02612677412629,0.34440963135038827,0.7142857142857143,0.9917966245536728,False,0.9045742412188744,False
c2,REACTOME_PKR_MEDIATED_SIGNALING,7,-0.695882932147644,1.79640648130987,-1.024897872075488,0.3449441331597952,0.7142857142857143,0.9917966245536728,False,0.1569142843052566,False
c2,REACTOME_FORMATION_OF_THE_NON_CANONICAL_BAF_NCBAF_COMPLEX,6,-0.3500957580947072,0.8234710366405724,-1.0413917797805814,0.3454061406091728,0.6666666666666666,0.9917966245536728,False,0.5470886479381056,False
c2,REACTOME_LAGGING_STRAND_SYNTHESIS,7,-0.9976560715103774,2.5815438293774906,-1.0224695119069998,0.34600229717642605,0.5714285714285714,0.9917966245536728,False,0.3014863406802487,False
c2,REACTOME_GLYCOSAMINOGLYCAN_METABOLISM,7,0.8843342504202393,2.2894963548084735,1.0219402610336974,0.34623326638314417,0.5714285714285714,0.9917966245536728,False,0.0607320439040132,False
c2,REACTOME_PTEN_REGULATION,7,-0.4915436323546301,1.2874199122833063,-1.0101616398345161,0.35140571933690706,0.5714285714285714,0.9917966245536728,False,0.5664268961166173,False
h,HALLMARK_NOTCH_SIGNALING,7,0.46741538002355537,1.233840174496633,1.0022893402815278,0.3548971557297979,0.5714285714285714,0.9917966245536728,False,0.5419305142843219,False
c2,REACTOME_CLASS_B_2_SECRETIN_FAMILY_RECEPTORS,7,0.6816944225983307,1.8037898973529238,0.999891348200664,0.35596617600668384,0.7142857142857143,0.9917966245536728,False,0.2151672444513491,False
c2,REACTOME_NOTCH3_ACTIVATION_AND_TRANSMISSION_OF_SIGNAL_TO_THE_NUCLEUS,7,-0.2550344175502742,0.68086774402349,-0.9910260113261481,0.3599406218687499,0.7142857142857143,0.9917966245536728,False,0.983224033819154,False
c2,REACTOME_GLOBAL_GENOME_NUCLEOTIDE_EXCISION_REPAIR_GG_NER,7,-0.9965160574065873,2.6608621017873744,-0.9908569345286112,0.36001676262747745,0.5714285714285714,0.9917966245536728,False,0.092589683508329,False
c2,REACTOME_ACTIVATION_OF_IRF3_IRF7_MEDIATED_BY_TBK1_IKK_IKBKE,5,-0.25848256098405564,0.5609810515467697,-1.0303103389409152,0.3610843706119164,0.6,0.9917966245536728,False,0.5146843128424073,False
c2,REACTOME_INTERLEUKIN_1_FAMILY_SIGNALING,7,-0.5748779670441301,1.5413672939560792,-0.9867759235408387,0.36185845555254775,0.5714285714285714,0.9917966245536728,False,0.344507984381509,False
c2,REACTOME_RAB_REGULATION_OF_TRAFFICKING,7,0.7411931219053487,1.9923828578657903,0.9842549419109837,0.36299985975459154,0.5714285714285714,0.9917966245536728,False,0.5652364053611507,False
c2,REACTOME_RESPONSE_OF_MTB_TO_PHAGOCYTOSIS,7,-0.3051972483502165,0.8207767559228548,-0.9837949407424321,0.36320843795252133,0.5714285714285714,0.9917966245536728,False,0.7254679094186088,False
c2,REACTOME_POTENTIAL_THERAPEUTICS_FOR_SARS,7,-0.4958516263703342,1.335003976885893,-0.9826937696642931,0.3637081269497883,0.7142857142857143,0.9917966245536728,False,0.6868201185475334,False
c2,REACTOME_DEFECTIVE_INTRINSIC_PATHWAY_FOR_APOPTOSIS,7,0.4116640560237142,1.1101069596152937,0.9811313283905149,0.3644180639912058,0.7142857142857143,0.9917966245536728,False,0.4407167623803363,False
c2,REACTOME_NEGATIVE_REGULATION_OF_MAPK_PATHWAY,7,-0.2369824259434938,0.6400092385463159,-0.979667989736201,0.36508396410917915,0.8571428571428571,0.9917966245536728,False,0.7775171530696783,False
c2,REACTOME_TRANSPORT_TO_THE_GOLGI_AND_SUBSEQUENT_MODIFICATION,7,1.3610225595200482,3.679300508192668,0.9786988622485435,0.3655254996401632,0.7142857142857143,0.9917966245536728,False,0.1569142843052566,False
h,HALLMARK_XENOBIOTIC_METABOLISM,7,0.913844077975923,2.4769049775432377,0.9761392501264027,0.3666936888292448,0.5714285714285714,0.9917966245536728,False,0.7030283344098497,False
c2,REACTOME_VEGFR2_MEDIATED_CELL_PROLIFERATION,7,-0.4142722592175488,1.1255378782795364,-0.9738111831810816,0.36775875741650393,0.7142857142857143,0.9917966245536728,False,0.8881835981052857,False
c2,REACTOME_ENERGY_DEPENDENT_REGULATION_OF_MTOR_BY_LKB1_AMPK,7,0.41527470405513667,1.1313509663888992,0.9711518576881274,0.3689783535267167,0.5714285714285714,0.9917966245536728,False,0.7389579771699395,False
c2,REACTOME_FORMATION_OF_TUBULIN_FOLDING_INTERMEDIATES_BY_CCT_TRIC,6,-1.288029735744722,3.199781553987691,-0.9860096924974525,0.3694073067077538,0.8333333333333334,0.9917966245536728,False,0.0026242773428843,False
c2,REACTOME_ARACHIDONATE_METABOLISM,7,0.6688044728625789,1.824245436682524,0.9699847812912344,0.3695145914878361,0.5714285714285714,0.9917966245536728,False,0.7254679094186088,False
c2,REACTOME_CHONDROITIN_SULFATE_BIOSYNTHESIS,7,0.6292320269278056,1.7197044834308601,0.9680683374661931,0.3703964710809961,0.7142857142857143,0.9917966245536728,False,0.2085987972191129,False
c2,REACTOME_LEISHMANIA_INFECTION,7,0.7271235645680703,1.9924093647508172,0.9655586639458157,0.37155383300492906,0.7142857142857143,0.9917966245536728,False,0.1104839046743843,False
c2,REACTOME_MITOCHONDRIAL_TRNA_AMINOACYLATION,7,-0.4573504286292184,1.256462813275563,-0.9630491912507769,0.37271393739104935,0.7142857142857143,0.9917966245536728,False,0.7471171884954766,False
c2,REACTOME_TRANS_GOLGI_NETWORK_VESICLE_BUDDING,7,0.42838809252384946,1.1781634663754135,0.9620128189226004,0.3731938695770257,0.5714285714285714,0.9917966245536728,False,0.7139488461874932,False
c2,REACTOME_RHO_GTPASES_ACTIVATE_IQGAPS,7,-0.9373226695090587,2.578785008364863,-0.9616632149248476,0.373355876337107,0.7142857142857143,0.9917966245536728,False,0.0917019263070623,False
c2,REACTOME_CD209_DC_SIGN_SIGNALING,6,0.560752874616156,1.4056283378544303,0.9771846352394072,0.37335625033447306,0.6666666666666666,0.9917966245536728,False,0.1835738448175049,False
c2,REACTOME_RIP_MEDIATED_NFKB_ACTIVATION_VIA_ZBP1,7,0.46389230459238184,1.2766341486812856,0.9613902889374124,0.37348238872372835,0.7142857142857143,0.9917966245536728,False,0.4519933976513489,False
c2,REACTOME_DNA_REPLICATION_PRE_INITIATION,7,-1.6317705730443888,4.505096352673859,-0.9583056154673442,0.3749145951574801,0.8571428571428571,0.9917966245536728,False,0.0061229495688089,False
c2,REACTOME_HS_GAG_DEGRADATION,7,0.6369220147873741,1.775806537164061,0.9489419147880471,0.3792884266255686,0.7142857142857143,0.9917966245536728,False,0.5419305142843219,False
c2,REACTOME_SIGNALING_BY_MODERATE_KINASE_ACTIVITY_BRAF_MUTANTS,7,-0.6168668448227388,1.7211071214228637,-0.9482711698344365,0.37960325415572604,0.5714285714285714,0.9917966245536728,False,0.5470886479381056,False
c2,REACTOME_NOTCH1_INTRACELLULAR_DOMAIN_REGULATES_TRANSCRIPTION,7,-0.35820246635954395,1.0038938157290709,-0.9440387321333006,0.38159452158335466,0.7142857142857143,0.9917966245536728,False,0.9449204529405169,False
c2,REACTOME_RNA_POLYMERASE_III_TRANSCRIPTION,7,-0.514360263277933,1.4457193559066368,-0.9413094840067998,0.3828828662783031,0.7142857142857143,0.9917966245536728,False,0.1370247336233444,False
h,HALLMARK_ALLOGRAFT_REJECTION,7,0.6322854743293107,1.7821025700039141,0.9387058583671737,0.38411505068057816,0.5714285714285714,0.9917966245536728,False,0.5643998461142791,False
c2,REACTOME_THROMBIN_SIGNALLING_THROUGH_PROTEINASE_ACTIVATED_RECEPTORS_PARS,7,0.43327049957719427,1.221423590902589,0.938516335233772,0.3842048636040372,0.8571428571428571,0.9917966245536728,False,0.215161520213284,False
c2,REACTOME_GLUCONEOGENESIS,6,-0.6530970382542285,1.6822319788783222,-0.9509713977215491,0.38528940519640126,0.5,0.9917966245536728,False,0.5084286493069182,False
h,HALLMARK_COAGULATION,7,0.6296398949827259,1.785127629604129,0.9331941033362094,0.3867336494002981,0.5714285714285714,0.9917966245536728,False,0.6202471645852994,False
c2,REACTOME_METABOLISM_OF_CARBOHYDRATES_AND_CARBOHYDRATE_DERIVATIVES,7,0.5870476986256933,1.6688926948939393,0.9306663172823618,0.38793918500113017,0.7142857142857143,0.9917966245536728,False,0.132775935685855,False
c2,REACTOME_FC_EPSILON_RECEPTOR_FCERI_SIGNALING,7,-0.6764514825959537,1.923696396155046,-0.9303559545711092,0.3880874007170922,0.5714285714285714,0.9917966245536728,False,0.5390077130344063,False
c2,REACTOME_RND2_GTPASE_CYCLE,7,-0.6038155083405427,1.7182925600974983,-0.9297285630698859,0.38838714885763287,0.7142857142857143,0.9917966245536728,False,0.5652364053611507,False
c2,REACTOME_SEMA4D_IN_SEMAPHORIN_SIGNALING,7,-0.5924930807169579,1.6970679819348042,-0.9237045078868333,0.39127433496152686,0.5714285714285714,0.9917966245536728,False,0.890701288996739,False
c2,REACTOME_FORMATION_OF_PARAXIAL_MESODERM,7,-0.9188313043792562,2.637562189924809,-0.9216840981019321,0.39224635379143463,0.7142857142857143,0.9917966245536728,False,0.1835738448175049,False
c2,REACTOME_REGULATION_OF_TP53_ACTIVITY_THROUGH_ACETYLATION,7,0.452214084373927,1.2986362826734343,0.9213095480061055,0.3924267532148945,0.7142857142857143,0.9917966245536728,False,0.3653603844490771,False
c2,REACTOME_TRANSCRIPTIONAL_REGULATION_OF_GRANULOPOIESIS,7,0.6912907117791305,1.992548538708037,0.9179115446805206,0.39406628551469663,0.5714285714285714,0.9917966245536728,False,0.5586835662193388,False
c2,REACTOME_PROTEIN_FOLDING,7,-0.8447366912028687,2.4359463352708,-0.9174927936193212,0.3942686949798728,0.7142857142857143,0.9917966245536728,False,0.1679660049462378,False
c2,REACTOME_FORMATION_OF_THE_DYSTROPHIN_GLYCOPROTEIN_COMPLEX_DGC,7,0.5921768402377171,1.7165532750621557,0.9127317364410349,0.3965756187055337,0.5714285714285714,0.9917966245536728,False,0.2038444512299888,False
c2,REACTOME_SIGNALING_BY_PDGFR_IN_DISEASE,7,0.6018034622799211,1.7463784868613481,0.9117280768797766,0.39706324553739925,0.7142857142857143,0.9917966245536728,False,0.1256426487223389,False
c2,REACTOME_PROCESSIVE_SYNTHESIS_ON_THE_C_STRAND_OF_THE_TELOMERE,7,-0.6421854293266586,1.8694647768592794,-0.9088499353499603,0.3984641242029348,0.5714285714285714,0.9917966245536728,False,0.33538342043463,False
c2,REACTOME_TRANSLESION_SYNTHESIS_BY_Y_FAMILY_DNA_POLYMERASES_BYPASSES_LESIONS_ON_DNA_TEMPLATE,7,-0.7911921643066175,2.3128824546022853,-0.9050601347478423,0.40031447459638836,0.5714285714285714,0.9917966245536728,False,0.5146843128424073,False
c2,REACTOME_POST_TRANSLATIONAL_MODIFICATION_SYNTHESIS_OF_GPI_ANCHORED_PROTEINS,7,0.6785360400456899,1.9837900022794979,0.9049534555031631,0.4003666546143648,0.7142857142857143,0.9917966245536728,False,0.7254679094186088,False
c2,REACTOME_HIV_ELONGATION_ARREST_AND_RECOVERY,7,-0.4659239446740232,1.3655785765289083,-0.9027081331424116,0.4014661090802242,0.7142857142857143,0.9917966245536728,False,0.6437448859019772,False
h,HALLMARK_PROTEIN_SECRETION,7,0.544572138835152,1.5981835811801501,0.901524998291133,0.4020463698986693,0.5714285714285714,0.9917966245536728,False,0.1569142843052566,False
c2,REACTOME_ER_TO_GOLGI_ANTEROGRADE_TRANSPORT,7,1.282314195147253,3.7753220314279456,0.8986477007166352,0.4034601772257947,0.7142857142857143,0.9917966245536728,False,0.1464907426459451,False
c2,REACTOME_SEMA4D_INDUCED_CELL_MIGRATION_AND_GROWTH_CONE_COLLAPSE,7,-0.5220961147535529,1.5405884934248002,-0.8966291037525315,0.4044542945050144,0.5714285714285714,0.9917966245536728,False,0.8348057617101062,False
c2,REACTOME_BASE_EXCISION_REPAIR,7,-0.9123621092278723,2.697429953455382,-0.8948826432223522,0.4053158852116141,0.5714285714285714,0.9917966245536728,False,0.0356719732630139,False
c2,REACTOME_CELLULAR_RESPONSE_TO_HEAT_STRESS,7,-0.8829297323388025,2.61899931870425,-0.891948493544869,0.40676652787003464,0.5714285714285714,0.9917966245536728,False,0.3363398642632174,False
c2,REACTOME_EGFR_DOWNREGULATION,7,0.34420680298585843,1.0218617343453151,0.8912023707988663,0.407136035192948,0.5714285714285714,0.9917966245536728,False,0.379665681313706,False
c2,REACTOME_CHROMOSOME_MAINTENANCE,7,-1.447398214975109,4.298274230360015,-0.8909286657082823,0.4072716474677139,0.7142857142857143,0.9917966245536728,False,0.0213671938698968,False
c2,REACTOME_RMTS_METHYLATE_HISTONE_ARGININES,7,-0.40372353824592805,1.2008457944966517,-0.8894997888296954,0.4079801644072116,0.5714285714285714,0.9917966245536728,False,0.2178897103327762,False
c2,REACTOME_TRANSCRIPTION_OF_THE_HIV_GENOME,7,-0.5825931580453075,1.73392553171805,-0.8889635589991853,0.40824629678091334,0.5714285714285714,0.9917966245536728,False,0.4536375305787615,False
c2,REACTOME_SIGNALING_BY_NTRK3_TRKC,6,-0.5053890046398016,1.3743594306001636,-0.9007433975550345,0.4090116029462641,0.5,0.9917966245536728,False,0.7681923908994184,False
c2,REACTOME_INFLAMMASOMES,5,0.31854142868990093,0.7748686438734487,0.9192271410544387,0.40999302846028834,0.6,0.9917966245536728,False,0.6794350324671311,False
c2,REACTOME_DEGRADATION_OF_THE_EXTRACELLULAR_MATRIX,7,1.2716164972101536,3.806802192125654,0.8837814115018444,0.4108249523423965,0.5714285714285714,0.9917966245536728,False,0.0428989290708539,False
c2,REACTOME_DISEASES_OF_IMMUNE_SYSTEM,7,0.4057777201845894,1.2165210291107997,0.8825058585003684,0.4114615462171752,0.7142857142857143,0.9917966245536728,False,0.8898122314834632,False
c2,REACTOME_FORMATION_OF_THE_CORNIFIED_ENVELOPE,7,-0.5413609012988356,1.6244071059931506,-0.8817409805005755,0.4118436311693068,0.5714285714285714,0.9917966245536728,False,0.763711453360511,False
c2,REACTOME_DUAL_INCISION_IN_GG_NER,7,-0.8231863460500624,2.4708844421976623,-0.8814440356325631,0.4119920378971493,0.7142857142857143,0.9917966245536728,False,0.3629214889643899,False
c2,REACTOME_RECOGNITION_OF_DNA_DAMAGE_BY_PCNA_CONTAINING_REPLICATION_COMPLEX,7,-0.81383964021093,2.4475409908799093,-0.879747184258722,0.4128408579490473,0.8571428571428571,0.9917966245536728,False,0.2615627256764885,False
c2,REACTOME_ACTIVATION_OF_APC_C_AND_APC_C_CDC20_MEDIATED_DEGRADATION_OF_MITOTIC_PROTEINS,7,-1.639590850012958,4.932428773895315,-0.8794753740773141,0.41297694797555545,0.5714285714285714,0.9917966245536728,False,0.0077381713493581,False
c2,REACTOME_N_GLYCAN_ANTENNAE_ELONGATION_IN_THE_MEDIAL_TRANS_GOLGI,6,0.5022572316578547,1.3799851612068375,0.8915124392415054,0.4134944400330813,0.6666666666666666,0.9917966245536728,False,0.8127344863433759,False
c2,REACTOME_APC_C_MEDIATED_DEGRADATION_OF_CELL_CYCLE_PROTEINS,7,-1.5656097504625663,4.718044681418633,-0.8779514247110416,0.4137405822892238,0.5714285714285714,0.9917966245536728,False,0.0161159373580908,False
c2,REACTOME_TRANSCRIPTIONAL_REGULATION_BY_E2F6,7,-0.46378922424375635,1.3982985177529772,-0.877545769033935,0.4139440300293021,0.5714285714285714,0.9917966245536728,False,0.8778233751472128,False
c2,REACTOME_NUCLEOTIDE_EXCISION_REPAIR,7,-0.8887583832096516,2.688415318112465,-0.8746541658777343,0.4153964202021426,0.5714285714285714,0.9917966245536728,False,0.1224626763158291,False
c2,REACTOME_FORMATION_OF_ATP_BY_CHEMIOSMOTIC_COUPLING,4,1.2747153136836775,2.7086937958323136,0.9412029633212856,0.4160360264478916,0.5,0.9917966245536728,False,0.0008459567275571,False
c2,REACTOME_REGULATION_OF_TP53_ACTIVITY_THROUGH_METHYLATION,6,0.25945909364292175,0.7196668476374363,0.8831063854567597,0.4176100490456607,0.5,0.9917966245536728,False,0.7139488461874932,False
c2,REACTOME_SOMITOGENESIS,7,-1.091805991965758,3.323227677344966,-0.8692293803292506,0.41813144115535206,0.7142857142857143,0.9917966245536728,False,0.0514955604796461,False
c2,REACTOME_SIGNALING_BY_NOTCH4,7,-0.8580723274890991,2.619758564458496,-0.8665859580505993,0.41946903291808624,0.7142857142857143,0.9917966245536728,False,0.2203929495554597,False
c2,REACTOME_NONHOMOLOGOUS_END_JOINING_NHEJ,7,-0.5177066297134064,1.5851180809661798,-0.8641141696372462,0.42072265444173923,0.7142857142857143,0.9917966245536728,False,0.5146843128424073,False
c2,REACTOME_SUMOYLATION,7,-0.9435034784671251,2.8943370084878017,-0.8624688686313768,0.42155864658454556,0.5714285714285714,0.9917966245536728,False,0.8320644984616303,False
c2,REACTOME_RESPONSE_TO_ELEVATED_PLATELET_CYTOSOLIC_CA2,7,0.581340451914245,1.784098629190093,0.8621060728717788,0.42174315216854485,0.8571428571428571,0.9917966245536728,False,0.5146843128424073,False
c2,REACTOME_NERVOUS_SYSTEM_DEVELOPMENT,6,-1.418334717024675,3.9761942782335757,-0.8737491425415547,0.42222880731734624,0.5,0.9917966245536728,False,0.6502679068472148,False
c2,REACTOME_DIFFERENTIATION_OF_KERATINOCYTES_IN_INTERFOLLICULAR_EPIDERMIS_IN_MAMMALIAN_SKIN,5,-0.3979149485644718,0.9961521084261119,-0.8932018180027657,0.42223119578939183,0.8,0.9917966245536728,False,0.6794350324671311,False
c2,REACTOME_G_PROTEIN_ACTIVATION,4,0.43292554732150823,0.9340080911348634,0.9270274025045833,0.4222896934926843,0.75,0.9917966245536728,False,0.4057800370593511,False
c2,REACTOME_SMAD2_SMAD3_SMAD4_HETEROTRIMER_REGULATES_TRANSCRIPTION,7,0.28067648579864646,0.8645209688068785,0.8589730117380843,0.42333901335395485,0.5714285714285714,0.9917966245536728,False,0.7139488461874932,False
c2,REACTOME_SUMOYLATION_OF_CHROMATIN_ORGANIZATION_PROTEINS,7,-0.6786120540234064,2.0925609488614922,-0.8580102446303959,0.423830307483435,0.7142857142857143,0.9917966245536728,False,0.8944159487814075,False
c2,REACTOME_REGULATION_OF_NF_KAPPA_B_SIGNALING,7,0.13487673690147925,0.4180679360070276,0.8535701323987784,0.4261015290381448,0.7142857142857143,0.9917966245536728,False,0.7168129985454987,False
c2,REACTOME_TP53_REGULATES_TRANSCRIPTION_OF_CELL_DEATH_GENES,7,0.45986878114207164,1.426409677818178,0.8529796520207019,0.42640424960093554,0.5714285714285714,0.9917966245536728,False,0.7492418194029321,False
c2,REACTOME_C_TYPE_LECTIN_RECEPTORS_CLRS,7,-0.6969522160611131,2.1669168449279836,-0.8509612372570509,0.4274402251176304,0.5714285714285714,0.9917966245536728,False,0.5483526175784836,False
c2,REACTOME_FORMATION_OF_THE_POLYBROMO_BAF_PBAF_COMPLEX,7,-0.2463963961457696,0.7698782998640626,-0.8467618690634178,0.4296015422884671,0.7142857142857143,0.9917966245536728,False,0.3629214889643899,False
c2,REACTOME_PHOSPHORYLATED_BMAL1_CLOCK_ARNTL_CLOCK_ACTIVATES_EXPRESSION_OF_CORE_CLOCK_GENES,7,-0.6917766332810308,2.1722506118923364,-0.8425680372453496,0.4317680181379951,0.7142857142857143,0.9917966245536728,False,0.3544827955379874,False
c2,REACTOME_MRNA_SPLICING_MINOR_PATHWAY,7,-0.7369224888084024,2.3147830202437105,-0.8422878619148231,0.4319130380003992,0.5714285714285714,0.9917966245536728,False,0.1164132946219946,False
c2,REACTOME_PLASMA_LIPOPROTEIN_CLEARANCE,7,0.545645793181613,1.718789223568509,0.8399186199747481,0.43314079471904615,0.5714285714285714,0.9917966245536728,False,0.8320644984616303,False
c2,REACTOME_PLATELET_ACTIVATION_SIGNALING_AND_AGGREGATION,7,0.6393893864190084,2.0145412125659914,0.8397273269203277,0.4332400354336776,0.8571428571428571,0.9917966245536728,False,0.4582591494470005,False
c2,REACTOME_EARLY_SARS_COV_2_INFECTION_EVENTS,7,0.4558464536487506,1.4400965775200807,0.8374829655259761,0.4344056283528031,0.5714285714285714,0.9917966245536728,False,0.9810526310048276,False
c2,REACTOME_INTERFERON_SIGNALING,7,-0.6178707868973685,1.955293178077741,-0.8360549010401279,0.43514847588406297,0.5714285714285714,0.9917966245536728,False,0.7258001688544068,False
c2,REACTOME_RAS_PROCESSING,7,0.45230933851819927,1.4328794715575084,0.8351700538290908,0.4356092191322007,0.5714285714285714,0.9917966245536728,False,0.2770595516735239,False
h,HALLMARK_COMPLEMENT,7,0.5783589268254724,1.8323994810870268,0.8350765783925308,0.4356579129322368,0.7142857142857143,0.9917966245536728,False,0.3014863406802487,False
c2,REACTOME_MEIOSIS,7,-0.8104503491541639,2.5726637310799796,-0.8334746775970012,0.43649300236410393,0.5714285714285714,0.9917966245536728,False,0.2670854337435056,False
c2,REACTOME_REGULATION_OF_RAS_BY_GAPS,7,-0.8797675047930106,2.7968737008785385,-0.8322313690843401,0.437141957620851,0.5714285714285714,0.9917966245536728,False,0.063237430263671,False
c2,REACTOME_THE_ROLE_OF_GTSE1_IN_G2_M_PROGRESSION_AFTER_G2_CHECKPOINT,7,-1.517998926896772,4.827749437101604,-0.8319088849488796,0.437310395680657,0.5714285714285714,0.9917966245536728,False,0.0004345821072759,False
c2,REACTOME_CHONDROITIN_SULFATE_DERMATAN_SULFATE_METABOLISM,7,0.6004903517971155,1.9146947093465023,0.829765772994226,0.4384309745346582,0.5714285714285714,0.9917966245536728,False,0.2417966054531289,False
h,HALLMARK_HEDGEHOG_SIGNALING,7,0.37200702636148336,1.186906498256076,0.8292465153466402,0.43870279535325485,0.5714285714285714,0.9917966245536728,False,0.5894897742444513,False
c2,REACTOME_METABOLISM_OF_FOLATE_AND_PTERINES,6,-0.4466032829550573,1.3037767489978742,-0.8390624863747206,0.4396947922145748,0.5,0.9917966245536728,False,0.8400199707518692,False
c2,REACTOME_INSERTION_OF_TAIL_ANCHORED_PROTEINS_INTO_THE_ENDOPLASMIC_RETICULUM_MEMBRANE,7,0.5375014920536711,1.7194166574804857,0.8270800862101767,0.43983819901687937,0.8571428571428571,0.9917966245536728,False,0.8909944624726395,False
c2,REACTOME_GAP_JUNCTION_TRAFFICKING_AND_REGULATION,7,-0.7547305271833891,2.416285049085665,-0.8264046837319678,0.440192606728557,0.5714285714285714,0.9917966245536728,False,0.1382744399283096,False
c2,REACTOME_G1_S_SPECIFIC_TRANSCRIPTION,7,-0.7943584898501674,2.5471634851074567,-0.8251040925579639,0.4408756570121623,0.7142857142857143,0.9917966245536728,False,0.5973557203514126,False
c2,REACTOME_PROTEASOME_ASSEMBLY,7,-1.2691421570639583,4.075929593904965,-0.823820541699377,0.4415505114016645,0.5714285714285714,0.9917966245536728,False,0.0061229495688089,False
c2,REACTOME_GOLGI_ASSOCIATED_VESICLE_BIOGENESIS,7,0.4129024232230387,1.3267749363397316,0.8233778749226942,0.4417834265056835,0.5714285714285714,0.9917966245536728,False,0.33538342043463,False
c2,REACTOME_BETA_CATENIN_INDEPENDENT_WNT_SIGNALING,7,-0.6976955400568546,2.2425865789866184,-0.8231249161686681,0.44191656413382685,0.7142857142857143,0.9917966245536728,False,0.4482736877953584,False
c2,REACTOME_CARGO_RECOGNITION_FOR_CLATHRIN_MEDIATED_ENDOCYTOSIS,7,0.3458707944607605,1.1150286328407417,0.8206857482862592,0.4432018417498017,0.5714285714285714,0.9917966245536728,False,0.6341433138771454,False
c2,REACTOME_PROTEIN_UBIQUITINATION,7,0.5237120584219986,1.6901696968900617,0.8198063589353694,0.44366588346986463,0.7142857142857143,0.9917966245536728,False,0.9742508514173538,False
c2,REACTOME_HCMV_LATE_EVENTS,7,-0.5264666817815874,1.7088755667347566,-0.8150973310578433,0.4461567462901964,0.5714285714285714,0.9917966245536728,False,0.3413130534993566,False
c2,REACTOME_HIV_TRANSCRIPTION_ELONGATION,7,-0.5451948102460736,1.7720884676907598,-0.8139829981929977,0.44674765052253973,0.5714285714285714,0.9917966245536728,False,0.4247242122815404,False
c2,REACTOME_CROSS_PRESENTATION_OF_SOLUBLE_EXOGENOUS_ANTIGENS_ENDOSOMES,7,-1.193104580225978,3.8782121848391324,-0.8139466993864306,0.44676690839234207,0.5714285714285714,0.9917966245536728,False,0.0133720128808458,False
c2,REACTOME_PERK_REGULATES_GENE_EXPRESSION,7,-0.7804925178642883,2.5431723709656024,-0.8119737088963027,0.4478145526326274,0.5714285714285714,0.9917966245536728,False,0.3146055247508146,False
c2,REACTOME_APOPTOTIC_CLEAVAGE_OF_CELLULAR_PROTEINS,7,0.373610369457682,1.227713098133157,0.8051393491875725,0.4514571985306332,0.7142857142857143,0.9917966245536728,False,0.4579751974156291,False
c2,REACTOME_INHIBITION_OF_DNA_RECOMBINATION_AT_TELOMERE,7,0.6648225754044415,2.194085208439748,0.8016804423709972,0.4533088296934652,0.7142857142857143,0.9917966245536728,False,0.8619523110053614,False
c2,REACTOME_TRANSPORT_OF_INORGANIC_CATIONS_ANIONS_AND_AMINO_ACIDS_OLIGOPEPTIDES,7,0.3280008138467084,1.0861074582290553,0.7990080324834344,0.45474314188797,0.5714285714285714,0.9917966245536728,False,0.3723796441002396,False
c2,REACTOME_RAB_GEFS_EXCHANGE_GTP_FOR_GDP_ON_RABS,7,0.5207558096395475,1.7294624432429588,0.7966581590027509,0.45600701658786646,0.5714285714285714,0.9917966245536728,False,0.6259146419973677,False
c2,REACTOME_NOTCH2_ACTIVATION_AND_TRANSMISSION_OF_SIGNAL_TO_THE_NUCLEUS,7,-0.33796864586759245,1.1226837011834123,-0.7964674172791122,0.45610971629828534,0.7142857142857143,0.9917966245536728,False,0.847794121631299,False
c2,REACTOME_ASSEMBLY_AND_CELL_SURFACE_PRESENTATION_OF_NMDA_RECEPTORS,7,-0.5267959899979375,1.7511529602259002,-0.795916297923406,0.45640654407818604,0.7142857142857143,0.9917966245536728,False,0.4175454281627426,False
c2,REACTOME_UBIQUITIN_DEPENDENT_DEGRADATION_OF_CYCLIN_D,7,-1.184834701949591,3.9404946004556707,-0.7955290601630198,0.4566151889548537,0.5714285714285714,0.9917966245536728,False,0.0158917215730774,False
c2,REACTOME_ANTIGEN_PROCESSING_UB_ATP_INDEPENDENT_PROTEASOMAL_DEGRADATION,7,-0.866366745702065,2.8815759678730735,-0.7954643496683155,0.4566500617811411,0.5714285714285714,0.9917966245536728,False,0.0645730844052526,False
c2,REACTOME_NEUREXINS_AND_NEUROLIGINS,7,0.5249475552404379,1.755222186101003,0.7912848262263351,0.45890644074759995,0.5714285714285714,0.9917966245536728,False,0.3505412670706608,False
c2,REACTOME_DARPP_32_EVENTS,7,0.3283068459753401,1.1021819818578924,0.7880897006740674,0.46063670410130575,0.7142857142857143,0.9917966245536728,False,0.1779489145972932,False
c2,REACTOME_CDK_MEDIATED_PHOSPHORYLATION_AND_REMOVAL_OF_CDC6,7,-1.2858460674396486,4.331718906503388,-0.7853761964212617,0.4621097760083142,0.5714285714285714,0.9917966245536728,False,0.0387360508862691,False
c2,REACTOME_MITOCHONDRIAL_BIOGENESIS,7,-0.5018116961010829,1.6982460758626918,-0.7817883236930452,0.4640626178802887,0.5714285714285714,0.9917966245536728,False,0.8320644984616303,False
c2,REACTOME_RAF_INDEPENDENT_MAPK1_3_ACTIVATION,7,-0.3572575261850655,1.2106420948870693,-0.7807547517831853,0.46462625816797515,0.5714285714285714,0.9917966245536728,False,0.7581302039635369,False
c2,REACTOME_DEGRADATION_OF_CRY_AND_PER_PROTEINS,7,-1.0682811615437828,3.631922832937426,-0.7782120969387796,0.46601490111487215,0.5714285714285714,0.9917966245536728,False,0.0265184074318832,False
c2,REACTOME_TELOMERE_MAINTENANCE,7,-0.9580805632411294,3.2592168587228154,-0.7777460096024554,0.46626976575915013,0.5714285714285714,0.9917966245536728,False,0.0567037519454927,False
c2,REACTOME_FORMATION_OF_THE_CANONICAL_BAF_CBAF_COMPLEX,7,-0.29885273465322465,1.0184424975727242,-0.7763717798584365,0.4670217884499407,0.5714285714285714,0.9917966245536728,False,0.5419305142843219,False
c2,REACTOME_KIDNEY_DEVELOPMENT,7,0.2792260034224959,0.9515987476899763,0.7763383111124875,0.46704011424111397,0.5714285714285714,0.9917966245536728,False,0.3629214889643899,False
c2,REACTOME_TRANSLESION_SYNTHESIS_BY_POLH,7,-0.5381910568735366,1.840157289206869,-0.7738032518623039,0.4684296513175545,0.8571428571428571,0.9917966245536728,False,0.5643998461142791,False
c2,REACTOME_REGULATION_OF_RUNX2_EXPRESSION_AND_ACTIVITY,7,-0.9515965109155261,3.2575461012900355,-0.7728786141697894,0.46893719167057785,0.5714285714285714,0.9917966245536728,False,0.0288726918595781,False
c2,REACTOME_G1_S_DNA_DAMAGE_CHECKPOINTS,7,-0.9742148669411098,3.3536482395984604,-0.7685750195961728,0.4713045305844736,0.7142857142857143,0.9917966245536728,False,0.0882781970524992,False
c2,REACTOME_MITOTIC_PROPHASE,7,-0.6950179090576692,2.3932547063413057,-0.768344689443372,0.4714314664936156,0.5714285714285714,0.9917966245536728,False,0.5963723153168583,False
c2,REACTOME_ACTIVATED_TAK1_MEDIATES_P38_MAPK_ACTIVATION,7,-0.3031206354757251,1.0438350563130916,-0.7683032044864397,0.47145433156270466,0.7142857142857143,0.9917966245536728,False,0.6265480743227131,False
c2,REACTOME_MAPK1_MAPK3_SIGNALING,7,-0.41577415161139347,1.4321834794809614,-0.7680824576549903,0.4715760125766107,0.5714285714285714,0.9917966245536728,False,0.888203260271521,False
h,HALLMARK_TGF_BETA_SIGNALING,7,0.44663383960981395,1.540916322674125,0.766869718572889,0.4722448947255703,0.5714285714285714,0.9917966245536728,False,0.6287570434924366,False
c2,REACTOME_TRANSCRIPTIONAL_REGULATION_BY_RUNX2,7,-0.6993689195505296,2.420164408031941,-0.7645580728638743,0.4735217065474427,0.5714285714285714,0.9917966245536728,False,0.0912807041530528,False
c2,REACTOME_GLUTATHIONE_CONJUGATION,7,0.6795493029127949,2.3693124091188795,0.7588355390343738,0.4766928112798112,0.5714285714285714,0.9917966245536728,False,0.7296688905409209,False
c2,REACTOME_REGULATION_OF_TP53_ACTIVITY,7,-0.6468653635835333,2.2631705523158323,-0.7562156029434626,0.47814953631731216,0.5714285714285714,0.9917966245536728,False,0.6125992228808479,False
h,HALLMARK_UNFOLDED_PROTEIN_RESPONSE,7,-0.8962585412730296,3.140233637645013,-0.7551276383384872,0.478755365918863,0.8571428571428571,0.9917966245536728,False,0.3629214889643899,False
c2,REACTOME_ION_HOMEOSTASIS,7,0.4587296021107084,1.6105625524847504,0.7535779621450229,0.4796192140874404,0.5714285714285714,0.9917966245536728,False,0.0627244767755013,False
c2,REACTOME_RHO_GTPASES_ACTIVATE_CIT,6,-0.6213948642980229,1.9941258427970547,-0.7632920218220443,0.4797345257603281,0.6666666666666666,0.9917966245536728,False,0.5135934813342088,False
h,HALLMARK_IL2_STAT5_SIGNALING,7,0.31215698400050546,1.0982062213733872,0.752035213062689,0.48048026946459876,0.5714285714285714,0.9917966245536728,False,0.4168934097717349,False
c2,REACTOME_MEIOTIC_RECOMBINATION,7,-0.6727886178126524,2.377731857610599,-0.7486257804679146,0.4823869574330315,0.5714285714285714,0.9917966245536728,False,0.1256426487223389,False
c2,REACTOME_DNA_DAMAGE_BYPASS,7,-0.6897935814073277,2.4427081435748677,-0.7471307111219121,0.48322469897401576,0.7142857142857143,0.9917966245536728,False,0.5470886479381056,False
c2,REACTOME_OPIOID_SIGNALLING,7,0.4600499782777837,1.630960372183698,0.7462951607794122,0.48369332348679883,0.5714285714285714,0.9917966245536728,False,0.1382744399283096,False
c2,REACTOME_TRANSLESION_SYNTHESIS_BY_POLK,7,-0.5381354270933592,1.916086836241028,-0.7430626236938771,0.4855092538270672,0.5714285714285714,0.9917966245536728,False,0.7500516413223333,False
c2,REACTOME_ACTIVATION_OF_ANTERIOR_HOX_GENES_IN_HINDBRAIN_DEVELOPMENT_DURING_EARLY_EMBRYOGENESIS,7,0.4014748343532311,1.429821030411024,0.7428919751195393,0.48560524814669837,0.7142857142857143,0.9917966245536728,False,0.7182877202190516,False
c2,REACTOME_SCF_SKP2_MEDIATED_DEGRADATION_OF_P27_P21,7,-1.097233875778796,3.908821504701937,-0.742681128287437,0.48572387300337594,0.7142857142857143,0.9917966245536728,False,0.0360170875585472,False
c2,REACTOME_TRANSCRIPTION_COUPLED_NUCLEOTIDE_EXCISION_REPAIR_TC_NER,7,-0.7578142673190121,2.7018446071512288,-0.7420812011156881,0.48606150752124955,0.5714285714285714,0.9917966245536728,False,0.2054736225801977,False
c2,REACTOME_CYCLIN_A_CDK2_ASSOCIATED_EVENTS_AT_S_PHASE_ENTRY,7,-1.0098533651438064,3.6006935473125012,-0.7420295089556893,0.48609060700010503,0.7142857142857143,0.9917966245536728,False,0.137795601162207,False
c2,REACTOME_DEGRADATION_OF_DVL,7,-1.0860394128374644,3.8795362364172785,-0.7406530124425628,0.4868659278397654,0.5714285714285714,0.9917966245536728,False,0.0350866146987343,False
c2,REACTOME_INTEGRIN_CELL_SURFACE_INTERACTIONS,7,0.9469576636468542,3.3924984092322754,0.738516036823523,0.48807126846789134,0.5714285714285714,0.9917966245536728,False,0.0268646491569513,False
c2,REACTOME_INTERLEUKIN_12_SIGNALING,7,-0.4987164230178034,1.7883299481851236,-0.7378278440104762,0.48845987053635526,0.7142857142857143,0.9917966245536728,False,0.5973557203514126,False
c2,REACTOME_SIGNALING_BY_NOTCH1,7,-0.3827644517599015,1.373497828847891,-0.7373142707638243,0.4887500076769822,0.7142857142857143,0.9917966245536728,False,0.8909944624726395,False
c2,REACTOME_RAF_ACTIVATION,7,-0.42251802116511045,1.51760058509492,-0.7366085776621445,0.4891488723933006,0.7142857142857143,0.9917966245536728,False,0.9733900853042516,False
c2,REACTOME_SUMOYLATION_OF_UBIQUITINYLATION_PROTEINS,7,-0.6777833912777474,2.4381209014020455,-0.7355034342471267,0.48977395619892516,0.5714285714285714,0.9917966245536728,False,0.8750128573052639,False
c2,REACTOME_JNK_C_JUN_KINASES_PHOSPHORYLATION_AND_ACTIVATION_MEDIATED_BY_ACTIVATED_HUMAN_TAK1,7,-0.3429292991630471,1.2347621733059004,-0.734801942007918,0.4901710117834556,0.5714285714285714,0.9917966245536728,False,0.8833865702003622,False
c2,REACTOME_PROTEIN_HYDROXYLATION,7,-0.4577365059762059,1.6502821671282493,-0.7338484199439065,0.4907110715369552,0.5714285714285714,0.9917966245536728,False,0.5767989069449465,False
c2,REACTOME_TERMINATION_OF_TRANSLESION_DNA_SYNTHESIS,7,-0.6763845294314691,2.4431321477880235,-0.732479926289433,0.491486871828698,0.5714285714285714,0.9917966245536728,False,0.6794350324671311,False
c2,REACTOME_OTHER_SEMAPHORIN_INTERACTIONS,4,-0.7406241852850303,1.9022716137811915,-0.7786734343502857,0.4929478504562661,0.5,0.9917966245536728,False,0.9742508514173538,False
c2,REACTOME_G0_AND_EARLY_G1,7,-0.6882447247400505,2.500357222192086,-0.7282656920589354,0.4938811571023954,0.7142857142857143,0.9917966245536728,False,0.7681923908994184,False
c2,REACTOME_FCERI_MEDIATED_MAPK_ACTIVATION,7,-0.43597487220401393,1.5859972082153628,-0.7272907441135644,0.49443619059929333,0.5714285714285714,0.9917966245536728,False,0.8909944624726395,False
c2,REACTOME_TRANSCRIPTIONAL_ACTIVATION_OF_MITOCHONDRIAL_BIOGENESIS,7,-0.5138153319441545,1.8701940958607486,-0.7268911773088794,0.4946637841474752,0.5714285714285714,0.9917966245536728,False,0.4844133082116416,False
c2,REACTOME_PLASMA_LIPOPROTEIN_ASSEMBLY_REMODELING_AND_CLEARANCE,7,0.46552410354396223,1.7041205177965622,0.7227546376098747,0.49702412400347334,0.5714285714285714,0.9917966245536728,False,0.9964364928078128,False
c2,REACTOME_MAPK_TARGETS_NUCLEAR_EVENTS_MEDIATED_BY_MAP_KINASES,7,0.2919441006515452,1.0720441835159726,0.7205034073531636,0.49831188079701466,0.5714285714285714,0.9917966245536728,False,0.4337231839440687,False
c2,REACTOME_PCP_CE_PATHWAY,7,-0.9293173466552895,3.4390846854502146,-0.7149409837770313,0.501503339564703,0.5714285714285714,0.9917966245536728,False,0.0567037519454927,False
c2,REACTOME_CLEC7A_DECTIN_1_SIGNALING,7,-0.6776924140199763,2.5204261829918146,-0.7113898454917387,0.5035479701453174,0.5714285714285714,0.9917966245536728,False,0.2384295154770759,False
c2,REACTOME_FCERI_MEDIATED_NF_KB_ACTIVATION,7,-0.8198734627246772,3.0548286547565526,-0.7100828013817843,0.5043019253792533,0.5714285714285714,0.9917966245536728,False,0.1329314590729697,False
c2,REACTOME_REGULATION_OF_MITF_M_DEPENDENT_GENES_INVOLVED_IN_LYSOSOME_BIOGENESIS_AND_AUTOPHAGY,7,0.5210374702883335,1.9423579894301055,0.7097227069524928,0.5045097746287694,0.7142857142857143,0.9917966245536728,False,0.8613470832003103,False
c2,REACTOME_REGULATION_OF_APOPTOSIS,7,-1.0649877500089884,3.98421961519721,-0.7072132081038761,0.505959863802784,0.5714285714285714,0.9917966245536728,False,0.0490973846919679,False
c2,REACTOME_NUCLEOTIDE_CATABOLISM,7,0.2565619189875849,0.964123877934276,0.7040579007181519,0.5077870635108624,0.7142857142857143,0.9917966245536728,False,0.864465883953461,False
c2,REACTOME_CARGO_TRAFFICKING_TO_THE_PERICILIARY_MEMBRANE,7,0.19214565296589262,0.7225960433135153,0.7035322403907822,0.5080918926890797,0.5714285714285714,0.9917966245536728,False,0.8320644984616303,False
c2,REACTOME_SARS_COV_2_INFECTION,7,-0.36907674895558823,1.3879980600364377,-0.7035206464244408,0.5080986173724926,0.7142857142857143,0.9917966245536728,False,0.7770610680322514,False
c2,REACTOME_REGULATION_OF_TP53_EXPRESSION_AND_DEGRADATION,7,-0.24623013434555588,0.9268737728711564,-0.7028612955034212,0.5084811485788812,0.7142857142857143,0.9917966245536728,False,0.8320644984616303,False
c2,REACTOME_DUAL_INCISION_IN_TC_NER,7,-0.6654694559369105,2.5084095408348706,-0.7019055927097616,0.5090359515578131,0.5714285714285714,0.9917966245536728,False,0.3699619309022635,False
c2,REACTOME_PRE_NOTCH_EXPRESSION_AND_PROCESSING,7,0.6461507483614214,2.4413428122241396,0.7002515914858919,0.5099970779367932,0.5714285714285714,0.9917966245536728,False,0.379665681313706,False
c2,REACTOME_GAMMA_CARBOXYLATION_HYPUSINYLATION_HYDROXYLATION_AND_ARYLSULFATASE_ACTIVATION,7,-0.42428370840778484,1.6042284617059157,-0.6997439607757232,0.5102922989046892,0.5714285714285714,0.9917966245536728,False,0.5865278952646038,False
c2,REACTOME_APC_C_CDH1_MEDIATED_DEGRADATION_OF_CDC20_AND_OTHER_APC_C_CDH1_TARGETED_PROTEINS_IN_LATE_MITOSIS_EARLY_G1,7,-1.195716824041977,4.527946978444236,-0.6986763250390411,0.510913569138516,0.5714285714285714,0.9917966245536728,False,0.0614794666271587,False
c2,REACTOME_STABILIZATION_OF_P53,7,-0.9356338265649138,3.548390883683385,-0.6976273202294079,0.5115244849798711,0.5714285714285714,0.9917966245536728,False,0.1050935861887657,False
c2,REACTOME_DEPOSITION_OF_NEW_CENPA_CONTAINING_NUCLEOSOMES_AT_THE_CENTROMERE,7,-0.8937170190863342,3.390535905887602,-0.6973980045049528,0.5116580973833256,0.7142857142857143,0.9917966245536728,False,0.215161520213284,False
c2,REACTOME_SIGNALING_BY_HIPPO,7,0.45748244097346064,1.7395671666184869,0.6957965126160708,0.5125918605776145,0.7142857142857143,0.9917966245536728,False,0.1179985138832931,False
c2,REACTOME_LAMININ_INTERACTIONS,7,0.7659019875200104,2.9195994643475545,0.6940630769299314,0.513603821352552,0.5714285714285714,0.9917966245536728,False,0.0536202207306244,False
c2,REACTOME_DISASSEMBLY_OF_THE_DESTRUCTION_COMPLEX_AND_RECRUITMENT_OF_AXIN_TO_THE_MEMBRANE,7,0.3224925033628921,1.2298926764599454,0.6937474951365493,0.5137881961505517,0.5714285714285714,0.9917966245536728,False,0.7254679094186088,False
c2,REACTOME_NEGATIVE_REGULATION_OF_NOTCH4_SIGNALING,7,-1.1133521024999482,4.25198755979439,-0.6927707909399897,0.5143590998806801,0.5714285714285714,0.9917966245536728,False,0.0207869419200942,False
c2,REACTOME_DISORDERS_OF_TRANSMEMBRANE_TRANSPORTERS,7,-0.5748282445367162,2.197351321854376,-0.6921299140897071,0.5147339324412534,0.7142857142857143,0.9917966245536728,False,0.8740073250765058,False
c2,REACTOME_FORMATION_OF_THE_EARLY_ELONGATION_COMPLEX,7,-0.4873858271659795,1.8650807475094306,-0.6913918836708006,0.5151658102460286,0.5714285714285714,0.9917966245536728,False,0.2500516117154522,False
c2,REACTOME_FORMATION_OF_THE_BETA_CATENIN_TCF_TRANSACTIVATING_COMPLEX,7,0.4649908970714593,1.78530404259337,0.6890984651403278,0.5165093838669423,0.7142857142857143,0.9917966245536728,False,0.7775171530696783,False
c2,REACTOME_SCF_BETA_TRCP_MEDIATED_DEGRADATION_OF_EMI1,7,-1.084974342784643,4.167456603713262,-0.6888067622194772,0.5166804395166124,0.5714285714285714,0.9917966245536728,False,0.0213671938698968,False
c2,REACTOME_PLATELET_SENSITIZATION_BY_LDL,4,-0.49522172662415276,1.3515504892178405,-0.7328201655429742,0.5167350659294767,0.5,0.9917966245536728,False,0.8750128573052639,False
c2,REACTOME_FOXO_MEDIATED_TRANSCRIPTION_OF_CELL_CYCLE_GENES,6,0.40495467117101674,1.423058556835477,0.6970425135079102,0.5168470763587125,0.6666666666666666,0.9917966245536728,False,0.4175454281627426,False
c2,REACTOME_AZATHIOPRINE_ADME,5,-0.2982696037509825,0.9402715543165407,-0.709317544008776,0.5172844346158509,0.6,0.9917966245536728,False,0.1855780249682202,False
c2,REACTOME_TCR_SIGNALING,7,-0.6891368776243244,2.66224432388559,-0.6848675687347884,0.518994034181615,0.5714285714285714,0.9917966245536728,False,0.1794905610698353,False
c2,REACTOME_AGGREPHAGY,7,-0.6628210291335159,2.5662491958268214,-0.6833551510441558,0.519884115639511,0.5714285714285714,0.9917966245536728,False,0.1862014660951702,False
c2,REACTOME_PROCESSING_OF_INTRONLESS_PRE_MRNAS,7,-0.3490889029758207,1.3534247535914603,-0.6824187456860806,0.5204357042678108,0.8571428571428571,0.9917966245536728,False,0.6175564553537409,False
c2,REACTOME_ACTIVATION_OF_NMDA_RECEPTORS_AND_POSTSYNAPTIC_EVENTS,7,-0.5313757428653721,2.060549649420438,-0.6822878879668866,0.5205128162792322,0.5714285714285714,0.9917966245536728,False,0.9742508514173538,False
c2,REACTOME_RUNX2_REGULATES_BONE_DEVELOPMENT,7,0.35998423906660787,1.4012180547761832,0.6797148875056411,0.5220305510449244,0.5714285714285714,0.9917966245536728,False,0.6768547365621034,False
c2,REACTOME_INTERLEUKIN_2_FAMILY_SIGNALING,7,0.5578662897987613,2.1760240715492003,0.6782900460209543,0.5228722601648069,0.5714285714285714,0.9917966245536728,False,0.1654386614647458,False
c2,REACTOME_CONSTITUTIVE_SIGNALING_BY_AKT1_E17K_IN_CANCER,7,0.3103111637844764,1.217175429624661,0.6745175333303679,0.5251050866784274,0.5714285714285714,0.9917966245536728,False,0.7292954967977358,False
c2,REACTOME_INTERLEUKIN_12_FAMILY_SIGNALING,7,-0.41351059170553806,1.6236328010249563,-0.6738261197072266,0.5255149811229402,0.5714285714285714,0.9917966245536728,False,0.6684026236114627,False
c2,REACTOME_ATP_DEPENDENT_CHROMATIN_REMODELERS,7,-0.292040061914799,1.146704621384756,-0.6738137810601965,0.5255222977909797,0.7142857142857143,0.9917966245536728,False,0.6605486391726727,False
c2,REACTOME_PHOSPHOLIPID_METABOLISM,7,0.6031161067692589,2.3738899068073698,0.6721858606977184,0.5264882132412902,0.8571428571428571,0.9917966245536728,False,0.4172724277799903,False
c2,REACTOME_EPIGENETIC_REGULATION_OF_GENE_EXPRESSION,7,-0.852403746767166,3.361690501900884,-0.6708673297825477,0.527271395680697,0.7142857142857143,0.9917966245536728,False,0.2384295154770759,False
c2,REACTOME_GLUCAGON_TYPE_LIGAND_RECEPTORS,4,0.5857356948427801,1.6469886463958496,0.7112807925234478,0.528227285254931,0.75,0.9917966245536728,False,0.5146843128424073,False
c2,REACTOME_DOWNSTREAM_SIGNALING_EVENTS_OF_B_CELL_RECEPTOR_BCR,7,-0.8626037692133417,3.4105808676548675,-0.6691631548659723,0.5282847576635313,0.5714285714285714,0.9917966245536728,False,0.2433724231783236,False
c2,REACTOME_ANTIGEN_PROCESSING_UBIQUITINATION_PROTEASOME_DEGRADATION,7,0.3847159084894766,1.522718370844928,0.6684510010269626,0.528708601212729,0.7142857142857143,0.9917966245536728,False,0.6794350324671311,False
c2,REACTOME_CELL_SURFACE_INTERACTIONS_AT_THE_VASCULAR_WALL,7,0.48729350764492935,1.9298021969391186,0.6680775049223909,0.5289309777493704,0.5714285714285714,0.9917966245536728,False,0.2663792012616821,False
c2,REACTOME_DEADENYLATION_OF_MRNA,7,-0.31565989115368814,1.2550384717522631,-0.6654438008616131,0.5305007736513808,0.5714285714285714,0.9917966245536728,False,0.9391033372952652,False
c2,REACTOME_ACTIVATION_OF_NF_KAPPAB_IN_B_CELLS,7,-0.8910928557567531,3.548285422758951,-0.6644364278805881,0.531102000678143,0.5714285714285714,0.9917966245536728,False,0.0604409603796856,False
c2,REACTOME_INTERLEUKIN_10_SIGNALING,6,0.5778451230011765,2.1074655236420536,0.6716246058737763,0.5315990343356234,0.8333333333333334,0.9917966245536728,False,0.4228326856257774,False
h,HALLMARK_INFLAMMATORY_RESPONSE,7,0.6849187250412927,2.745623747218917,0.6600047135322951,0.5337521580516701,0.5714285714285714,0.9917966245536728,False,0.1717540282205579,False
c2,REACTOME_ENDOSOMAL_SORTING_COMPLEX_REQUIRED_FOR_TRANSPORT_ESCRT,7,-0.3807932785873826,1.530007409534042,-0.658483292165217,0.5346639136699816,0.5714285714285714,0.9917966245536728,False,0.2808053117953652,False
c2,REACTOME_RNA_POLYMERASE_III_TRANSCRIPTION_TERMINATION,7,-0.32283358977698956,1.2995452890821895,-0.6572586585354,0.5353985330594677,0.5714285714285714,0.9917966245536728,False,0.3023945008654996,False
c2,REACTOME_VASOPRESSIN_REGULATES_RENAL_WATER_HOMEOSTASIS_VIA_AQUAPORINS,7,0.3952240023727707,1.5911061035084104,0.6571933952966736,0.5354377005069502,0.7142857142857143,0.9917966245536728,False,0.2925846049951618,False
c2,REACTOME_INTRA_GOLGI_AND_RETROGRADE_GOLGI_TO_ER_TRAFFIC,7,0.7354249504152846,2.963268923675404,0.6566233362098957,0.5357798967009797,0.8571428571428571,0.9917966245536728,False,0.1835738448175049,False
c2,REACTOME_AUF1_HNRNP_D0_BINDS_AND_DESTABILIZES_MRNA,7,-1.0265214674227696,4.14235073350378,-0.6556471658237633,0.5363661980071917,0.5714285714285714,0.9917966245536728,False,0.0419965680149518,False
c2,REACTOME_UB_SPECIFIC_PROCESSING_PROTEASES,7,-0.357427185770526,1.4457369246905525,-0.6541047885077068,0.5372934038141651,0.8571428571428571,0.9917966245536728,False,0.5268081815528676,False
c2,REACTOME_SENSORY_PERCEPTION,5,0.40930513737418545,1.3612790933951282,0.6723339211990016,0.5382105054144606,0.6,0.9917966245536728,False,0.4586656976502535,False
c2,REACTOME_RECYCLING_PATHWAY_OF_L1,7,-0.572695819369119,2.328107752648582,-0.6508335850062226,0.5392632719117216,0.5714285714285714,0.9917966245536728,False,0.1569142843052566,False
c2,REACTOME_TNFR2_NON_CANONICAL_NF_KB_PATHWAY,7,-0.8371408987355615,3.41377417985496,-0.6488029124613931,0.5404884138462216,0.5714285714285714,0.9917966245536728,False,0.0396399922630017,False
c2,REACTOME_INHIBITION_OF_THE_PROTEOLYTIC_ACTIVITY_OF_APC_C_REQUIRED_FOR_THE_ONSET_OF_ANAPHASE_BY_MITOTIC_SPINDLE_CHECKPOINT_COMPONENTS,7,-0.6158432757686868,2.511880219130197,-0.6486647499614953,0.5405718338199658,0.5714285714285714,0.9917966245536728,False,0.7296688905409209,False
c2,REACTOME_MAPK6_MAPK4_SIGNALING,7,-0.6446135862619821,2.634491580288435,-0.64736864362875,0.5413547957574829,0.7142857142857143,0.9917966245536728,False,0.6216057946887397,False
c2,REACTOME_MITOCHONDRIAL_PROTEIN_IMPORT,7,-0.8459432306005716,3.4615276774432924,-0.6465802443332749,0.5418314087250471,0.5714285714285714,0.9917966245536728,False,0.014197071852043,False
c2,REACTOME_G_PROTEIN_BETA_GAMMA_SIGNALLING,7,0.2936509717179723,1.206497859749845,0.6439526080711856,0.5434218132699271,0.7142857142857143,0.9917966245536728,False,0.2384295154770759,False
c2,REACTOME_IRON_UPTAKE_AND_TRANSPORT,7,0.6161619644287882,2.5369126680278367,0.6425965488527855,0.5442437326093923,0.5714285714285714,0.9917966245536728,False,0.6205998281565421,False
c2,REACTOME_NUCLEAR_EVENTS_KINASE_AND_TRANSCRIPTION_FACTOR_ACTIVATION,7,0.4516298303546498,1.8599944621534015,0.642421383552563,0.5443499588847645,0.5714285714285714,0.9917966245536728,False,0.1274511517470967,False
c2,REACTOME_METABOLISM_OF_POLYAMINES,7,-0.9386240013634677,3.8695285683760012,-0.641774737754767,0.5447422201769656,0.5714285714285714,0.9917966245536728,False,0.0311927362488347,False
c2,REACTOME_MET_ACTIVATES_PTK2_SIGNALING,7,0.7454313605154678,3.080960467678749,0.6401334973565469,0.5457386096739758,0.7142857142857143,0.9917966245536728,False,0.0809672779453866,False
h,HALLMARK_ESTROGEN_RESPONSE_LATE,7,-0.29156770316086716,1.2087875193312607,-0.6381730623167974,0.5469302798619007,0.5714285714285714,0.9917966245536728,False,0.7130894291359946,False
c2,REACTOME_NEDDYLATION,7,0.5867798610968157,2.4327762916292675,0.6381489297412887,0.5469449592509795,0.5714285714285714,0.9917966245536728,False,0.9222864533380768,False
c2,REACTOME_INTERFERON_GAMMA_SIGNALING,7,0.33019632743287497,1.3710837778135005,0.6371728557735691,0.5475388935476003,0.5714285714285714,0.9917966245536728,False,0.734342031969274,False
c2,REACTOME_COPI_MEDIATED_ANTEROGRADE_TRANSPORT,7,0.9965698001463185,4.143186578770631,0.6363883945788547,0.5480165254589344,0.7142857142857143,0.9917966245536728,False,0.3515891347786149,False
c2,REACTOME_FBXL7_DOWN_REGULATES_AURKA_DURING_MITOTIC_ENTRY_AND_IN_EARLY_MITOSIS,7,-1.01828723289366,4.243162449278267,-0.6349355730952486,0.5489017876664919,0.5714285714285714,0.9917966245536728,False,0.0449571582674427,False
c2,REACTOME_VIF_MEDIATED_DEGRADATION_OF_APOBEC3G,7,-1.025518130941478,4.284122714118158,-0.6333305837663011,0.5498808101918528,0.5714285714285714,0.9917966245536728,False,0.042873201909559,False
c2,REACTOME_AQUAPORIN_MEDIATED_TRANSPORT,7,0.40663156584651433,1.7001575972053076,0.6327919248351572,0.5502096292098091,0.7142857142857143,0.9917966245536728,False,0.2319304344359063,False
c2,REACTOME_INTERLEUKIN_RECEPTOR_SHC_SIGNALING,5,-0.4447674956723818,1.5314896624646008,-0.6493875726887428,0.5514924692193356,0.6,0.9917966245536728,False,0.7247622825055736,False
c2,REACTOME_HIV_TRANSCRIPTION_INITIATION,7,-0.4563984867921637,1.9244574123313922,-0.6274583615417142,0.5534720598769122,0.5714285714285714,0.9917966245536728,False,0.1835738448175049,False
c2,REACTOME_TRANSCRIPTIONAL_REGULATION_BY_VENTX,7,0.197361031697056,0.8344688609606511,0.6257491834559523,0.554520064694947,0.7142857142857143,0.9917966245536728,False,0.2853180207336793,False
c2,REACTOME_TRANSCRIPTIONAL_REGULATION_BY_RUNX1,7,-0.20010959018418298,0.847023115976652,-0.6250599311872781,0.5549430363244892,0.5714285714285714,0.9917966245536728,False,0.7379876897832899,False
h,HALLMARK_UV_RESPONSE_DN,7,0.7863617629568589,3.3422346572109416,0.6224929960634007,0.556520036176589,0.5714285714285714,0.9917966245536728,False,0.0191517123850623,False
c2,REACTOME_METABOLISM_OF_NITRIC_OXIDE_NOS3_ACTIVATION_AND_REGULATION,7,0.3522670219513655,1.4980269835477553,0.6221589767130739,0.5567254447256498,0.5714285714285714,0.9917966245536728,False,0.5894897742444513,False
c2,REACTOME_HDMS_DEMETHYLATE_HISTONES,7,0.6452686121378948,2.7449014458641754,0.6219605003032015,0.5568475219459201,0.5714285714285714,0.9917966245536728,False,0.1172001475517161,False
c2,REACTOME_PHOSPHORYLATION_OF_THE_APC_C,7,-0.6013923139666545,2.558392926547547,-0.6219273383031975,0.5568679205637412,0.5714285714285714,0.9917966245536728,False,0.5346083656884972,False
c2,REACTOME_APC_CDC20_MEDIATED_DEGRADATION_OF_NEK2A,7,-0.6510859156636057,2.7798684483875453,-0.6196737172875464,0.5582552483332156,0.5714285714285714,0.9917966245536728,False,0.6044931256275714,False
c2,REACTOME_SIGNALING_BY_NOTCH2,7,-0.3159188919552641,1.3517167741129088,-0.6183564771764051,0.5590671252772565,0.5714285714285714,0.9917966245536728,False,0.8622541826576688,False
c2,REACTOME_SULFUR_AMINO_ACID_METABOLISM,7,-0.32125972374194045,1.3793873119580728,-0.6161962836064729,0.5604001244071803,0.5714285714285714,0.9917966245536728,False,0.5211534405018045,False
c2,REACTOME_SARS_COV_2_MODULATES_HOST_TRANSLATION_MACHINERY,7,-1.1360901561709487,4.88876209945203,-0.6148411313599771,0.5612373482101045,0.5714285714285714,0.9917966245536728,False,0.1104839046743843,False
c2,REACTOME_SIGNALING_BY_FLT3_ITD_AND_TKD_MUTANTS,4,0.6096232592871194,1.8717302737166204,0.6514007577348361,0.5612374054038101,0.5,0.9917966245536728,False,0.932452989225062,False
c2,REACTOME_REGULATION_OF_RUNX3_EXPRESSION_AND_ACTIVITY,7,-0.8265378858824579,3.5616870280190187,-0.6139825532156192,0.5617681810153468,0.5714285714285714,0.9917966245536728,False,0.1382744399283096,False
c2,REACTOME_DISEASES_OF_PROGRAMMED_CELL_DEATH,7,0.39120339589656444,1.692926145589921,0.6113833732691201,0.5633770472760413,0.5714285714285714,0.9917966245536728,False,0.6638875769224457,False
c2,REACTOME_GLUCAGON_SIGNALING_IN_METABOLIC_REGULATION,7,0.3882991591732097,1.6812651641461271,0.6110535276507436,0.5635814194620391,0.7142857142857143,0.9917966245536728,False,0.4397040773493174,False
c2,REACTOME_DEGRADATION_OF_GLI1_BY_THE_PROTEASOME,7,-0.8422697755283698,3.6480416945265,-0.6108582492951754,0.563702435160857,0.5714285714285714,0.9917966245536728,False,0.0710162907761399,False
c2,REACTOME_TRAF6_MEDIATED_IRF7_ACTIVATION,4,0.5729099136843363,1.7712462001832716,0.6469003728844213,0.5637809229648257,0.75,0.9917966245536728,False,0.8881835981052857,False
c2,REACTOME_SIGNALING_BY_THE_B_CELL_RECEPTOR_BCR,7,-0.6527698324814555,2.830348141958358,-0.6101958322753335,0.5641130588700081,0.5714285714285714,0.9917966245536728,False,0.5774358167446121,False
c2,REACTOME_DOWNSTREAM_TCR_SIGNALING,7,-0.646265351801662,2.809202671464494,-0.6086628847371425,0.5650640123143479,0.5714285714285714,0.9917966245536728,False,0.1771278625109696,False
c2,REACTOME_ACTIVATION_OF_MATRIX_METALLOPROTEINASES,4,-0.5412136107558281,1.679762779562874,-0.6443929075469437,0.5652018528207549,0.75,0.9917966245536728,False,0.6216057946887397,False
c2,REACTOME_ZBP1_DAI_MEDIATED_INDUCTION_OF_TYPE_I_IFNS,7,0.329772079076919,1.4500156830808246,0.6017141198890198,0.5693868459008861,0.7142857142857143,0.9917966245536728,False,0.6623750569434962,False
c2,REACTOME_NON_INTEGRIN_MEMBRANE_ECM_INTERACTIONS,7,0.6597232099290311,2.9067498230138944,0.6004863348713209,0.5701527274966602,0.7142857142857143,0.9917966245536728,False,0.0514955604796461,False
c2,REACTOME_NUCLEOTIDE_SALVAGE,7,0.3882876810203066,1.7158012168766348,0.5987363984971278,0.5712453968800665,0.7142857142857143,0.9917966245536728,False,0.6620685900357328,False
c2,REACTOME_NOTCH3_INTRACELLULAR_DOMAIN_REGULATES_TRANSCRIPTION,6,0.43809938990420444,1.7738566717298727,0.6049643012270015,0.5716059846584518,0.5,0.9917966245536728,False,0.2237104991650686,False
c2,REACTOME_DECTIN_1_MEDIATED_NONCANONICAL_NF_KB_SIGNALING,7,-0.8959228193763147,3.9667071663922417,-0.597570951054968,0.5719738080521509,0.5714285714285714,0.9917966245536728,False,0.031235684207462,False
c2,REACTOME_RHO_GTPASES_ACTIVATE_NADPH_OXIDASES,5,-0.45715850178072753,1.666359896824274,-0.6134554056550638,0.5727432939318824,0.6,0.9917966245536728,False,0.2808053117953652,False
c2,REACTOME_CARDIAC_CONDUCTION,7,0.4245012128974566,1.8835575728353104,0.5962783706586258,0.5727823315815138,0.5714285714285714,0.9917966245536728,False,0.0605835833019868,False
c2,REACTOME_RNA_POLYMERASE_II_TRANSCRIBES_SNRNA_GENES,7,-0.3432104615577855,1.5275113302600847,-0.5944633670789097,0.5739187955016911,0.5714285714285714,0.9917966245536728,False,0.2704744780155167,False
c2,REACTOME_TIE2_SIGNALING,6,0.43478694460359574,1.7750399182211694,0.5999899777858665,0.5746664639119602,0.6666666666666666,0.9917966245536728,False,0.0879023500346387,False
c2,REACTOME_SYNTHESIS_OF_GLYCOSYLPHOSPHATIDYLINOSITOL_GPI,7,0.1550741940100267,0.6919659304623099,0.5929305678968834,0.5748796101666673,0.7142857142857143,0.9917966245536728,False,0.932452989225062,False
c2,REACTOME_RHOB_GTPASE_CYCLE,7,-0.6664074940286409,2.9741828976852753,-0.5928177794317071,0.574950348154613,0.8571428571428571,0.9917966245536728,False,0.8909944624726395,False
c2,REACTOME_MTOR_SIGNALLING,7,0.3178483222815322,1.4186844518851438,0.5927657938864387,0.5749829538898108,0.5714285714285714,0.9917966245536728,False,0.6569133342925622,False
c2,REACTOME_REGULATION_OF_ORNITHINE_DECARBOXYLASE_ODC,7,-0.9014252066414039,4.026447683969463,-0.592320355183895,0.5752623818727077,0.5714285714285714,0.9917966245536728,False,0.0497712108936168,False
c2,REACTOME_TOLL_LIKE_RECEPTOR_TLR1_TLR2_CASCADE,7,0.24391026737591917,1.0915682477638473,0.5911915365932892,0.5759708645096292,0.8571428571428571,0.9917966245536728,False,0.888203260271521,False
c2,REACTOME_SARS_COV_1_ACTIVATES_MODULATES_INNATE_IMMUNE_RESPONSES,7,-0.2876120064060049,1.2895860379648403,-0.5900729541299141,0.5766734369901316,0.5714285714285714,0.9917966245536728,False,0.7030283344098497,False
c2,REACTOME_SIGNALING_BY_PDGF,7,0.6572357629058786,2.9517809437984086,0.5890960116942612,0.57728746501925,0.5714285714285714,0.9917966245536728,False,0.0077381713493581,False
c2,REACTOME_ADIPOGENESIS,7,-0.40663184497982907,1.8384504520626674,-0.5851921305624197,0.5797450213952271,0.5714285714285714,0.9917966245536728,False,0.7599969133742805,False
c2,REACTOME_APOPTOSIS,7,-0.5479235289074113,2.4914017363014564,-0.5818689831700881,0.5818418857773396,0.5714285714285714,0.9917966245536728,False,0.5643998461142791,False
c2,REACTOME_EXTRACELLULAR_MATRIX_ORGANIZATION,7,1.099004409390083,5.011753129521992,0.5801746977283587,0.582912684764369,0.7142857142857143,0.9917966245536728,False,0.0176427584087851,False
c2,REACTOME_SYNTHESIS_OF_VERY_LONG_CHAIN_FATTY_ACYL_COAS,6,0.2674826752440018,1.1169054973844519,0.5866172840197421,0.5829447511806323,0.5,0.9917966245536728,False,0.134876356654911,False
c2,REACTOME_CELL_EXTRACELLULAR_MATRIX_INTERACTIONS,7,-0.5967812934636775,2.732577975733192,-0.5778187863702936,0.584403568661885,0.5714285714285714,0.9917966245536728,False,0.5470886479381056,False
c2,REACTOME_CYCLIN_D_ASSOCIATED_EVENTS_IN_G1,7,-0.3328580970864112,1.5261424569104556,-0.5770495033259591,0.5848908779837627,0.7142857142857143,0.9917966245536728,False,0.7350577630932191,False
c2,REACTOME_DOWNREGULATION_OF_TGF_BETA_RECEPTOR_SIGNALING,7,0.23294716139459748,1.073859202612861,0.5739302286267428,0.5868692600564785,0.5714285714285714,0.9917966245536728,False,0.5458190216056708,False
c2,REACTOME_INFLUENZA_INFECTION,7,-1.4207610067527736,6.573208260033884,-0.5718638673265194,0.5881819975849759,0.7142857142857143,0.9917966245536728,False,0.1172001475517161,False
c2,REACTOME_HEDGEHOG_ON_STATE,7,-0.46470859163236156,2.1501475847999756,-0.5718227782436984,0.5882081184707479,0.5714285714285714,0.9917966245536728,False,0.4892801085222641,False
h,HALLMARK_WNT_BETA_CATENIN_SIGNALING,7,0.41423769408144606,1.922312594956505,0.5701309584527571,0.5892842204561447,0.5714285714285714,0.9917966245536728,False,0.5827692994504563,False
c2,REACTOME_CELLULAR_RESPONSE_TO_CHEMICAL_STRESS,7,0.627822224930756,2.9481275798154485,0.5634293054678514,0.5935581618256228,0.7142857142857143,0.9917966245536728,False,0.925603633663754,False
c2,REACTOME_SARS_COV_1_HOST_INTERACTIONS,7,-0.7852166943301747,3.692839276573663,-0.5625720327642921,0.5941061778019635,0.7142857142857143,0.9917966245536728,False,0.4844133082116416,False
c2,REACTOME_RHO_GTPASES_ACTIVATE_WASPS_AND_WAVES,7,0.36951405611207505,1.7397501463608895,0.5619440817178799,0.59450778464529,0.7142857142857143,0.9917966245536728,False,0.5586835662193388,False
c2,REACTOME_SENSORY_PROCESSING_OF_SOUND,7,-0.3230226998142959,1.524530878967324,-0.560590633701172,0.5953739180225663,0.5714285714285714,0.9917966245536728,False,0.9064227389874344,False
c2,REACTOME_RHOF_GTPASE_CYCLE,7,-0.5027250674371283,2.375084833883868,-0.5600159991345609,0.595741873469432,0.5714285714285714,0.9917966245536728,False,0.7442480057292453,False
c2,REACTOME_DEGRADATION_OF_BETA_CATENIN_BY_THE_DESTRUCTION_COMPLEX,7,-0.6531872653584753,3.0868777399378664,-0.5598443505986296,0.5958518105578383,0.5714285714285714,0.9917966245536728,False,0.2615627256764885,False
c2,REACTOME_ABC_TRANSPORTER_DISORDERS,7,-0.6794855269792619,3.2113819717129997,-0.5598056349851929,0.5958766086705087,0.5714285714285714,0.9917966245536728,False,0.1612400003831771,False
c2,REACTOME_ION_TRANSPORT_BY_P_TYPE_ATPASES,7,0.36232693202389343,1.7150541598929676,0.5589485031166901,0.5964257711049921,0.5714285714285714,0.9917966245536728,False,0.1695678429845813,False
c2,REACTOME_ABERRANT_REGULATION_OF_MITOTIC_G1_S_TRANSITION_IN_CANCER_DUE_TO_RB1_DEFECTS,5,-0.3554035392685109,1.3840969465679342,-0.5741696600220052,0.5965970698004969,0.6,0.9917966245536728,False,0.7654228329441699,False
c2,REACTOME_NCAM1_INTERACTIONS,7,0.6101830399532107,2.893278857023513,0.5579802907786101,0.5970464535467983,0.5714285714285714,0.9917966245536728,False,0.1363476982830655,False
c2,REACTOME_DEGRADATION_OF_AXIN,7,-0.8294741639310573,3.9385214553990906,-0.5572096995196952,0.5975407148576108,0.5714285714285714,0.9917966245536728,False,0.132775935685855,False
c2,REACTOME_SIGNALING_BY_MET,7,0.592089118247041,2.824403972338009,0.5546375717537454,0.5991921949080453,0.5714285714285714,0.9917966245536728,False,0.0897281027789033,False
c2,REACTOME_INTERLEUKIN_17_SIGNALING,7,0.24452079756407014,1.1732883649050314,0.551391490863427,0.6012801325581401,0.7142857142857143,0.9917966245536728,False,0.5854323770593145,False
c2,REACTOME_RUNX1_REGULATES_TRANSCRIPTION_OF_GENES_INVOLVED_IN_DIFFERENTIATION_OF_HSCS,7,-0.6548850513793821,3.1510838496162843,-0.5498625444367634,0.6022650182837548,0.5714285714285714,0.9917966245536728,False,0.131375369773217,False
c2,REACTOME_ION_CHANNEL_TRANSPORT,7,0.5194274173105716,2.500151279194714,0.5496770462605712,0.602384571355079,0.5714285714285714,0.9917966245536728,False,0.5643998461142791,False
c2,REACTOME_PKMTS_METHYLATE_HISTONE_LYSINES,7,-0.49462950710761405,2.386198795946207,-0.5484315343484499,0.6031876509653609,0.5714285714285714,0.9917966245536728,False,0.9943496934434576,False
c2,REACTOME_G_BETA_GAMMA_SIGNALLING_THROUGH_CDC42,4,0.5492576717584807,1.9000281250052704,0.5781574120193165,0.6037008367349939,0.5,0.9917966245536728,False,0.1172001475517161,False
c2,REACTOME_HEDGEHOG_OFF_STATE,7,-0.6044531426933409,2.9286516944575904,-0.5460644902855918,0.6047155503387185,0.5714285714285714,0.9917966245536728,False,0.0481663384757342,False
c2,REACTOME_PROTEIN_METHYLATION,6,-0.4376539234744083,1.9524332206689599,-0.5490732205796361,0.6065748743338039,0.5,0.9917966245536728,False,0.6794350324671311,False
c2,REACTOME_UNFOLDED_PROTEIN_RESPONSE_UPR,7,0.427564882681422,2.1033355305809196,0.5378268623680388,0.6100499313863329,0.5714285714285714,0.9917966245536728,False,0.6336821407185567,False
c2,REACTOME_SARS_COV_1_INFECTION,7,-0.5569034267065658,2.74878287286617,-0.5360292316609601,0.6112175232991838,0.5714285714285714,0.9917966245536728,False,0.3505412670706608,False
c2,REACTOME_SIGNALING_BY_ROBO_RECEPTORS,7,-1.31332675196834,6.485054788376745,-0.5358067262753514,0.6113621315694132,0.7142857142857143,0.9917966245536728,False,0.1167367778048853,False
c2,REACTOME_DISEASES_OF_MITOTIC_CELL_CYCLE,7,-0.3544690606213025,1.7545766645060972,-0.5345089791984897,0.6122059315104942,0.7142857142857143,0.9917966245536728,False,0.8750128573052639,False
c2,REACTOME_ABC_FAMILY_PROTEINS_MEDIATED_TRANSPORT,7,-0.4819616817139648,2.3866427986700307,-0.5342863841996808,0.6123507291419457,0.7142857142857143,0.9917966245536728,False,0.242136433875458,False
c2,REACTOME_REPRODUCTION,7,-0.5314308638733248,2.640181469165725,-0.532551993586006,0.613479603556365,0.5714285714285714,0.9917966245536728,False,0.4747460871982079,False
c2,REACTOME_SUMOYLATION_OF_TRANSCRIPTION_COFACTORS,7,-0.33910085709130494,1.6987312990918222,-0.5281450560851478,0.616353199295731,0.5714285714285714,0.9917966245536728,False,0.6728758852306883,False
c2,REACTOME_PROGRAMMED_CELL_DEATH,7,-0.48784431234138725,2.4484331118595937,-0.5271594811884922,0.6169968779603408,0.5714285714285714,0.9917966245536728,False,0.4146491401428175,False
c2,REACTOME_DISEASES_OF_GLYCOSYLATION,7,0.4378748634956641,2.208707865501546,0.5245184355391481,0.6187235818973588,0.7142857142857143,0.9917966245536728,False,0.4556499836471931,False
c2,REACTOME_OXIDATIVE_STRESS_INDUCED_SENESCENCE,7,0.3118091429128506,1.5732882644780337,0.5243600090904504,0.6188272453843618,0.7142857142857143,0.9917966245536728,False,0.9672202365164428,False
c2,REACTOME_NUCLEAR_RECEPTOR_TRANSCRIPTION_PATHWAY,7,-0.27480758574457625,1.3925395561255118,-0.5221198400260562,0.6202940871046954,0.5714285714285714,0.9917966245536728,False,0.9751484519444076,False
c2,REACTOME_TOLL_LIKE_RECEPTOR_CASCADES,7,0.34283898554961273,1.740542662818627,0.5211401678790467,0.6209361696762429,0.7142857142857143,0.9917966245536728,False,0.9235039265944038,False
c2,REACTOME_ACTIVATION_OF_THE_MRNA_UPON_BINDING_OF_THE_CAP_BINDING_COMPLEX_AND_EIFS_AND_SUBSEQUENT_BINDING_TO_43S,7,-0.9611564085100742,4.885130908078159,-0.520555308712103,0.621319664120112,0.5714285714285714,0.9917966245536728,False,0.1835738448175049,False
c2,REACTOME_PIWI_INTERACTING_RNA_PIRNA_BIOGENESIS,5,-0.4289807255656137,1.8059773164102015,-0.5311418115198624,0.6234443543997894,0.6,0.9917966245536728,False,0.6912176733844282,False
c2,REACTOME_SHC1_EVENTS_IN_ERBB2_SIGNALING,6,-0.33309388406056206,1.5628832137674606,-0.5220543961332444,0.6239267385299635,0.6666666666666666,0.9917966245536728,False,0.4981991926903203,False
c2,REACTOME_GENE_AND_PROTEIN_EXPRESSION_BY_JAK_STAT_SIGNALING_AFTER_INTERLEUKIN_12_STIMULATION,7,-0.38737878210651916,1.9860790960563732,-0.5160458728315603,0.6242808892340774,0.5714285714285714,0.9917966245536728,False,0.6638875769224457,False
c2,REACTOME_G_PROTEIN_MEDIATED_EVENTS,7,0.3767442120379955,1.9468878760821542,0.5119819714227145,0.6269561481733145,0.5714285714285714,0.9917966245536728,False,0.3505412670706608,False
c2,REACTOME_GLUCAGON_LIKE_PEPTIDE_1_GLP1_REGULATES_INSULIN_SECRETION,7,0.26554413276619476,1.374853309261339,0.5110099620657949,0.6275969444901747,0.7142857142857143,0.9917966245536728,False,0.3363398642632174,False
c2,REACTOME_RND1_GTPASE_CYCLE,7,-0.34660444644696753,1.8000881089921985,-0.5094357126336949,0.6286355219396038,0.7142857142857143,0.9917966245536728,False,0.9329584869419532,False
c2,REACTOME_MAP3K8_TPL2_DEPENDENT_MAPK1_3_ACTIVATION,6,-0.23648916500775227,1.1297274750550297,-0.5127588703971555,0.6299617942724005,0.5,0.9917966245536728,False,0.9751484519444076,False
c2,REACTOME_REGULATION_OF_PTEN_STABILITY_AND_ACTIVITY,7,-0.5961321141585183,3.1167709324137993,-0.5060421047308478,0.6308775495388615,0.5714285714285714,0.9917966245536728,False,0.33538342043463,False
c2,REACTOME_TRANSCRIPTIONAL_REGULATION_OF_BROWN_AND_BEIGE_ADIPOCYTE_DIFFERENTIATION,7,-0.24815721161001353,1.2976480722968389,-0.5059632746228414,0.6309296809098228,0.5714285714285714,0.9917966245536728,False,0.73049410367822,False
c2,REACTOME_RNA_POLYMERASE_III_TRANSCRIPTION_INITIATION_FROM_TYPE_3_PROMOTER,7,-0.3022194764498928,1.588619513920363,-0.5033285623398439,0.6326733871974188,0.5714285714285714,0.9917966245536728,False,0.1569142843052566,False
c2,REACTOME_RHOQ_GTPASE_CYCLE,7,-0.5444697370369482,2.887332514671173,-0.49891431391460467,0.6356006280705112,0.5714285714285714,0.9917966245536728,False,0.6648748353620798,False
c2,REACTOME_SEMAPHORIN_INTERACTIONS,7,-0.30752613878590834,1.6331797860602586,-0.49819235568803927,0.6360800726278585,0.8571428571428571,0.9917966245536728,False,0.7772269249473754,False
c2,REACTOME_CYTOPROTECTION_BY_HMOX1,7,-0.21145932497662384,1.1241891996015967,-0.4976642601547915,0.6364308974696788,0.8571428571428571,0.9917966245536728,False,0.9458415081719036,False
c2,REACTOME_TRANSCRIPTIONAL_REGULATION_BY_MECP2,7,-0.49853937276588783,2.6605335086695874,-0.49576943677444757,0.6376905179577174,0.5714285714285714,0.9917966245536728,False,0.9733126877931656,False
c2,REACTOME_MODULATION_OF_HOST_RESPONSES_BY_IFN_STIMULATED_GENES,4,0.2947793366018786,1.135013207746594,0.5194289098840017,0.6393516857565047,0.75,0.9917966245536728,False,0.4482736877953584,False
c2,REACTOME_TRANSCRIPTIONAL_REGULATION_BY_SMALL_RNAS,7,-0.4908079089576492,2.6360852528619554,-0.4926076147179798,0.6397953530265669,0.5714285714285714,0.9917966245536728,False,0.4153251082333848,False
c2,REACTOME_INTERLEUKIN_4_AND_INTERLEUKIN_13_SIGNALING,7,0.25807297567797466,1.3865275944563666,0.49245100961589905,0.6398997013015798,0.5714285714285714,0.9917966245536728,False,0.6728758852306883,False
c2,REACTOME_HH_MUTANTS_ABROGATE_LIGAND_SECRETION,7,-0.7223140867427539,3.883553632027338,-0.49209142529658534,0.6401393317503795,0.5714285714285714,0.9917966245536728,False,0.0879023500346387,False
c2,REACTOME_GABA_RECEPTOR_ACTIVATION,7,0.24088302608523854,1.2962870005602112,0.49164774606456696,0.6404350693930324,0.7142857142857143,0.9917966245536728,False,0.7894363173047346,False
c2,REACTOME_TRANSCRIPTIONAL_REGULATION_OF_WHITE_ADIPOCYTE_DIFFERENTIATION,7,-0.29100515183794506,1.566241080157269,-0.49157647041442915,0.640482585446507,0.7142857142857143,0.9917966245536728,False,0.8864667061940658,False
c2,REACTOME_E3_UBIQUITIN_LIGASES_UBIQUITINATE_TARGET_PROTEINS,7,0.3839659495954413,2.0679945192801354,0.49123844627012075,0.6407079553342349,0.7142857142857143,0.9917966245536728,False,0.8909944624726395,False
c2,REACTOME_APC_C_CDC20_MEDIATED_DEGRADATION_OF_CYCLIN_B,7,-0.5198531581576097,2.8038051810575904,-0.4905484104418996,0.6411681512679217,0.5714285714285714,0.9917966245536728,False,0.5419305142843219,False
c2,REACTOME_COPI_DEPENDENT_GOLGI_TO_ER_RETROGRADE_TRAFFIC,7,-0.6705433457540729,3.6245312783271135,-0.4894676855908661,0.641889255096564,0.7142857142857143,0.9917966245536728,False,0.3641515206621897,False
c2,REACTOME_HEMOSTASIS,5,0.6148521119009669,2.741482240346044,0.5014991883173129,0.6423641270366894,0.6,0.9917966245536728,False,0.4146491401428175,False
c2,REACTOME_ADORA2B_MEDIATED_ANTI_INFLAMMATORY_CYTOKINES_PRODUCTION,7,0.3026882014919479,1.6598003441792322,0.4824903843101182,0.6465550717336308,0.7142857142857143,0.9917966245536728,False,0.2859076123931408,False
c2,REACTOME_MICRORNA_MIRNA_BIOGENESIS,7,-0.22779904657601446,1.2491636794731,-0.48248250893107464,0.6465603481247969,0.5714285714285714,0.9917966245536728,False,0.4146491401428175,False
c2,REACTOME_DEFECTIVE_CFTR_CAUSES_CYSTIC_FIBROSIS,7,-0.6774860601631006,3.7233463277265684,-0.48141093364230836,0.6472784980892878,0.5714285714285714,0.9917966245536728,False,0.1689365555588748,False
c2,REACTOME_REGULATION_OF_EXPRESSION_OF_SLITS_AND_ROBOS,7,-1.3985929689320162,7.687138014302688,-0.4813662996960336,0.6473084199701883,0.5714285714285714,0.9917966245536728,False,0.0213671938698968,False
c2,REACTOME_ANTI_INFLAMMATORY_RESPONSE_FAVOURING_LEISHMANIA_PARASITE_INFECTION,7,0.35112924703909576,1.9342136479566203,0.48029888874387955,0.6480242101707266,0.5714285714285714,0.9917966245536728,False,0.1538572871251374,False
c2,REACTOME_GENE_SILENCING_BY_RNA,7,-0.43911152005321846,2.434554839509647,-0.47720423505365217,0.6501017685702116,0.5714285714285714,0.9917966245536728,False,0.408598291233535,False
c2,REACTOME_HEME_SIGNALING,7,-0.5528564668003926,3.072439476203885,-0.47607796124105356,0.6508587363249896,0.5714285714285714,0.9917966245536728,False,0.7130894291359946,False
c2,REACTOME_STIMULI_SENSING_CHANNELS,7,0.3240038844534018,1.8045788388061363,0.4750325580952351,0.6515617594292112,0.5714285714285714,0.9917966245536728,False,0.748331289858917,False
c2,REACTOME_TOLL_LIKE_RECEPTOR_9_TLR9_CASCADE,7,0.22434862724579446,1.2503301336313748,0.4747311599594701,0.651764519592462,0.7142857142857143,0.9917966245536728,False,0.7781286602543322,False
c2,REACTOME_TP53_REGULATES_TRANSCRIPTION_OF_CELL_CYCLE_GENES,7,-0.3225940681997982,1.8020249935169943,-0.4736358718396582,0.652501629527216,0.7142857142857143,0.9917966245536728,False,0.8320644984616303,False
c2,REACTOME_MITOCHONDRIAL_TRANSLATION,7,-0.9826565154573473,5.49067250199611,-0.4735057068423348,0.6525892569275185,0.5714285714285714,0.9917966245536728,False,0.0481663384757342,False
c2,REACTOME_INTERLEUKIN_37_SIGNALING,7,-0.25092426862515776,1.402262900811458,-0.4734370511469428,0.6526354785595315,0.7142857142857143,0.9917966245536728,False,0.9045742412188744,False
c2,REACTOME_CELLULAR_RESPONSE_TO_HYPOXIA,7,-0.5981463251364635,3.345357395053366,-0.47305750538890323,0.6528910337221139,0.5714285714285714,0.9917966245536728,False,0.2635166858676331,False
c2,REACTOME_SIGNALING_BY_FGFR1,7,0.17940781179582438,1.0087292067555402,0.4705608304935943,0.6545733760997731,0.7142857142857143,0.9917966245536728,False,0.1785998470927905,False
c2,REACTOME_HEDGEHOG_LIGAND_BIOGENESIS,7,-0.6880709604406166,3.870428918074244,-0.47035217135495583,0.6547140784218527,0.5714285714285714,0.9917966245536728,False,0.1429690010799749,False
c2,REACTOME_NEPHRIN_FAMILY_INTERACTIONS,7,0.32266003131910564,1.8286971045025486,0.4668231818100283,0.6570960846005182,0.5714285714285714,0.9917966245536728,False,0.4420198432292016,False
c2,REACTOME_INTERLEUKIN_1_SIGNALING,7,-0.37713510062846173,2.14048526991674,-0.46615863279219916,0.6575451389898036,0.5714285714285714,0.9917966245536728,False,0.379665681313706,False
c2,REACTOME_FGFR2_ALTERNATIVE_SPLICING,7,-0.27739637683562707,1.5745041197680225,-0.466128870977841,0.6575652535475973,0.5714285714285714,0.9917966245536728,False,0.3629214889643899,False
c2,REACTOME_RHOG_GTPASE_CYCLE,7,-0.4052033629626394,2.3113550946944077,-0.46382632044165684,0.6591223864266048,0.8571428571428571,0.9917966245536728,False,0.8740073250765058,False
c2,REACTOME_DEVELOPMENTAL_LINEAGE_OF_PANCREATIC_DUCTAL_CELLS,7,0.32321178007491974,1.848790123405911,0.46253924664492013,0.6599936055700322,0.5714285714285714,0.9917966245536728,False,0.3505412670706608,False
c2,REACTOME_NONSENSE_MEDIATED_DECAY_NMD,7,-1.1661886270113517,6.707601414906402,-0.4599923129014596,0.6617193443641419,0.7142857142857143,0.9917966245536728,False,0.1689365555588748,False
c2,REACTOME_REGULATION_OF_ENDOGENOUS_RETROELEMENTS_BY_PIWI_INTERACTING_RNAS_PIRNAS,7,0.18669597597936183,1.0745370237270435,0.4596873930919615,0.6619261034129335,0.5714285714285714,0.9917966245536728,False,0.5503107741708321,False
c2,REACTOME_RHO_GTPASES_ACTIVATE_PAKS,7,-0.43390342283642475,2.4988486631363265,-0.4594117950320444,0.6621130081669706,0.5714285714285714,0.9917966245536728,False,0.5419305142843219,False
c2,REACTOME_KEAP1_NFE2L2_PATHWAY,7,0.42081425188757976,2.426883092838797,0.4587653447055363,0.6625515216935342,0.7142857142857143,0.9917966245536728,False,0.5643998461142791,False
c2,REACTOME_BMAL1_CLOCK_NPAS2_ACTIVATES_CIRCADIAN_EXPRESSION,7,-0.43998570672839066,2.5387859333836587,-0.45852340093709015,0.6627156796942714,0.5714285714285714,0.9917966245536728,False,0.7830930287085892,False
c2,REACTOME_MET_PROMOTES_CELL_MOTILITY,7,0.5091637100223803,2.941263151755899,0.4580074899228274,0.6630657920613837,0.7142857142857143,0.9917966245536728,False,0.0922728110483246,False
c2,REACTOME_COLLAGEN_DEGRADATION,7,0.6373978036992355,3.7052753627627113,0.455133805102555,0.6650176635841972,0.5714285714285714,0.9917966245536728,False,0.2808053117953652,False
c2,REACTOME_NOD1_2_SIGNALING_PATHWAY,7,-0.1747550735573878,1.0172925058878393,-0.4544990376943018,0.6654492008534135,0.5714285714285714,0.9917966245536728,False,0.9410916057020772,False
c2,REACTOME_SIGNALING_BY_RECEPTOR_TYROSINE_KINASES,6,0.6032035826706392,3.233958122664679,0.45688315448696926,0.6669184462291553,0.6666666666666666,0.9917966245536728,False,0.0699488604742759,False
c2,REACTOME_TRANSLATION,7,-1.6152174889905404,9.50563945773768,-0.44957141580543947,0.6688039380595043,0.5714285714285714,0.9917966245536728,False,0.014197071852043,False
c2,REACTOME_TRAF6_MEDIATED_INDUCTION_OF_TAK1_COMPLEX_WITHIN_TLR4_COMPLEX,4,0.10447496632726208,0.4429051517918381,0.47177128513675315,0.669281329218413,0.5,0.9917966245536728,False,0.7137022230852186,False
c2,REACTOME_LDL_CLEARANCE,7,0.31589074967613134,1.866819481590282,0.44769640200928124,0.670082661460779,0.5714285714285714,0.9917966245536728,False,0.7772269249473754,False
c2,REACTOME_VEGFR2_MEDIATED_VASCULAR_PERMEABILITY,7,-0.21932790368045105,1.3032357946850037,-0.4452663831688715,0.6717416909357927,0.5714285714285714,0.9917966245536728,False,0.983224033819154,False
c2,REACTOME_PI3K_AKT_SIGNALING_IN_CANCER,7,0.3007547706363348,1.787396144854613,0.4451852103467176,0.6717971445350985,0.5714285714285714,0.9917966245536728,False,0.4577533806069482,False
c2,REACTOME_SIGNALING_BY_PTK6,7,-0.23569090598581535,1.4009584932947998,-0.4451092066628088,0.671849068864653,0.5714285714285714,0.9917966245536728,False,0.7256660026481898,False
c2,REACTOME_COLLAGEN_CHAIN_TRIMERIZATION,7,0.5582591493582727,3.325938786806927,0.44408961529519414,0.6725458268004423,0.5714285714285714,0.9917966245536728,False,0.1429690010799749,False
c2,REACTOME_APOPTOTIC_EXECUTION_PHASE,7,0.15195085119508395,0.9053561760103436,0.4440508326108561,0.67257233675585,0.5714285714285714,0.9917966245536728,False,0.6044931256275714,False
c2,REACTOME_EPIGENETIC_REGULATION_OF_GENE_EXPRESSION_BY_MLL3_AND_MLL4_COMPLEXES,7,0.3987593314554861,2.3780819818803423,0.44364241100022644,0.6728515451952178,0.7142857142857143,0.9917966245536728,False,0.6868201185475334,False
c2,REACTOME_RND3_GTPASE_CYCLE,7,-0.27813592378556573,1.6650086324594229,-0.44196676861839357,0.6739976590580183,0.5714285714285714,0.9917966245536728,False,0.91238641698154,False
c2,REACTOME_PLASMA_LIPOPROTEIN_REMODELING,4,-0.27238157888928316,1.175300571770761,-0.4635096509463972,0.6745572637410678,0.75,0.9917966245536728,False,,False
c2,REACTOME_MAPK_FAMILY_SIGNALING_CASCADES,7,-0.25516320785501906,1.5332534559541222,-0.44030449701335195,0.6751355754973849,0.5714285714285714,0.9917966245536728,False,0.713526475790533,False
c2,REACTOME_NCAM_SIGNALING_FOR_NEURITE_OUT_GROWTH,7,0.4793636439614574,2.88129629559043,0.4401758303818707,0.6752236941877585,0.5714285714285714,0.9917966245536728,False,0.1794905610698353,False
c2,REACTOME_APOPTOTIC_FACTOR_MEDIATED_RESPONSE,7,0.14649623981256776,0.8842852964980028,0.4383117304846075,0.6765009747533642,0.5714285714285714,0.9917966245536728,False,0.8385497583892557,False
c2,REACTOME_REGULATION_OF_SIGNALING_BY_CBL,7,0.2791869805009476,1.698016731431229,0.43501298074368394,0.6787641670525089,0.5714285714285714,0.9917966245536728,False,0.5346083656884972,False
c2,REACTOME_ERCC6_CSB_AND_EHMT2_G9A_POSITIVELY_REGULATE_RRNA_EXPRESSION,7,0.2702256692796821,1.6469094925537486,0.434116095640084,0.6793801346583275,0.5714285714285714,0.9917966245536728,False,0.932452989225062,False
c2,REACTOME_EPHB_MEDIATED_FORWARD_SIGNALING,7,-0.3340181748306773,2.0388472629063514,-0.43344542774524536,0.6798409169194166,0.5714285714285714,0.9917966245536728,False,0.8420970973494453,False
c2,REACTOME_TRANSCRIPTION_OF_E2F_TARGETS_UNDER_NEGATIVE_CONTROL_BY_DREAM_COMPLEX,7,-0.28444231654678226,1.740809217759958,-0.43230678252857824,0.680623569902152,0.7142857142857143,0.9917966245536728,False,0.9385780669004768,False
c2,REACTOME_COOPERATION_OF_PDCL_PHLP1_AND_TRIC_CCT_IN_G_PROTEIN_BETA_FOLDING,7,-0.2650771507957756,1.6241751298109115,-0.4318057864442481,0.6809680700201902,0.5714285714285714,0.9917966245536728,False,0.8886018025502894,False
c2,REACTOME_CA_DEPENDENT_EVENTS,7,0.3319076482873455,2.039771846983357,0.4305114304363543,0.6818584987486942,0.5714285714285714,0.9917966245536728,False,0.4168934097717349,False
c2,REACTOME_ESTROGEN_DEPENDENT_GENE_EXPRESSION,7,-0.3588190876165433,2.2058802138974625,-0.43037063640872697,0.6819553893402202,0.5714285714285714,0.9917966245536728,False,0.4586656976502535,False
c2,REACTOME_TRANSCRIPTIONAL_REGULATION_BY_TP53,7,-0.4224100104284673,2.605902440398171,-0.42886940875927854,0.682988905887259,0.5714285714285714,0.9917966245536728,False,0.7385241096122671,False
c2,REACTOME_IMMUNOREGULATORY_INTERACTIONS_BETWEEN_A_LYMPHOID_AND_A_NON_LYMPHOID_CELL,7,0.3383410261478807,2.088008858609621,0.42871763202852226,0.6830934381837539,0.5714285714285714,0.9917966245536728,False,0.9672202365164428,False
c2,REACTOME_INTERCONVERSION_OF_NUCLEOTIDE_DI_AND_TRIPHOSPHATES,7,0.3733986846146218,2.3055170569237684,0.4285026026600308,0.6832415472794726,0.5714285714285714,0.9917966245536728,False,0.8740073250765058,False
c2,REACTOME_LATE_ENDOSOMAL_MICROAUTOPHAGY,7,-0.2947453821741243,1.821814901442189,-0.4280473173757104,0.6835551921278012,0.5714285714285714,0.9917966245536728,False,0.4358788531573657,False
c2,REACTOME_GPER1_SIGNALING,7,0.35267153948018926,2.184530153565434,0.42713129248043097,0.6841864489367323,0.5714285714285714,0.9917966245536728,False,0.3146055247508146,False
c2,REACTOME_FORMATION_OF_THE_EMBRYONIC_STEM_CELL_BAF_ESBAF_COMPLEX,7,-0.1141508745758812,0.7113520698935589,-0.4245644862093371,0.6859567911397199,0.7142857142857143,0.9917966245536728,False,0.5632067951298605,False
c2,REACTOME_RHOU_GTPASE_CYCLE,7,0.4732705226101293,2.960340004166537,0.4229771255739624,0.6870526984345632,0.5714285714285714,0.9917966245536728,False,0.4981991926903203,False
c2,REACTOME_RESPONSE_OF_EIF2AK4_GCN2_TO_AMINO_ACID_DEFICIENCY,7,-1.176506172668271,7.390703086421611,-0.42117004463776553,0.6883013146348129,0.7142857142857143,0.9917966245536728,False,0.1680429188664712,False
h,HALLMARK_EPITHELIAL_MESENCHYMAL_TRANSITION,7,0.7524208970068057,4.734952238465677,0.4204305501871815,0.6888125847320428,0.7142857142857143,0.9917966245536728,False,0.0419965680149518,False
c2,REACTOME_HATS_ACETYLATE_HISTONES,7,-0.42368029961865944,2.6752485477818317,-0.419008809150738,0.6897960510091805,0.5714285714285714,0.9917966245536728,False,0.2533033644918844,False
c2,REACTOME_ASSEMBLY_OF_COLLAGEN_FIBRILS_AND_OTHER_MULTIMERIC_STRUCTURES,7,0.5839854932356475,3.696331853158508,0.41800369819356126,0.690491721119778,0.5714285714285714,0.9917966245536728,False,0.4892801085222641,False
c2,REACTOME_REGULATION_OF_MECP2_EXPRESSION_AND_ACTIVITY,7,-0.4408124500674085,2.7975271549564416,-0.4168967996014321,0.691258225218656,0.5714285714285714,0.9917966245536728,False,0.9907896896967356,False
c2,REACTOME_PROTEIN_PROTEIN_INTERACTIONS_AT_SYNAPSES,7,0.2879915733686634,1.8370383213692578,0.4147731018739794,0.6927299639007954,0.5714285714285714,0.9917966245536728,False,0.5327467675401458,False
c2,REACTOME_RHOD_GTPASE_CYCLE,7,-0.33019436854338874,2.1095866647663426,-0.4141153326718514,0.6931861015935386,0.7142857142857143,0.9917966245536728,False,0.713526475790533,False
c2,REACTOME_MITF_M_REGULATED_MELANOCYTE_DEVELOPMENT,7,-0.20844041025469554,1.3352263086433034,-0.4130247323171389,0.6939427015849527,0.5714285714285714,0.9917966245536728,False,0.7772641294137862,False
c2,REACTOME_SIGNAL_TRANSDUCTION_BY_L1,7,-0.15724213549273366,1.0073884156778867,-0.4129723745677059,0.6939790343158637,0.5714285714285714,0.9917966245536728,False,0.8872740854199309,False
c2,REACTOME_NEGATIVE_REGULATION_OF_FGFR3_SIGNALING,7,0.11771317732078332,0.7566492360396218,0.411603922124006,0.6949289633962382,0.5714285714285714,0.9917966245536728,False,0.5225365481432966,False
c2,REACTOME_SIGNALING_BY_ALK_IN_CANCER,7,0.2578020761594767,1.6593636207119535,0.41104925555826094,0.6953141654585687,0.5714285714285714,0.9917966245536728,False,0.259794922370809,False
c2,REACTOME_SIGNALING_BY_NOTCH1_PEST_DOMAIN_MUTANTS_IN_CANCER,7,-0.1873655678796728,1.208309334344815,-0.41026141466895394,0.6958614725583084,0.7142857142857143,0.9917966245536728,False,0.7765229567800124,False
c2,REACTOME_RHOC_GTPASE_CYCLE,7,-0.4450422535945637,2.8820196919411627,-0.40855762686821895,0.697045767301894,0.7142857142857143,0.9917966245536728,False,0.8622541826576688,False
c2,REACTOME_DEFECTIVE_B4GALT7_CAUSES_EDS_PROGEROID_TYPE,5,-0.33003941391892183,1.7725625639932696,-0.41634105321187503,0.6985302143307224,0.6,0.9917966245536728,False,0.7471171884954766,False
c2,REACTOME_M_DECAY_DEGRADATION_OF_MATERNAL_MRNAS_BY_MATERNALLY_STORED_FACTORS,7,-0.16018558697801807,1.0442513632333283,-0.4058517342495876,0.6989285430329093,0.7142857142857143,0.9917966245536728,False,0.958722740004984,False
c2,REACTOME_TRANSFERRIN_ENDOCYTOSIS_AND_RECYCLING,7,0.34099962709439696,2.2280756251529703,0.40492351348962663,0.6995749461715378,0.5714285714285714,0.9917966245536728,False,0.5134682193785444,False
c2,REACTOME_O_LINKED_GLYCOSYLATION,7,0.3777420095217284,2.4768963228382535,0.4034934396410542,0.7005713744436596,0.5714285714285714,0.9917966245536728,False,0.2151626022830158,False
c2,REACTOME_TRANSLOCATION_OF_SLC2A4_GLUT4_TO_THE_PLASMA_MEMBRANE,7,0.32337568388344984,2.120774721711644,0.4034241029195819,0.7006197026026586,0.5714285714285714,0.9917966245536728,False,0.5655250766479941,False
c2,REACTOME_TRANSPORT_OF_BILE_SALTS_AND_ORGANIC_ACIDS_METAL_IONS_AND_AMINE_COMPOUNDS,7,0.4020959456571918,2.637454990271166,0.4033607698787284,0.7006638474979253,0.5714285714285714,0.9917966245536728,False,0.33538342043463,False
c2,REACTOME_G_ALPHA_I_SIGNALLING_EVENTS,7,0.266576288436862,1.7571411680281053,0.40138753645050274,0.7020398871286788,0.5714285714285714,0.9917966245536728,False,0.1128208943000141,False
c2,REACTOME_TRANSCRIPTIONAL_REGULATION_BY_RUNX3,7,-0.22916566063697957,1.5115696042225717,-0.40111639277974964,0.7022290668093494,0.5714285714285714,0.9917966245536728,False,0.7254679094186088,False
c2,REACTOME_SENESCENCE_ASSOCIATED_SECRETORY_PHENOTYPE_SASP,7,0.2396329164390967,1.5879493350274039,0.3992628032002231,0.7035229605725712,0.5714285714285714,0.9917966245536728,False,0.7258001688544068,False
c2,REACTOME_ASYMMETRIC_LOCALIZATION_OF_PCP_PROTEINS,7,-0.5377308111107677,3.5718263415548863,-0.3983121973048693,0.7041869513254073,0.5714285714285714,0.9917966245536728,False,0.5134682193785444,False
c2,REACTOME_DEACTIVATION_OF_THE_BETA_CATENIN_TRANSACTIVATING_COMPLEX,7,0.22384407442865206,1.48787320354682,0.3980418169921087,0.7043758620825754,0.5714285714285714,0.9917966245536728,False,0.3042660351805672,False
h,HALLMARK_PI3K_AKT_MTOR_SIGNALING,7,-0.09078953448148372,0.6043018539016036,-0.3974942792818924,0.7047584894216848,0.8571428571428571,0.9917966245536728,False,0.8833865702003622,False
c2,REACTOME_CHROMATIN_ORGANIZATION,7,-0.5866673082859621,3.9244586999355393,-0.3955133481419523,0.7061435831312031,0.5714285714285714,0.9917966245536728,False,0.5638685000536352,False
c2,REACTOME_RAC3_GTPASE_CYCLE,7,-0.39491132910181553,2.647070584461001,-0.3947145092612403,0.7067024915726762,0.7142857142857143,0.9917966245536728,False,0.7254679094186088,False
c2,REACTOME_OVARIAN_TUMOR_DOMAIN_PROTEASES,7,-0.22121485292984325,1.5016464285538993,-0.38975851840817377,0.7101744225592894,0.5714285714285714,0.9917966245536728,False,0.9669217420184694,False
c2,REACTOME_SENSORY_PROCESSING_OF_SOUND_BY_OUTER_HAIR_CELLS_OF_THE_COCHLEA,7,-0.27273628604363787,1.8555435052000113,-0.38888464988971555,0.7107874076177234,0.5714285714285714,0.9917966245536728,False,0.983224033819154,False
c2,REACTOME_RNA_POLYMERASE_I_TRANSCRIPTION,7,-0.24046006028434666,1.6395357834661421,-0.3880351537134466,0.7113835236976762,0.5714285714285714,0.9917966245536728,False,0.272601441134124,False
c2,REACTOME_DOWNSTREAM_SIGNAL_TRANSDUCTION,7,0.3175676250907191,2.1765224217371957,0.3860309234787608,0.7127908358466857,0.5714285714285714,0.9917966245536728,False,0.1623524578207693,False
c2,REACTOME_RNA_POLYMERASE_III_CHAIN_ELONGATION,7,-0.2387587877984226,1.6407373054054468,-0.38500762661075033,0.7135098436449676,0.5714285714285714,0.9917966245536728,False,0.2303450594926275,False
c2,REACTOME_BASIGIN_INTERACTIONS,7,0.22272340692145481,1.5314942152163253,0.3847685090889985,0.7136779033491358,0.5714285714285714,0.9917966245536728,False,0.2600842083811263,False
c2,REACTOME_SIGNALING_BY_BRAF_AND_RAF1_FUSIONS,7,-0.2779400787218699,1.912480035369267,-0.38450614598640626,0.7138623210725502,0.7142857142857143,0.9917966245536728,False,0.8740073250765058,False
c2,REACTOME_TGF_BETA_RECEPTOR_SIGNALING_ACTIVATES_SMADS,7,0.25402678835689557,1.7493790834406773,0.38418871855888115,0.7140854723949899,0.8571428571428571,0.9917966245536728,False,0.1833203164720481,False
c2,REACTOME_EUKARYOTIC_TRANSLATION_INITIATION,7,-1.1305228938465337,7.793397382152268,-0.38379698633524156,0.7143609026691247,0.5714285714285714,0.9917966245536728,False,0.137795601162207,False
c2,REACTOME_UPTAKE_AND_ACTIONS_OF_BACTERIAL_TOXINS,7,0.09512371488823708,0.6616557029645963,0.38036956721032605,0.7167727574889448,0.5714285714285714,0.9917966245536728,False,0.73049410367822,False
c2,REACTOME_SIGNALING_BY_ALK,7,-0.18032900038622718,1.258316496697744,-0.37916191232247,0.7176234325328155,0.7142857142857143,0.9917966245536728,False,0.4057800370593511,False
c2,REACTOME_GABA_B_RECEPTOR_ACTIVATION,7,0.1777007181908457,1.244937708120716,0.3776509499742463,0.7186883831227255,0.7142857142857143,0.9917966245536728,False,0.7471171884954766,False
c2,REACTOME_SYNTHESIS_OF_PIPS_AT_THE_EARLY_ENDOSOME_MEMBRANE,7,0.2894357079106089,2.0320374016340153,0.3768507917509891,0.7192526282169944,0.7142857142857143,0.9917966245536728,False,0.5632067951298605,False
h,HALLMARK_KRAS_SIGNALING_DN,7,0.23843870349524068,1.679244346058977,0.37567463833456793,0.720082364640013,0.7142857142857143,0.9917966245536728,False,0.5419305142843219,False
c2,REACTOME_SIGNALING_BY_WNT,7,-0.1837662867019392,1.2955365733785407,-0.37528843566584913,0.7203549087623669,0.5714285714285714,0.9917966245536728,False,0.9964364928078128,False
c2,REACTOME_MHC_CLASS_II_ANTIGEN_PRESENTATION,7,-0.3824909386570856,2.6985694278615022,-0.3750045827889841,0.7205552531126477,0.5714285714285714,0.9917966245536728,False,0.2237104991650686,False
c2,REACTOME_O_LINKED_GLYCOSYLATION_OF_MUCINS,7,0.22003360496930152,1.553371445013485,0.37476818612482216,0.7207221212578904,0.5714285714285714,0.9917966245536728,False,0.4057800370593511,False
c2,REACTOME_SYNTHESIS_OF_ACTIVE_UBIQUITIN_ROLES_OF_E1_AND_E2_ENZYMES,7,0.17508999980015075,1.2390263304052576,0.37387792749652937,0.7213506899595366,0.5714285714285714,0.9917966245536728,False,0.890701288996739,False
c2,REACTOME_SIGNALING_BY_TGFB_FAMILY_MEMBERS,7,0.30293521070073304,2.146794847949173,0.37334318723782794,0.7217283589962463,0.5714285714285714,0.9917966245536728,False,0.5489482450273333,False
c2,REACTOME_SIGNAL_AMPLIFICATION,7,0.17437187055350226,1.2372553338944787,0.3728774429103089,0.7220573685868037,0.7142857142857143,0.9917966245536728,False,0.5652364053611507,False
c2,REACTOME_DOWNREGULATION_OF_SMAD2_3_SMAD4_TRANSCRIPTIONAL_ACTIVITY,7,0.19359608440607,1.374994617627565,0.3725157084746268,0.7223129488074154,0.5714285714285714,0.9917966245536728,False,0.8420970973494453,False
c2,REACTOME_SARS_COV_1_MODULATES_HOST_TRANSLATION_MACHINERY,7,-0.6978031209677928,4.967814341602311,-0.3716349676566267,0.7229353924954901,0.5714285714285714,0.9917966245536728,False,0.3520595384249099,False
c2,REACTOME_SYNTHESIS_OF_PIPS_AT_THE_GOLGI_MEMBRANE,7,-0.19086038715289405,1.3615813886135357,-0.37086958132870934,0.7234765007415589,0.7142857142857143,0.9917966245536728,False,0.76013245033929,False
c2,REACTOME_NEGATIVE_REGULATION_OF_FGFR1_SIGNALING,7,-0.12346302982753589,0.8838256334451311,-0.36958927267240055,0.7243820372225193,0.5714285714285714,0.9917966245536728,False,0.5525955379709256,False
c2,REACTOME_RHO_GTPASE_CYCLE,7,-0.566167117088104,4.053721322979957,-0.3695215514263206,0.7244299487196443,0.5714285714285714,0.9917966245536728,False,0.982113640007056,False
c2,REACTOME_ATTENUATION_PHASE,7,-0.22733403825326473,1.6283344483717979,-0.36937702224478725,0.724532204948159,0.5714285714285714,0.9917966245536728,False,0.2925846049951618,False
c2,REACTOME_MITOCHONDRIAL_UNFOLDED_PROTEIN_RESPONSE_UPRMT,4,-0.36256289610506454,1.8778851046116634,-0.3861395941793155,0.7251503102885747,0.75,0.9917966245536728,False,0.1760202880402548,False
c2,REACTOME_REGULATION_OF_ENDOGENOUS_RETROELEMENTS_BY_KRAB_ZFP_PROTEINS,7,0.37247535337852195,2.69200588883978,0.36607540816532136,0.7268698309122875,0.5714285714285714,0.9917966245536728,False,0.5339910671348804,False
c2,REACTOME_BBSOME_MEDIATED_CARGO_TARGETING_TO_CILIUM,7,-0.14797710912402523,1.0716409723554663,-0.36533749695282514,0.7273927326120969,0.5714285714285714,0.9917966245536728,False,0.7524888670766413,False
c2,REACTOME_EXPRESSION_OF_BMAL_ARNTL_CLOCK_AND_NPAS2,7,-0.415375583799449,3.0090275287863646,-0.36522779699023394,0.7274704823988744,0.5714285714285714,0.9917966245536728,False,0.984979457711173,False
c2,REACTOME_L1CAM_INTERACTIONS,7,-0.3155578095089958,2.2885487256314354,-0.36481088598834244,0.7277660002611323,0.5714285714285714,0.9917966245536728,False,0.3158332224894296,False
c2,REACTOME_RET_SIGNALING,7,0.24204019279576408,1.7581146015625333,0.36424141910349855,0.7281697367734412,0.5714285714285714,0.9917966245536728,False,0.2481583033007826,False
c2,REACTOME_ECM_PROTEOGLYCANS,7,0.5282178432375401,3.8529472058860983,0.3627179342448395,0.7292503157035949,0.5714285714285714,0.9917966245536728,False,0.0490973846919679,False
c2,REACTOME_SELENOAMINO_ACID_METABOLISM,7,-1.0169750190261657,7.446879229069902,-0.3613141702909653,0.7302465825544927,0.7142857142857143,0.9917966245536728,False,0.1942035185574582,False
c2,REACTOME_MRNA_CAPPING,7,-0.22160366148247776,1.628585272855064,-0.36001073304324155,0.7311721632071839,0.5714285714285714,0.9917966245536728,False,0.4407167623803363,False
c2,REACTOME_CONVERSION_FROM_APC_C_CDC20_TO_APC_C_CDH1_IN_LATE_ANAPHASE,7,-0.28194388621246597,2.079150997692938,-0.3587778893505092,0.7320480714251189,0.5714285714285714,0.9917966245536728,False,0.958722740004984,False
c2,REACTOME_LYSOSOME_VESICLE_BIOGENESIS,7,0.19984586338633606,1.4768668132439817,0.358016342654376,0.7325893547654293,0.5714285714285714,0.9917966245536728,False,0.8348057617101062,False
h,HALLMARK_ESTROGEN_RESPONSE_EARLY,7,-0.2626673891807516,1.9572035953887945,-0.3550742451813429,0.7346820859956137,0.8571428571428571,0.9917966245536728,False,0.3363398642632174,False
c2,REACTOME_DISEASES_OF_SIGNAL_TRANSDUCTION_BY_GROWTH_FACTOR_RECEPTORS_AND_SECOND_MESSENGERS,7,-0.29406881173902216,2.1950151388748287,-0.3544544775215292,0.7351232496745028,0.7142857142857143,0.9917966245536728,False,0.6223095744035385,False
c2,REACTOME_FCGR3A_MEDIATED_IL10_SYNTHESIS,7,0.3120595746908155,2.3349540851501014,0.35359668702667796,0.7357340257269666,0.5714285714285714,0.9917966245536728,False,0.5146843128424073,False
c2,REACTOME_ADRENALINE_NORADRENALINE_INHIBITS_INSULIN_SECRETION,7,0.19942051492342566,1.4952823728178428,0.352854483141897,0.7362626710686716,0.7142857142857143,0.9917966245536728,False,0.6257026335619806,False
c2,REACTOME_DAP12_SIGNALING,7,0.2156813966632176,1.6192410354472009,0.3524116085881872,0.736578190219021,0.5714285714285714,0.9917966245536728,False,0.757603432018807,False
c2,REACTOME_B_WICH_COMPLEX_POSITIVELY_REGULATES_RRNA_EXPRESSION,7,0.17045519696836856,1.2828017156798766,0.35156022582789936,0.7371849028196462,0.5714285714285714,0.9917966245536728,False,0.5207910101067943,False
c2,REACTOME_SIGNALING_BY_NTRK2_TRKB,7,0.182590595080379,1.3749961652503528,0.3513386571765587,0.7373428311925921,0.7142857142857143,0.9917966245536728,False,0.2853180207336793,False
c2,REACTOME_CELLULAR_RESPONSE_TO_STARVATION,7,-0.8387123666076047,6.381352570088767,-0.34773573771168204,0.7399128657200785,0.5714285714285714,0.9917966245536728,False,0.1247100664078399,False
c2,REACTOME_OTHER_INTERLEUKIN_SIGNALING,5,-0.16972318002297807,1.0682706532003565,-0.3552588164355712,0.7403371283812813,0.6,0.9917966245536728,False,0.9672202365164428,False
c2,REACTOME_SIGNALING_BY_INTERLEUKINS,7,-0.1920800415261595,1.465593263877925,-0.3467510626737618,0.7406158966158657,0.7142857142857143,0.9917966245536728,False,0.8833865702003622,False
c2,REACTOME_FCGAMMA_RECEPTOR_FCGR_DEPENDENT_PHAGOCYTOSIS,7,0.22633033854642623,1.7284395031317277,0.34644764185146204,0.7408325861127939,0.7142857142857143,0.9917966245536728,False,0.5419305142843219,False
c2,REACTOME_PRE_NOTCH_PROCESSING_IN_GOLGI,4,-0.19755950941702394,1.0903135321339572,-0.36239027324619416,0.7410853754245577,0.5,0.9917966245536728,False,0.5994466526420975,False
c2,REACTOME_METABOLISM_OF_COFACTORS,7,0.16124346426897773,1.236871356378833,0.3449106528258714,0.7419306343897433,0.7142857142857143,0.9917966245536728,False,0.73049410367822,False
c2,REACTOME_ROLE_OF_PHOSPHOLIPIDS_IN_PHAGOCYTOSIS,6,0.2540561010147806,1.8103332316626926,0.34375318457565746,0.7450157058417975,0.5,0.9917966245536728,False,0.4981991926903203,False
c2,REACTOME_COLLAGEN_FORMATION,7,0.5326060410353105,4.165818750524573,0.3382631880402023,0.7466873232533335,0.5714285714285714,0.9917966245536728,False,0.4324013280344392,False
c2,REACTOME_SYNTHESIS_OF_IP3_AND_IP4_IN_THE_CYTOSOL,7,-0.19799338942785893,1.548652083560261,-0.3382562650589661,0.746692283517791,0.5714285714285714,0.9917966245536728,False,0.6085483055552723,False
c2,REACTOME_REGULATION_OF_RUNX1_EXPRESSION_AND_ACTIVITY,6,-0.36621652308113073,2.6502764291530982,-0.3384717182922693,0.7487580626589835,0.6666666666666666,0.9917966245536728,False,0.7527358548051315,False
c2,REACTOME_SELECTIVE_AUTOPHAGY,7,-0.26657174730401095,2.119208996218303,-0.3328046224704274,0.7506024546928088,0.5714285714285714,0.9917966245536728,False,0.4482736877953584,False
c2,REACTOME_SIGNALING_BY_FGFR4,7,0.10564306631110944,0.8419746325062225,0.33196401697462735,0.7512061026799368,0.7142857142857143,0.9917966245536728,False,0.1835738448175049,False
c2,REACTOME_P75_NTR_RECEPTOR_MEDIATED_SIGNALLING,7,0.1647281659621231,1.3138090094712829,0.331729922630797,0.751374242761578,0.5714285714285714,0.9917966245536728,False,0.925603633663754,False
c2,REACTOME_NEGATIVE_REGULATION_OF_THE_PI3K_AKT_NETWORK,7,0.24703097127353932,1.9870991115301175,0.3289128923303934,0.7533987672780701,0.5714285714285714,0.9917966245536728,False,0.33538342043463,False
c2,REACTOME_SIGNALING_BY_FGFR3,7,0.11856132962550633,0.9552042134284829,0.3283944824451198,0.7537715694183558,0.8571428571428571,0.9917966245536728,False,0.2943215357639601,False
c2,REACTOME_METABOLISM_OF_AMINO_ACIDS_AND_DERIVATIVES,7,-0.8281117234745443,6.730037075427725,-0.32555209630126536,0.7558168941004426,0.5714285714285714,0.9917966245536728,False,0.2808053117953652,False
c2,REACTOME_EUKARYOTIC_TRANSLATION_ELONGATION,7,-0.9856051313975028,8.064871585867897,-0.32333634092281816,0.7574128142867235,0.5714285714285714,0.9917966245536728,False,0.2583028956697197,False
c2,REACTOME_CA2_PATHWAY,7,0.20637272918581148,1.6887470711859096,0.32332308853563635,0.7574223634058591,0.5714285714285714,0.9917966245536728,False,0.3042660351805672,False
c2,REACTOME_DISEASES_ASSOCIATED_WITH_GLYCOSYLATION_PRECURSOR_BIOSYNTHESIS,6,0.23855293750910267,1.7940045809419738,0.32571431519563293,0.7578299515514217,0.6666666666666666,0.9917966245536728,False,0.6457945697086188,False
c2,REACTOME_DOWNREGULATION_OF_ERBB2_SIGNALING,7,-0.12073156310319591,0.993660443299896,-0.3214636282655687,0.7587626775423738,0.5714285714285714,0.9917966245536728,False,0.94662737592799,False
c2,REACTOME_DDX58_IFIH1_MEDIATED_INDUCTION_OF_INTERFERON_ALPHA_BETA,7,0.13590361961077274,1.1226155302494076,0.3202941435201253,0.7596061228304047,0.7142857142857143,0.9917966245536728,False,0.7471171884954766,False
c2,REACTOME_GPCR_LIGAND_BINDING,7,0.30425108637749443,2.5160557735891347,0.319934366767949,0.7598656707492425,0.7142857142857143,0.9917966245536728,False,0.4119125876807149,False
c2,REACTOME_NEUTROPHIL_DEGRANULATION,7,0.38116781329604155,3.153471318148093,0.31979845066606216,0.7599637314236447,0.5714285714285714,0.9917966245536728,False,0.344507984381509,False
c2,REACTOME_REGULATED_NECROSIS,7,-0.16121056365757072,1.3429657969187394,-0.31759785776605864,0.7615520931815944,0.5714285714285714,0.9917966245536728,False,0.3134628237494212,False
c2,REACTOME_CELLULAR_RESPONSES_TO_MECHANICAL_STIMULI,7,0.26859432300690195,2.261473193917858,0.3142348908451527,0.7639819016841564,0.5714285714285714,0.9917966245536728,False,0.1679660049462378,False
c2,REACTOME_SIGNALING_BY_VEGF,7,0.21651940562799207,1.8383586432482815,0.311613026878683,0.7658782961416278,0.5714285714285714,0.9917966245536728,False,0.6304242290876166,False
c2,REACTOME_SLC_TRANSPORTER_DISORDERS,7,-0.19685274310306872,1.6843728037892511,-0.30920910262854767,0.7676186189862463,0.5714285714285714,0.9917966245536728,False,0.3323686547398495,False
c2,REACTOME_ESR_MEDIATED_SIGNALING,7,-0.2388928594895863,2.0519272660201477,-0.3080280215898919,0.7684742086071511,0.5714285714285714,0.9917966245536728,False,0.9308959988819276,False
c2,REACTOME_FOXO_MEDIATED_TRANSCRIPTION_OF_OXIDATIVE_STRESS_METABOLIC_AND_NEURONAL_GENES,7,0.27106361047881056,2.3623627842364616,0.30358034235542264,0.7716993609417552,0.5714285714285714,0.9917966245536728,False,0.2248554657686699,False
c2,REACTOME_HEPARAN_SULFATE_HEPARIN_HS_GAG_METABOLISM,7,0.28978842580223196,2.5419496658420657,0.30162206506304423,0.7731209609974901,0.5714285714285714,0.9917966245536728,False,0.5419305142843219,False
c2,REACTOME_SARS_COV_1_TARGETS_HOST_INTRACELLULAR_SIGNALLING_AND_REGULATORY_PATHWAYS,7,-0.17906615001498363,1.5786149631154138,-0.30011403175505963,0.7742163672445591,0.5714285714285714,0.9917966245536728,False,0.7254679094186088,False
c2,REACTOME_MOLECULES_ASSOCIATED_WITH_ELASTIC_FIBRES,7,0.2970242014668444,2.6266731714686156,0.29918155748681663,0.774893983872611,0.5714285714285714,0.9917966245536728,False,0.0428989290708539,False
c2,REACTOME_RESPONSE_OF_EIF2AK1_HRI_TO_HEME_DEFICIENCY,5,-0.22834558404249927,1.6773762668546386,-0.304401736432323,0.7760012826205829,0.8,0.9917966245536728,False,0.1833203164720481,False
c2,REACTOME_ANTIGEN_PROCESSING_CROSS_PRESENTATION,7,-0.37704788351164753,3.358638169097645,-0.29701768452273797,0.7764672779028261,0.5714285714285714,0.9917966245536728,False,0.1532071060830045,False
c2,REACTOME_PLATELET_AGGREGATION_PLUG_FORMATION,7,-0.15971959766119342,1.4303017460066398,-0.295446982494874,0.7776100221733151,0.7142857142857143,0.9917966245536728,False,0.7492418194029321,False
c2,REACTOME_PURINE_CATABOLISM,4,0.10684163725878289,0.6936390399935635,0.30806119926518066,0.778186436947632,0.5,0.9917966245536728,False,0.6316557667306285,False
c2,REACTOME_SIGNALING_BY_NTRKS,7,0.25902349818530473,2.3332462273127996,0.29371600472256215,0.7788700794250503,0.5714285714285714,0.9917966245536728,False,0.2248554657686699,False
c2,REACTOME_INTRINSIC_PATHWAY_FOR_APOPTOSIS,7,-0.07143761530506432,0.6469978762297189,-0.29212795172390094,0.780026743597263,0.8571428571428571,0.9917966245536728,False,0.7442480057292453,False
c2,REACTOME_DEVELOPMENTAL_CELL_LINEAGES_OF_THE_EXOCRINE_PANCREAS,7,0.21487836279866263,1.9719656956450131,0.2882984786954005,0.7828184880462983,0.5714285714285714,0.9917966245536728,False,0.5233275454353511,False
c2,REACTOME_COMPLEX_IV_ASSEMBLY,7,0.4104564177124961,3.7732370003515623,0.28780741978214713,0.783176735103141,0.7142857142857143,0.9917966245536728,False,0.8872740854199309,False
c2,REACTOME_NUCLEAR_EVENTS_STIMULATED_BY_ALK_SIGNALING_IN_CANCER,7,-0.0766982954519806,0.7060841858489844,-0.2873943643200332,0.7834781206569364,0.5714285714285714,0.9917966245536728,False,0.8320644984616303,False
c2,REACTOME_NRIF_SIGNALS_CELL_DEATH_FROM_THE_NUCLEUS,5,0.20820023163456458,1.5851225938520088,0.29369959943271967,0.7835961869823866,0.6,0.9917966245536728,False,0.7420505868891177,False
c2,REACTOME_GPVI_MEDIATED_ACTIVATION_CASCADE,7,-0.16108150770669052,1.4849509113225023,-0.28700047048941074,0.7837655632993524,0.5714285714285714,0.9917966245536728,False,0.6287987417550861,False
c2,REACTOME_INTEGRIN_SIGNALING,7,-0.15093741690809234,1.4021944327586995,-0.28479849822796294,0.7853731324940227,0.5714285714285714,0.9917966245536728,False,0.9451894509195926,False
c2,REACTOME_SIGNALING_BY_FGFR2,7,-0.10539704257560066,0.9804784124792167,-0.28440642856339976,0.7856594883764508,0.5714285714285714,0.9917966245536728,False,0.7725259997211891,False
c2,REACTOME_THROMBOXANE_SIGNALLING_THROUGH_TP_RECEPTOR,6,0.14843369612802948,1.2693809742655413,0.28642844309162047,0.7860389270865515,0.5,0.9917966245536728,False,0.4230782191695441,False
c2,REACTOME_ANTIGEN_ACTIVATES_B_CELL_RECEPTOR_BCR_LEADING_TO_GENERATION_OF_SECOND_MESSENGERS,7,0.23090029062956402,2.1567927488322836,0.28324684742616835,0.786506626500101,0.5714285714285714,0.9917966245536728,False,0.4145854789343113,False
c2,REACTOME_IRS_MEDIATED_SIGNALLING,7,-0.17939813212300956,1.685371475389193,-0.28162506023034756,0.7876919688467918,0.7142857142857143,0.9917966245536728,False,0.6863717568225783,False
c2,REACTOME_DAG_AND_IP3_SIGNALING,7,0.2233699756051731,2.1102137816909905,0.28005759934724606,0.788838197421279,0.5714285714285714,0.9917966245536728,False,0.3641515206621897,False
c2,REACTOME_HIGH_LAMINAR_FLOW_SHEAR_STRESS_ACTIVATES_SIGNALING_BY_PIEZO1_AND_PECAM1_CDH5_KDR_IN_ENDOTHELIAL_CELLS,7,0.19505067410537866,1.8437575906805794,0.2798933977800455,0.7889583057945182,0.5714285714285714,0.9917966245536728,False,0.308128736390578,False
c2,REACTOME_CELL_CELL_COMMUNICATION,7,0.315782256825048,3.0299027907704152,0.27574525577217207,0.7919946435265841,0.5714285714285714,0.9917966245536728,False,0.2897859936938888,False
c2,REACTOME_GROWTH_HORMONE_RECEPTOR_SIGNALING,7,0.18593272746715975,1.7869776116519691,0.27528702892437884,0.7923303008303931,0.5714285714285714,0.9917966245536728,False,0.5470886479381056,False
c2,REACTOME_FGFR1_MUTANT_RECEPTOR_ACTIVATION,7,0.19042101731446934,1.8378742316566299,0.2741246639928605,0.7931819673805278,0.7142857142857143,0.9917966245536728,False,0.6414669046337204,False
c2,REACTOME_PROTEIN_LOCALIZATION,7,0.4132709009623191,3.9904363132355853,0.274008139014584,0.7932673626757176,0.5714285714285714,0.9917966245536728,False,0.379665681313706,False
c2,REACTOME_SIGNALING_BY_CSF3_G_CSF,7,0.08120006702278344,0.7878165041452363,0.2726969829315183,0.7942284593007966,0.5714285714285714,0.9917966245536728,False,0.7957472539725529,False
c2,REACTOME_ABORTIVE_ELONGATION_OF_HIV_1_TRANSCRIPT_IN_THE_ABSENCE_OF_TAT,7,-0.17179092952815164,1.6710892597606963,-0.27198791110248627,0.7947483844730375,0.5714285714285714,0.9917966245536728,False,0.4892801085222641,False
c2,REACTOME_ELASTIC_FIBRE_FORMATION,7,0.2943489504776085,2.8816395947970648,0.2702538246083001,0.7960203855080652,0.5714285714285714,0.9917966245536728,False,0.0388701031097691,False
c2,REACTOME_DNA_DAMAGE_TELOMERE_STRESS_INDUCED_SENESCENCE,7,0.1769889460609059,1.7457680805891747,0.26823078121954613,0.7975052128646309,0.5714285714285714,0.9917966245536728,False,0.7296688905409209,False
c2,REACTOME_INTERLEUKIN_3_INTERLEUKIN_5_AND_GM_CSF_SIGNALING,7,0.22254834684146715,2.203031670311278,0.2672715006170897,0.798209608953223,0.5714285714285714,0.9917966245536728,False,0.7254679094186088,False
c2,REACTOME_NR1H3_NR1H2_REGULATE_GENE_EXPRESSION_LINKED_TO_CHOLESTEROL_TRANSPORT_AND_EFFLUX,7,-0.25319906890088445,2.5401583431790815,-0.2637244132058505,0.8008160251756143,0.5714285714285714,0.9917966245536728,False,0.7264344002934758,False
c2,REACTOME_METALLOPROTEASE_DUBS,7,0.12293324522820688,1.234355609037612,0.26349845405534383,0.8009821566836778,0.5714285714285714,0.9917966245536728,False,0.932452989225062,False
c2,REACTOME_NETRIN_1_SIGNALING,7,0.1914442830162831,1.9579877612488585,0.25869107703874666,0.8045193644208367,0.5714285714285714,0.9917966245536728,False,0.65795989106504,False
c2,REACTOME_MITOCHONDRIAL_FATTY_ACID_BETA_OXIDATION,7,0.24894288415730942,2.555376195041338,0.2577471620098375,0.8052144844835707,0.5714285714285714,0.9917966245536728,False,0.8385497583892557,False
c2,REACTOME_RSV_HOST_INTERACTIONS,7,0.05166474412227858,0.5337348217870962,0.2561048275614681,0.8064244010015533,0.5714285714285714,0.9917966245536728,False,0.9011805389899394,False
c2,REACTOME_RORA_B_C_AND_NR1D1_REV_ERBA_REGULATE_GENE_EXPRESSION,7,-0.2509692627443322,2.6081743036147578,-0.25458507701056143,0.8075445326943969,0.5714285714285714,0.9917966245536728,False,0.690036424195586,False
c2,REACTOME_SIGNALING_BY_TYPE_1_INSULIN_LIKE_GROWTH_FACTOR_1_RECEPTOR_IGF1R,7,-0.1861239451995121,1.9390601539196253,-0.2539568826870622,0.8080076894369174,0.7142857142857143,0.9917966245536728,False,0.5339910671348804,False
c2,REACTOME_COLLAGEN_BIOSYNTHESIS_AND_MODIFYING_ENZYMES,7,0.3857672496996755,4.019338338581914,0.2539333892002725,0.8080250124316736,0.7142857142857143,0.9917966245536728,False,0.235373351491806,False
c2,REACTOME_POSITIVE_EPIGENETIC_REGULATION_OF_RRNA_EXPRESSION,7,-0.14753219533693107,1.5394996461915904,-0.2535456894728937,0.8083109012379821,0.7142857142857143,0.9917966245536728,False,0.3941540839151855,False
c2,REACTOME_DOWNSTREAM_SIGNALING_OF_ACTIVATED_FGFR3,7,0.14107879774088972,1.4899142141511486,0.25052409765687944,0.8105401236344087,0.5714285714285714,0.9917966245536728,False,0.3134628237494212,False
c2,REACTOME_NEGATIVE_REGULATION_OF_FGFR4_SIGNALING,7,0.07458480354389642,0.7878259301875019,0.2504777187452992,0.8105743555803622,0.7142857142857143,0.9917966245536728,False,0.3869153265857931,False
c2,REACTOME_MITOCHONDRIAL_PROTEIN_DEGRADATION,7,0.2854434177326883,3.022878330760327,0.24983218445019698,0.8110508675051257,0.7142857142857143,0.9917966245536728,False,0.9907582897192462,False
c2,REACTOME_CREB1_PHOSPHORYLATION_THROUGH_NMDA_RECEPTOR_MEDIATED_ACTIVATION_OF_RAS_SIGNALING,7,-0.12640524527633926,1.357761552863874,-0.24631485750196785,0.8136487948159741,0.5714285714285714,0.9917966245536728,False,0.73049410367822,False
c2,REACTOME_DISEASES_ASSOCIATED_WITH_O_GLYCOSYLATION_OF_PROTEINS,7,-0.20849681502582693,2.2564941274584682,-0.2444636194682612,0.8150171816591298,0.7142857142857143,0.9917966245536728,False,0.8276560773540819,False
c2,REACTOME_RNA_POLYMERASE_I_PROMOTER_ESCAPE,7,-0.19344577573608,2.1060145357491638,-0.243022736114011,0.8160827404968515,0.5714285714285714,0.9917966245536728,False,0.2669496803168735,False
c2,REACTOME_SIGNALING_BY_TGF_BETA_RECEPTOR_COMPLEX,7,0.16320400769027055,1.7818085754233965,0.24233647950365508,0.8165903911700519,0.5714285714285714,0.9917966245536728,False,0.3956831521899104,False
c2,REACTOME_PHASE_II_CONJUGATION_OF_COMPOUNDS,7,0.20500926660749294,2.2496850274100653,0.24110198952233014,0.8175038367699652,0.5714285714285714,0.9917966245536728,False,0.6457945697086188,False
c2,REACTOME_TRAFFICKING_OF_AMPA_RECEPTORS,7,0.187608596986183,2.0729211594374872,0.239452276891166,0.8187250114732539,0.7142857142857143,0.9917966245536728,False,0.5339910671348804,False
c2,REACTOME_RHOH_GTPASE_CYCLE,7,0.13108036716414426,1.4617035699441168,0.2372615490653974,0.8203475257306838,0.5714285714285714,0.9917966245536728,False,0.7130894291359946,False
c2,REACTOME_COMPLEX_III_ASSEMBLY,7,-0.23041010389103253,2.5732372941820145,-0.23690307762542015,0.8206131127447889,0.7142857142857143,0.9917966245536728,False,0.6126522655582595,False
c2,REACTOME_FORMATION_OF_NEURONAL_PROGENITOR_AND_NEURONAL_BAF_NPBAF_AND_NBAF,7,-0.07204424644347684,0.8046801242431953,-0.23687817523983187,0.8206315635802223,0.7142857142857143,0.9917966245536728,False,0.8400199707518692,False
c2,REACTOME_AMINO_ACIDS_REGULATE_MTORC1,7,0.19033236717255772,2.1273640877419306,0.23671176592970186,0.8207548638634423,0.5714285714285714,0.9917966245536728,False,0.5316087313530284,False
c2,REACTOME_EFFECTS_OF_PIP2_HYDROLYSIS,7,0.17974882058568475,2.0096647014877598,0.23664180267226823,0.8208067045233418,0.7142857142857143,0.9917966245536728,False,0.7775171530696783,False
c2,REACTOME_METABOLISM_OF_PORPHYRINS,7,0.13191186622833634,1.5001324255972852,0.23265012279141906,0.8237660533744624,0.5714285714285714,0.9917966245536728,False,0.4731116747135955,False
c2,REACTOME_CONSTITUTIVE_SIGNALING_BY_ABERRANT_PI3K_IN_CANCER,7,0.1330570499205621,1.5146587786376684,0.23241925457979784,0.8239373120296759,0.5714285714285714,0.9917966245536728,False,0.5951948217329154,False
c2,REACTOME_TAK1_DEPENDENT_IKK_AND_NF_KAPPA_B_ACTIVATION,7,-0.0787333404189173,0.8994152323839661,-0.23160474843827952,0.8245415996647724,0.5714285714285714,0.9917966245536728,False,0.9907582897192462,False
c2,REACTOME_HSF1_ACTIVATION,7,-0.16780406548261334,1.9437667006841404,-0.22840592242697177,0.8269161018956821,0.5714285714285714,0.9917966245536728,False,0.4747460871982079,False
c2,REACTOME_EPH_EPHRIN_SIGNALING,7,-0.20713075813873635,2.4040097674795105,-0.22795933790316228,0.8272477637801818,0.7142857142857143,0.9917966245536728,False,0.8385497583892557,False
c2,REACTOME_MITF_M_DEPENDENT_GENE_EXPRESSION,7,0.144133028358659,1.674020279750888,0.22779900181638138,0.8273668490207968,0.5714285714285714,0.9917966245536728,False,0.9391033372952652,False
c2,REACTOME_SIGNALLING_TO_ERKS,7,-0.12969468578718604,1.5150228483283281,-0.22649155775979035,0.8283381048023483,0.7142857142857143,0.9917966245536728,False,0.7471171884954766,False
h,HALLMARK_OXIDATIVE_PHOSPHORYLATION,7,0.5356009748442683,6.298300499623242,0.22499196116261255,0.8294525137853355,0.5714285714285714,0.9917966245536728,False,0.6805811298872141,False
c2,REACTOME_INSULIN_RECEPTOR_SIGNALLING_CASCADE,7,-0.1399213088438653,1.6515511655683808,-0.2241510853780464,0.830077592078456,0.7142857142857143,0.9917966245536728,False,0.6126522655582595,False
c2,REACTOME_SMOOTH_MUSCLE_CONTRACTION,7,-0.319128553414788,3.787403464394158,-0.22293235894538724,0.8309837934695804,0.5714285714285714,0.9917966245536728,False,0.888203260271521,False
c2,REACTOME_FORMATION_OF_TC_NER_PRE_INCISION_COMPLEX,7,-0.1937627248424851,2.3023937109814914,-0.2226586968346586,0.8311873180529982,0.5714285714285714,0.9917966245536728,False,0.3748978921779854,False
c2,REACTOME_COMPLEX_I_BIOGENESIS,7,-0.375066723464375,4.483309020912336,-0.22133947731772333,0.8321686326288997,0.5714285714285714,0.9917966245536728,False,0.170356087694251,False
c2,REACTOME_DOWNSTREAM_SIGNALING_OF_ACTIVATED_FGFR1,7,-0.12237809581866552,1.4635343740028903,-0.22123293665611093,0.8322478984589848,0.7142857142857143,0.9917966245536728,False,0.3941540839151855,False
c2,REACTOME_INTRACELLULAR_SIGNALING_BY_SECOND_MESSENGERS,7,-0.13132468107140252,1.5733531776752543,-0.22083563439531687,0.8325435088237543,0.7142857142857143,0.9917966245536728,False,0.5652364053611507,False
c2,REACTOME_MTORC1_MEDIATED_SIGNALLING,7,0.11150537853927316,1.3531385864571306,0.21802312373151875,0.8346369959648359,0.5714285714285714,0.9917966245536728,False,0.7725259997211891,False
c2,REACTOME_NEUROTRANSMITTER_RECEPTORS_AND_POSTSYNAPTIC_SIGNAL_TRANSMISSION,7,-0.1885947984627501,2.3282265688678145,-0.21431545450296452,0.8373990611879933,0.5714285714285714,0.9917966245536728,False,0.6085483055552723,False
c2,REACTOME_TRANSMISSION_ACROSS_CHEMICAL_SYNAPSES,7,0.1851640543633156,2.2863578937198623,0.2142700584800931,0.837432895246351,0.5714285714285714,0.9917966245536728,False,0.4935795284039275,False
c2,REACTOME_CELL_CELL_JUNCTION_ORGANIZATION,7,0.1813178563285422,2.246264373149661,0.2135643345613884,0.8379589264996278,0.7142857142857143,0.9917966245536728,False,0.3386473844087408,False
c2,REACTOME_ACTIVATED_NOTCH1_TRANSMITS_SIGNAL_TO_THE_NUCLEUS,7,-0.10072769260501835,1.2594322486502632,-0.21160362143803094,0.8394208803740358,0.5714285714285714,0.9917966245536728,False,0.8622541826576688,False
c2,REACTOME_ADP_SIGNALLING_THROUGH_P2Y_PURINOCEPTOR_12,5,0.1585258307645962,1.6434452258698695,0.21568989839113287,0.8397815327844848,0.6,0.9917966245536728,False,0.4918468033335589,False
c2,REACTOME_DISEASES_ASSOCIATED_WITH_GLYCOSAMINOGLYCAN_METABOLISM,7,0.1494956531172948,1.8998140564967612,0.20819317494833697,0.8419654598527839,0.5714285714285714,0.9917966245536728,False,0.73049410367822,False
c2,REACTOME_SIGNALING_BY_CSF1_M_CSF_IN_MYELOID_CELLS,7,0.10757060697230458,1.3785949831732531,0.20644574940631516,0.8432700504730251,0.7142857142857143,0.9917966245536728,False,0.8320644984616303,False
c2,REACTOME_EPH_EPHRIN_MEDIATED_REPULSION_OF_CELLS,7,0.1564276560513736,2.0071645108053544,0.20619569240919963,0.8434567823921361,0.7142857142857143,0.9917966245536728,False,0.8881835981052857,False
h,HALLMARK_PANCREAS_BETA_CELLS,4,-0.16815529661994102,1.5726048621664586,-0.2138557506280201,0.8443696361692964,0.5,0.9917966245536728,False,0.4892801085222641,False
c2,REACTOME_INTRAFLAGELLAR_TRANSPORT,7,-0.08221402687232959,1.0613138517501077,-0.2049515032962948,0.8443860554175056,0.5714285714285714,0.9917966245536728,False,0.33538342043463,False
c2,REACTOME_RIPK1_MEDIATED_REGULATED_NECROSIS,7,0.09771806701465469,1.2982009870365818,0.1991507528498242,0.848722179860365,0.5714285714285714,0.9917966245536728,False,0.8864667061940658,False
c2,REACTOME_NOTCH_HLH_TRANSCRIPTION_PATHWAY,7,-0.1294772052703496,1.7297715287857125,-0.19804030757604413,0.8495529172619615,0.5714285714285714,0.9917966245536728,False,0.6257978905106671,False
c2,REACTOME_DNA_DAMAGE_RECOGNITION_IN_GG_NER,7,-0.14874319025122287,1.9876039754077341,-0.19799592649656128,0.8495861236874719,0.5714285714285714,0.9917966245536728,False,0.4374584059488793,False
c2,REACTOME_TP53_REGULATES_TRANSCRIPTION_OF_ADDITIONAL_CELL_CYCLE_GENES_WHOSE_EXACT_ROLE_IN_THE_P53_PATHWAY_REMAIN_UNCERTAIN,7,0.09387868783822266,1.2567462808945888,0.1976370769541463,0.8498546313899261,0.5714285714285714,0.9917966245536728,False,0.5419305142843219,False
c2,REACTOME_CRISTAE_FORMATION,5,0.25945955167583207,2.8768518117388333,0.2016680847416026,0.8500169405111772,0.6,0.9917966245536728,False,0.2529403410491246,False
c2,REACTOME_AUTOPHAGY,7,0.14184872423666794,1.9106042573990685,0.19642814395949265,0.8507593727884619,0.5714285714285714,0.9917966245536728,False,0.5643998461142791,False
c2,REACTOME_GOLGI_TO_ER_RETROGRADE_TRANSPORT,7,-0.27220128320025533,3.6777678331879557,-0.1958190224520717,0.8512153216642095,0.5714285714285714,0.9917966245536728,False,0.8540627808386336,False
c2,REACTOME_THE_ROLE_OF_NEF_IN_HIV_1_REPLICATION_AND_DISEASE_PATHOGENESIS,7,-0.10312492309707981,1.3991417709232201,-0.19500732960570485,0.851823000270031,0.5714285714285714,0.9917966245536728,False,0.9907582897192462,False
c2,REACTOME_RHOJ_GTPASE_CYCLE,7,-0.1823520206163939,2.478259281716741,-0.1946761992098312,0.8520709350336628,0.7142857142857143,0.9917966245536728,False,0.8385497583892557,False
c2,REACTOME_AEROBIC_RESPIRATION_AND_RESPIRATORY_ELECTRON_TRANSPORT,7,0.4749647467101282,6.4745731278083785,0.19408825516550318,0.8525112053399582,0.5714285714285714,0.9917966245536728,False,0.6531655288922179,False
c2,REACTOME_INTERLEUKIN_7_SIGNALING,6,0.18476197528807756,2.3134729144782247,0.19562475120940725,0.8526054759820247,0.5,0.9917966245536728,False,0.6868201185475334,False
c2,REACTOME_IKK_COMPLEX_RECRUITMENT_MEDIATED_BY_RIP1,7,-0.052717606600598946,0.723733896641118,-0.1927195581511993,0.8535363524760778,0.7142857142857143,0.9917966245536728,False,0.983224033819154,False
c2,REACTOME_METAL_ION_SLC_TRANSPORTERS,6,0.1832869557587812,2.3139578076952185,0.19402234415167138,0.8537947542887779,0.6666666666666666,0.9917966245536728,False,0.6126522655582595,False
c2,REACTOME_COPI_INDEPENDENT_GOLGI_TO_ER_RETROGRADE_TRAFFIC,7,0.17093617705618128,2.3643314229631898,0.19128224163596955,0.854613232792349,0.7142857142857143,0.9917966245536728,False,0.8730361401891126,False
c2,REACTOME_CELLULAR_SENESCENCE,7,0.11730997704900033,1.6420364125454003,0.18901713945382326,0.8563110107801403,0.5714285714285714,0.9917966245536728,False,0.8385497583892557,False
c2,REACTOME_ABERRANT_REGULATION_OF_MITOTIC_EXIT_IN_CANCER_DUE_TO_RB1_DEFECTS,7,-0.13190124487170585,1.8525612742900803,-0.18837589686964556,0.8567917994120846,0.5714285714285714,0.9917966245536728,False,0.8281203676959015,False
c2,REACTOME_CELL_DEATH_SIGNALLING_VIA_NRAGE_NRIF_AND_NADE,7,0.11122558907673165,1.584560766789064,0.18571408196607708,0.8587882834558015,0.5714285714285714,0.9917966245536728,False,0.9751484519444076,False
c2,REACTOME_DRUG_ADME,7,0.0760263295291612,1.0867213591079028,0.18509506539222678,0.8592527391535069,0.5714285714285714,0.9917966245536728,False,0.7258001688544068,False
c2,REACTOME_FLT3_SIGNALING_IN_DISEASE,7,0.09552157345393006,1.377235121580313,0.18350267448211488,0.8604478127147606,0.5714285714285714,0.9917966245536728,False,0.73049410367822,False
c2,REACTOME_TRANSCRIPTIONAL_REGULATION_OF_PLURIPOTENT_STEM_CELLS,4,-0.15147052773524855,1.5865115355180346,-0.1909479059486192,0.8607582219191059,0.5,0.9917966245536728,False,0.4964323671126182,False
c2,REACTOME_DOWNSTREAM_SIGNALING_OF_ACTIVATED_FGFR4,7,0.09790039077439892,1.4364388942822157,0.18032099261314785,0.8628368436728401,0.8571428571428571,0.9917966245536728,False,0.1835738448175049,False
c2,REACTOME_RHOA_GTPASE_CYCLE,7,-0.17611646655695742,2.593609734637476,-0.17965708798446628,0.8633355515702019,0.7142857142857143,0.9917966245536728,False,0.702301836242895,False
c2,REACTOME_DAP12_INTERACTIONS,7,0.11980107381662343,1.7671394211953004,0.1793655012816598,0.8635546057522978,0.5714285714285714,0.9917966245536728,False,0.9451894509195926,False
c2,REACTOME_SYNTHESIS_OF_PIPS_AT_THE_PLASMA_MEMBRANE,7,0.17284545419152444,2.566193739277332,0.1782040381594738,0.8644272853637318,0.5714285714285714,0.9917966245536728,False,0.3629214889643899,False
c2,REACTOME_NOTCH4_INTRACELLULAR_DOMAIN_REGULATES_TRANSCRIPTION,4,-0.14055824970282443,1.5136775991442368,-0.18571755277648233,0.8645137476604148,0.75,0.9917966245536728,False,,False
c2,REACTOME_BACTERIAL_INFECTION_PATHWAYS,7,-0.059572044215746134,0.8957788253374084,-0.17595059140546315,0.8661210371091319,0.5714285714285714,0.9917966245536728,False,0.8730361401891126,False
c2,REACTOME_TRANSCRIPTIONAL_REGULATION_BY_THE_AP_2_TFAP2_FAMILY_OF_TRANSCRIPTION_FACTORS,7,-0.09677120141831508,1.458725244906596,-0.17551799690845604,0.8664462763691306,0.5714285714285714,0.9917966245536728,False,0.8881835981052857,False
c2,REACTOME_SIGNALING_BY_EGFR,7,0.09888427704083891,1.5065812692264604,0.17365356318202577,0.8678483482187955,0.7142857142857143,0.9917966245536728,False,0.2904067450641177,False
c2,REACTOME_HS_GAG_BIOSYNTHESIS,7,0.1174030266730949,1.7915675364676995,0.17337845513528155,0.8680552768321369,0.5714285714285714,0.9917966245536728,False,0.4536375305787615,False
c2,REACTOME_ASSEMBLY_OF_THE_HIV_VIRION,5,0.14095400362674565,1.787435681499193,0.17633234978603482,0.8686004781246014,0.6,0.9917966245536728,False,0.7030283344098497,False
c2,REACTOME_INWARDLY_RECTIFYING_K_CHANNELS,5,0.10732336553997235,1.3625126856181835,0.176132188312474,0.8687477243475916,0.6,0.9917966245536728,False,0.6304242290876166,False
c2,REACTOME_TP53_REGULATES_TRANSCRIPTION_OF_GENES_INVOLVED_IN_G2_CELL_CYCLE_ARREST,7,-0.09944402399908825,1.5458509641060074,-0.17020020880556494,0.8704466916080945,0.5714285714285714,0.9917966245536728,False,0.925603633663754,False
c2,REACTOME_RESPIRATORY_SYNCYTIAL_VIRUS_RSV_ATTACHMENT_AND_ENTRY,7,0.09826593546066616,1.530116885954043,0.16991331182907723,0.8706626364551275,0.7142857142857143,0.9917966245536728,False,0.8348057617101062,False
c2,REACTOME_NUCLEAR_EVENTS_MEDIATED_BY_NFE2L2,7,0.1837154852487463,2.8766503830782697,0.16896925980960015,0.8713733023366129,0.5714285714285714,0.9917966245536728,False,0.3762728224313215,False
c2,REACTOME_MEIOTIC_SYNAPSIS,7,-0.12342755112935522,1.9624025345822416,-0.16640755373438282,0.8733023711870581,0.5714285714285714,0.9917966245536728,False,0.9672202365164428,False
c2,REACTOME_RESPIRATORY_SYNCYTIAL_VIRUS_RSV_GENOME_REPLICATION_TRANSCRIPTION_AND_TRANSLATION,7,0.09372801687005346,1.502376241549765,0.1650592019889938,0.8743181194873508,0.7142857142857143,0.9917966245536728,False,0.734342031969274,False
c2,REACTOME_RUNX1_INTERACTS_WITH_CO_FACTORS_WHOSE_PRECISE_EFFECT_ON_RUNX1_TARGETS_IS_NOT_KNOWN,7,0.12564041362075165,2.017331272529081,0.16477873197447748,0.8745294378738376,0.5714285714285714,0.9917966245536728,False,0.5994466526420975,False
c2,REACTOME_SYNDECAN_INTERACTIONS,7,0.17339545344114132,2.835617806246154,0.1617852897044175,0.8767855311688584,0.5714285714285714,0.9917966245536728,False,0.2583028956697197,False
c2,REACTOME_INOSITOL_PHOSPHATE_METABOLISM,7,-0.08773665648673624,1.44955695468523,-0.160138153370188,0.8780274854429374,0.5714285714285714,0.9917966245536728,False,0.6942969636056543,False
c2,REACTOME_GASTRIN_CREB_SIGNALLING_PATHWAY_VIA_PKC_AND_MAPK,5,-0.1036610455271825,1.417927030987965,-0.16347325310243555,0.8780728962341223,0.6,0.9917966245536728,False,0.7781286602543322,False
c2,REACTOME_NEF_MEDIATES_DOWN_MODULATION_OF_CELL_SURFACE_RECEPTORS_BY_RECRUITING_THEM_TO_CLATHRIN_ADAPTERS,7,-0.09796619168073359,1.6194576678241839,-0.16004998786263133,0.8780939737224343,0.5714285714285714,0.9917966245536728,False,0.9672202365164428,False
c2,REACTOME_TRANSLATION_OF_SARS_COV_1_STRUCTURAL_PROTEINS,7,0.048216335123855245,0.8034513712975788,0.1587755481238969,0.8790551887866394,0.5714285714285714,0.9917966245536728,False,0.7492418194029321,False
h,HALLMARK_IL6_JAK_STAT3_SIGNALING,7,0.11842795199922619,1.9972993022037144,0.15687729371503525,0.8804873193106598,0.5714285714285714,0.9917966245536728,False,0.5188601515290113,False
c2,REACTOME_HSP90_CHAPERONE_CYCLE_FOR_STEROID_HORMONE_RECEPTORS_SHR_IN_THE_PRESENCE_OF_LIGAND,7,-0.1281476698870476,2.173090518550143,-0.15602059036166432,0.8811338184210507,0.5714285714285714,0.9917966245536728,False,0.3941540839151855,False
c2,REACTOME_REGULATION_OF_BETA_CELL_DEVELOPMENT,4,0.13602049905454283,1.6754485077974015,0.1623690592954835,0.8813354495166672,0.5,0.9917966245536728,False,0.6028619919516324,False
c2,REACTOME_EXTRA_NUCLEAR_ESTROGEN_SIGNALING,7,-0.0791726120728189,1.345727263653741,-0.1556563858439939,0.8814086906763253,0.5714285714285714,0.9917966245536728,False,0.3941540839151855,False
c2,REACTOME_SIGNALING_BY_FGFR1_IN_DISEASE,7,0.12261810545609732,2.181792812572287,0.14869286001920823,0.8866676348090404,0.5714285714285714,0.9917966245536728,False,0.3535835343124096,False
c2,REACTOME_SIGNALLING_TO_RAS,7,0.07988975007749873,1.437138783939154,0.1470758519429907,0.8878897366513158,0.5714285714285714,0.9917966245536728,False,0.713526475790533,False
c2,REACTOME_RESPIRATORY_SYNCYTIAL_VIRUS_INFECTION_PATHWAY,7,0.03039524043369925,0.5506538312209369,0.14604138329388525,0.8886717444971751,0.5714285714285714,0.9917966245536728,False,0.983224033819154,False
c2,REACTOME_FORMATION_OF_INCISION_COMPLEX_IN_GG_NER,7,-0.09063104080665337,1.6558487506194233,-0.14481225712653492,0.889601082413956,0.5714285714285714,0.9917966245536728,False,0.8844241987455823,False
c2,REACTOME_HDACS_DEACETYLATE_HISTONES,7,0.09850901799925305,1.8154912929167126,0.1435591371548185,0.8905487599506898,0.5714285714285714,0.9917966245536728,False,0.6774465322084748,False
c2,REACTOME_ESTROGEN_DEPENDENT_NUCLEAR_EVENTS_DOWNSTREAM_OF_ESR_MEMBRANE_SIGNALING,7,-0.0942319848857234,1.7789011197156885,-0.14015079016616047,0.8931273354665574,0.7142857142857143,0.9917966245536728,False,0.4919258807084645,False
c2,REACTOME_ACTIVATION_OF_KAINATE_RECEPTORS_UPON_GLUTAMATE_BINDING,7,-0.0666025109310058,1.2681224548310626,-0.1389563602036976,0.8940313189172274,0.5714285714285714,0.9917966245536728,False,0.4175454281627426,False
c2,REACTOME_NEGATIVE_EPIGENETIC_REGULATION_OF_RRNA_EXPRESSION,7,-0.09412367173398566,1.8170510825916562,-0.1370505376971669,0.8954740681320789,0.5714285714285714,0.9917966245536728,False,0.5757637197331924,False
c2,REACTOME_NEURONAL_SYSTEM,7,0.14303790583516984,2.8322612817617725,0.13361857867150184,0.8980732373900826,0.5714285714285714,0.9917966245536728,False,0.5471682922304084,False
c2,REACTOME_NUCLEOTIDE_BINDING_DOMAIN_LEUCINE_RICH_REPEAT_CONTAINING_RECEPTOR_NLR_SIGNALING_PATHWAYS,7,-0.04167628070534638,0.8272528504543349,-0.13329065503480284,0.8983216611083917,0.5714285714285714,0.9917966245536728,False,0.8385497583892557,False
c2,REACTOME_TCF_DEPENDENT_SIGNALING_IN_RESPONSE_TO_WNT,7,-0.08495461119241961,1.6946426340363172,-0.13263491041056258,0.8988184686345345,0.5714285714285714,0.9917966245536728,False,0.9907896896967356,False
c2,REACTOME_MYD88_INDEPENDENT_TLR4_CASCADE,7,0.05193062474634813,1.0423813019096,0.13180927003904505,0.8994440646274399,0.7142857142857143,0.9917966245536728,False,0.8881835981052857,False
c2,REACTOME_ROS_AND_RNS_PRODUCTION_IN_PHAGOCYTES,7,0.13591171513532568,2.7777612083636605,0.12945266764674623,0.9012301199291262,0.7142857142857143,0.9917966245536728,False,0.2818984656777521,False
c2,REACTOME_FGFR2_MUTANT_RECEPTOR_ACTIVATION,7,-0.07584610214961086,1.55640992425519,-0.12893128029718848,0.9016253624304437,0.5714285714285714,0.9917966245536728,False,0.5632067951298605,False
c2,REACTOME_AMINO_ACID_TRANSPORT_ACROSS_THE_PLASMA_MEMBRANE,7,-0.07381041408972373,1.5176886728950492,-0.12867197557427584,0.9018219422911283,0.5714285714285714,0.9917966245536728,False,0.7130894291359946,False
c2,REACTOME_SIGNALING_BY_FGFR_IN_DISEASE,7,0.038896535818556184,0.8017516641992216,0.1283571525113097,0.9020606210643206,0.5714285714285714,0.9917966245536728,False,0.7471171884954766,False
c2,REACTOME_EPIGENETIC_REGULATION_BY_WDR5_CONTAINING_HISTONE_MODIFYING_COMPLEXES,7,-0.14063567025477391,2.929273121806891,-0.1270236654236931,0.9030717100615062,0.5714285714285714,0.9917966245536728,False,0.6569133342925622,False
h,HALLMARK_HYPOXIA,7,-0.08382753994331993,1.757851333079372,-0.12616927241499765,0.903719640764646,0.5714285714285714,0.9917966245536728,False,0.7254679094186088,False
c2,REACTOME_BASE_EXCISION_REPAIR_AP_SITE_FORMATION,6,0.09909167670625313,1.96732634825233,0.1233776215637925,0.9066141903870281,0.5,0.9917966245536728,False,0.3552218324289239,False
c2,REACTOME_SRP_DEPENDENT_COTRANSLATIONAL_PROTEIN_TARGETING_TO_MEMBRANE,7,-0.37189998589563583,8.074090186211299,-0.12186572760218252,0.9069844675848514,0.5714285714285714,0.9917966245536728,False,0.7137022230852186,False
c2,REACTOME_RAC1_GTPASE_CYCLE,7,-0.17113289636717458,3.7193640131204235,-0.12173454475886847,0.9070840193534382,0.5714285714285714,0.9917966245536728,False,0.5470886479381056,False
c2,REACTOME_NGF_STIMULATED_TRANSCRIPTION,7,0.1051238118612295,2.2857792524921137,0.12167905660737678,0.9071261286456038,0.5714285714285714,0.9917966245536728,False,0.4345758783674505,False
c2,REACTOME_REGULATION_OF_PTEN_GENE_TRANSCRIPTION,7,-0.047462403661950946,1.0345576547337034,-0.12137913835957878,0.9073537387278743,0.5714285714285714,0.9917966245536728,False,0.8739792382256654,False
c2,REACTOME_CO_INHIBITION_BY_CTLA4,7,-0.06317740710521118,1.3976769540002585,-0.11959251900081265,0.9087098158399033,0.5714285714285714,0.9917966245536728,False,0.9250443113575956,False
c2,REACTOME_DEVELOPMENTAL_CELL_LINEAGES,7,0.08369714714782937,1.8525261053994801,0.11953506952118424,0.9087534266800809,0.7142857142857143,0.9917966245536728,False,0.8109201007970709,False
c2,REACTOME_CASPASE_ACTIVATION_VIA_EXTRINSIC_APOPTOTIC_SIGNALLING_PATHWAY,7,0.05704380862624614,1.2645000977296867,0.11935446405419846,0.908890529515386,0.5714285714285714,0.9917966245536728,False,0.7581302039635369,False
c2,REACTOME_EPHA_MEDIATED_GROWTH_CONE_COLLAPSE,7,0.080481975125162,1.7887919671879577,0.11903859985418354,0.9091303194339575,0.5714285714285714,0.9917966245536728,False,0.2808053117953652,False
c2,REACTOME_PARASITE_INFECTION,7,0.08038569653261417,1.843662133478108,0.11535766674926376,0.911925485167543,0.7142857142857143,0.9917966245536728,False,0.5815756419017724,False
c2,REACTOME_REGULATION_OF_ENDOGENOUS_RETROELEMENTS,7,0.09217077156235846,2.1556993649475853,0.11312381664540412,0.9136224656815845,0.5714285714285714,0.9917966245536728,False,0.9766828156532312,False
c2,REACTOME_SIGNALING_BY_TGFBR3,7,0.11319622680175209,2.6610344217776096,0.11254610726464682,0.9140614136471429,0.5714285714285714,0.9917966245536728,False,0.890701288996739,False
h,HALLMARK_TNFA_SIGNALING_VIA_NFKB,7,-0.223291555938462,5.2989183756563705,-0.11148953144624724,0.9148642937981447,0.5714285714285714,0.9917966245536728,False,0.8758231557893079,False
c2,REACTOME_MATURATION_OF_TCA_ENZYMES_AND_REGULATION_OF_TCA_CYCLE,7,0.08454939072488905,2.0252099830209302,0.11045603331779334,0.9156497440154717,0.7142857142857143,0.9917966245536728,False,0.7206159600815547,False
c2,REACTOME_SIGNALING_BY_NOTCH3,7,-0.051448055196148,1.260794940784508,-0.10796264728206668,0.9175451251497209,0.5714285714285714,0.9917966245536728,False,0.5327467675401458,False
c2,REACTOME_INSULIN_RECEPTOR_RECYCLING,7,0.08654096781127063,2.1242042295757506,0.10778901381492742,0.9176771372650354,0.7142857142857143,0.9917966245536728,False,0.4819171587337804,False
c2,REACTOME_RHOV_GTPASE_CYCLE,7,0.11059753256205093,2.734205756695294,0.10701958550852561,0.9182621619180158,0.5714285714285714,0.9917966245536728,False,0.7282737937553516,False
h,HALLMARK_DNA_REPAIR,7,-0.12874690599859992,3.2131826980454683,-0.10601087063879279,0.9190292098669688,0.7142857142857143,0.9917966245536728,False,0.4496950553616772,False
c2,REACTOME_SIGNALING_BY_NUCLEAR_RECEPTORS,7,0.0856287780099363,2.1927425542911387,0.1033192205994683,0.9210764621107379,0.5714285714285714,0.9917966245536728,False,0.5994466526420975,False
c2,REACTOME_SIGNALING_BY_ERBB2_IN_CANCER,7,-0.05507888267975267,1.4275850078381565,-0.10207800254403418,0.9220207492681991,0.7142857142857143,0.9917966245536728,False,0.3653603844490771,False
c2,REACTOME_LISTERIA_MONOCYTOGENES_ENTRY_INTO_HOST_CELLS,7,0.04983716636908623,1.345502393785694,0.09799815211756183,0.9251255686490193,0.5714285714285714,0.9917966245536728,False,0.734342031969274,False
c2,REACTOME_SIGNALING_BY_INSULIN_RECEPTOR,7,-0.06056012625590273,1.6369447046647023,-0.09788176288618822,0.9252141638719256,0.5714285714285714,0.9917966245536728,False,0.9045742412188744,False
c2,REACTOME_SPRY_REGULATION_OF_FGF_SIGNALING,6,-0.0373292026143175,0.9304030701543958,-0.0982772970588673,0.9255303575204646,0.5,0.9917966245536728,False,0.5600299488605983,False
c2,REACTOME_NRAGE_SIGNALS_DEATH_THROUGH_JNK,7,-0.07243960557162936,1.9841739563451795,-0.09659293269183415,0.92619529681702,0.5714285714285714,0.9917966245536728,False,0.9733900853042516,False
c2,REACTOME_TICAM1_RIP1_MEDIATED_IKK_COMPLEX_RECRUITMENT,6,-0.03149421798196026,0.7942058668258775,-0.09713446742984397,0.9263930581376534,0.5,0.9917966245536728,False,0.8051105608533257,False
c2,REACTOME_CLASS_A_1_RHODOPSIN_LIKE_RECEPTORS,7,-0.08424803212963752,2.3152427533540374,-0.09627471725748465,0.9264375629975561,0.7142857142857143,0.9917966245536728,False,0.8097833302111769,False
c2,REACTOME_TRANSCRIPTIONAL_REGULATION_BY_NPAS4,7,-0.07690856923390507,2.1280234979417743,-0.09561969032743908,0.9269362802369728,0.5714285714285714,0.9917966245536728,False,0.65795989106504,False
c2,REACTOME_P75NTR_SIGNALS_VIA_NF_KB,5,0.04026624112773978,0.945429184358701,0.09523510998985939,0.9287083089013194,0.6,0.9917966245536728,False,0.8881835981052857,False
c2,REACTOME_ONCOGENIC_MAPK_SIGNALING,7,-0.0783826455737344,2.223439160422024,-0.09327036735831196,0.9287252796189345,0.7142857142857143,0.9917966245536728,False,0.6265480743227131,False
c2,REACTOME_INTERLEUKIN_6_FAMILY_SIGNALING,7,0.03977101351254066,1.1290121273116631,0.09320024878184935,0.92877868169055,0.7142857142857143,0.9917966245536728,False,0.7043142598968972,False
c2,REACTOME_EVASION_BY_RSV_OF_HOST_INTERFERON_RESPONSES,7,0.01783103792442262,0.51798515556942,0.09107691882467668,0.9303959938017076,0.7142857142857143,0.9917966245536728,False,0.5470886479381056,False
c2,REACTOME_CO_STIMULATION_BY_CD28,7,-0.04667488147283682,1.4297013439128199,-0.08637477286869819,0.9339788406881132,0.5714285714285714,0.9917966245536728,False,0.4878219848175437,False
c2,REACTOME_A_TETRASACCHARIDE_LINKER_SEQUENCE_IS_REQUIRED_FOR_GAG_SYNTHESIS,7,0.06824877955180926,2.0988162250436244,0.08603387748920435,0.9342386563451979,0.5714285714285714,0.9917966245536728,False,0.9748418565950604,False
c2,REACTOME_G_ALPHA_Q_SIGNALLING_EVENTS,7,0.04824004856258389,1.4856520050906394,0.08590919764045894,0.9343336841319645,0.5714285714285714,0.9917966245536728,False,0.6569133342925622,False
c2,REACTOME_TGFBR3_EXPRESSION,7,-0.10222471278495718,3.1540855562178787,-0.0857494709808432,0.9344554254329347,0.5714285714285714,0.9917966245536728,False,0.8752342616640147,False
c2,REACTOME_FCERI_MEDIATED_CA_2_MOBILIZATION,7,0.05498191660601404,1.7382281702436302,0.08368779222167178,0.9360269796520534,0.5714285714285714,0.9917966245536728,False,0.826446377958288,False
c2,REACTOME_MATERNAL_TO_ZYGOTIC_TRANSITION_MZT,7,0.05606495711970421,1.7762253022104497,0.08351076500241332,0.9361619368903245,0.5714285714285714,0.9917966245536728,False,0.7471171884954766,False
c2,REACTOME_CITRIC_ACID_CYCLE_TCA_CYCLE,7,0.07300197066826378,2.330743377948332,0.08286843649680393,0.936651637464481,0.5714285714285714,0.9917966245536728,False,0.7296688905409209,False
c2,REACTOME_METABOLISM_OF_NUCLEOTIDES,7,0.07850581084021527,2.5642813609117607,0.08100002407022747,0.9380762558850131,0.5714285714285714,0.9917966245536728,False,0.7471171884954766,False
c2,REACTOME_CDC42_GTPASE_CYCLE,7,-0.10766841569287511,3.5571487425210586,-0.08008207488612917,0.9387762619227674,0.5714285714285714,0.9917966245536728,False,0.5419305142843219,False
c2,REACTOME_REGULATION_OF_T_CELL_ACTIVATION_BY_CD28_FAMILY,7,-0.055080936364766644,1.830338119972848,-0.07961942004677719,0.939129094183532,0.5714285714285714,0.9917966245536728,False,0.7492418194029321,False
c2,REACTOME_INACTIVATION_OF_CSF3_G_CSF_SIGNALING,7,0.01987041210186161,0.66311630894079,0.07928046431834666,0.939387599998307,0.5714285714285714,0.9917966245536728,False,0.8750128573052639,False
c2,REACTOME_SIGNALING_BY_HEDGEHOG,7,-0.06562981001770635,2.196505838167344,-0.07905289978384182,0.9395611574597925,0.5714285714285714,0.9917966245536728,False,0.5146843128424073,False
c2,REACTOME_RESPIRATORY_ELECTRON_TRANSPORT,7,-0.19065227914082974,6.521821895838616,-0.07734319114359092,0.9408652227426261,0.5714285714285714,0.9917966245536728,False,0.2254112161410701,False
c2,REACTOME_NEGATIVE_REGULATION_OF_MET_ACTIVITY,7,0.03333576436509985,1.1536926474863693,0.07644856059927801,0.9415476747340382,0.5714285714285714,0.9917966245536728,False,0.8385497583892557,False
c2,REACTOME_POTASSIUM_CHANNELS,7,0.0455829684684364,1.5855640475806998,0.07606201639826429,0.941842559535645,0.7142857142857143,0.9917966245536728,False,0.8385497583892557,False
c2,REACTOME_SIGNALING_BY_FGFR,7,-0.02379914311787092,0.8402009633585834,-0.07494232552962182,0.942696800250964,0.5714285714285714,0.9917966245536728,False,0.6605486391726727,False
c2,REACTOME_TURBULENT_OSCILLATORY_DISTURBED_FLOW_SHEAR_STRESS_ACTIVATES_SIGNALING_BY_PIEZO1_AND_INTEGRINS_IN_ENDOTHELIAL_CELLS,7,0.0410879962562366,1.464307728686074,0.07423891702156037,0.9432334913493916,0.5714285714285714,0.9917966245536728,False,0.5655250766479941,False
c2,REACTOME_FLT3_SIGNALING,7,-0.04670680491912495,1.6749251577916238,-0.07377917143076713,0.9435842886378693,0.5714285714285714,0.9917966245536728,False,0.4457764409354017,False
c2,REACTOME_SIGNALING_BY_ERBB2_ECD_MUTANTS,6,-0.04739925563397709,1.6105922871525595,-0.07208776014707623,0.9453268196015028,0.5,0.9922666266873769,False,0.3842065830054755,False
c2,REACTOME_MUSCLE_CONTRACTION,7,-0.07270539027303248,2.7388137399629358,-0.0702349264681802,0.9462890946201844,0.5714285714285714,0.9922666266873769,False,0.2808053117953652,False
c2,REACTOME_REGULATION_OF_LIPID_METABOLISM_BY_PPARALPHA,7,0.056055318634739705,2.1439683476395106,0.06917473055667643,0.9470983420617383,0.5714285714285714,0.9922666266873769,False,0.9498609088421884,False
c2,REACTOME_SIGNALING_BY_WNT_IN_CANCER,7,0.036206406600435045,1.4279946640135024,0.06708228689230794,0.9486957061449409,0.5714285714285714,0.9922666266873769,False,0.6002484848648793,False
c2,REACTOME_CYTOSOLIC_SENSORS_OF_PATHOGEN_ASSOCIATED_DNA,7,0.02945376155611593,1.1675423390948692,0.06674475575189015,0.948953400919277,0.5714285714285714,0.9922666266873769,False,0.7348268849595596,False
c2,REACTOME_SIGNALING_BY_CYTOSOLIC_FGFR1_FUSION_MUTANTS,7,-0.045134005605682245,1.8698383264926945,-0.06386293018649222,0.9511538593125013,0.7142857142857143,0.9930060334531677,False,0.7770610680322514,False
c2,REACTOME_G_ALPHA_12_13_SIGNALLING_EVENTS,7,0.046752473338554514,2.0178349291011988,0.06130105879676213,0.9531104093311115,0.5714285714285714,0.9930060334531677,False,0.5854323770593145,False
c2,REACTOME_RAC2_GTPASE_CYCLE,7,-0.05900886879064899,2.550439492832826,-0.061214074047249455,0.9531768476157902,0.5714285714285714,0.9930060334531677,False,0.5419305142843219,False
c2,REACTOME_MITOPHAGY,7,0.04230407294364765,1.8451766803681375,0.060658720460144276,0.953601032125661,0.5714285714285714,0.9930060334531677,False,0.9276430246268044,False
c2,REACTOME_BETA_CATENIN_PHOSPHORYLATION_CASCADE,6,0.02891090851121637,1.2260654588591244,0.05775953750353904,0.9561774222863636,0.6666666666666666,0.9945962056420615,False,0.9385780669004768,False
c2,REACTOME_SIGNALING_BY_FGFR2_IN_DISEASE,7,0.014001654990981811,0.6606121632169695,0.056076619705376626,0.9571015074134916,0.5714285714285714,0.9945962056420615,False,0.780912850830049,False
c2,REACTOME_DEPOLYMERIZATION_OF_THE_NUCLEAR_LAMINA,4,0.04401859624969651,1.6442960846783676,0.05354096097395593,0.9606668123337958,0.5,0.9954322657579973,False,0.9413446315723843,False
c2,REACTOME_ADP_SIGNALLING_THROUGH_P2Y_PURINOCEPTOR_1,6,-0.023841401381936394,1.1695798998214062,-0.04993183291500427,0.9621099758868938,0.6666666666666666,0.9954322657579973,False,0.3904412934678881,False
c2,REACTOME_REGULATION_OF_MITF_M_DEPENDENT_GENES_INVOLVED_IN_PIGMENTATION,7,0.026310070679682034,1.4066199672568482,0.04948735665307106,0.9621371623001921,0.5714285714285714,0.9954322657579973,False,0.8385497583892557,False
c2,REACTOME_SIGNALING_BY_SCF_KIT,7,-0.0376209271778236,2.110906653180126,-0.04715301704802519,0.9639215868145755,0.5714285714285714,0.9954322657579973,False,0.982601049720228,False
c2,REACTOME_O_GLYCOSYLATION_OF_TSR_DOMAIN_CONTAINING_PROTEINS,7,-0.03895254398220015,2.2151925797654286,-0.046523604878236036,0.9644027640749346,0.5714285714285714,0.9954322657579973,False,0.8948176799352973,False
c2,REACTOME_G_BETA_GAMMA_SIGNALLING_THROUGH_PI3KGAMMA,6,0.023996841153909043,1.2737785536756219,0.046146181450521,0.964980115112187,0.6666666666666666,0.9954322657579973,False,0.3340897974906013,False
c2,REACTOME_TRANSCRIPTIONAL_ACTIVITY_OF_SMAD2_SMAD3_SMAD4_HETEROTRIMER,7,0.025730198961476405,1.502967593491553,0.04529419525149699,0.9653426786308894,0.5714285714285714,0.9954322657579973,False,0.7985367274534864,False
c2,REACTOME_RHO_GTPASES_ACTIVATE_PKNS,7,0.03335121298473861,2.0402920832101077,0.0432482271563467,0.9669070071707361,0.7142857142857143,0.9954322657579973,False,0.7403782293137257,False
c2,REACTOME_SIGNALING_BY_ERYTHROPOIETIN,7,0.03531016842424555,2.1853143878887975,0.0427498784248672,0.9672880648066573,0.7142857142857143,0.9954322657579973,False,0.3629214889643899,False
c2,REACTOME_TRAF6_MEDIATED_NF_KB_ACTIVATION,7,-0.021102809635133873,1.4876045030549694,-0.03753200944514673,0.9712784065845651,0.5714285714285714,0.9954322657579973,False,0.902000301308095,False
h,HALLMARK_MTORC1_SIGNALING,7,-0.04910650243785542,3.487897229439827,-0.037249834114985905,0.9714942260142923,0.5714285714285714,0.9954322657579973,False,0.7438471169422984,False
c2,REACTOME_G_ALPHA_S_SIGNALLING_EVENTS,7,-0.020908269740436216,1.5964129036333419,-0.034651487689651296,0.9734816712280817,0.7142857142857143,0.9954322657579973,False,0.6805811298872141,False
h,HALLMARK_UV_RESPONSE_UP,7,-0.02539109993068949,1.9537016149774162,-0.034385258944350267,0.9736853185782132,0.5714285714285714,0.9954322657579973,False,0.5894897742444513,False
c2,REACTOME_CLATHRIN_MEDIATED_ENDOCYTOSIS,7,0.019126785223691718,1.5753103500393826,0.03212364921030836,0.9754153861788433,0.5714285714285714,0.9954322657579973,False,0.9250443113575956,False
c2,REACTOME_HSF1_DEPENDENT_TRANSACTIVATION,7,-0.016800881176360662,1.482514365919055,-0.02998348914604962,0.9770526834023828,0.5714285714285714,0.9954322657579973,False,0.521086358291271,False
c2,REACTOME_FORMATION_OF_THE_URETERIC_BUD,4,-0.014707286214711679,0.9739403159701666,-0.030201617026319273,0.9778031333847994,0.75,0.9954322657579973,False,0.1717540282205579,False
c2,REACTOME_BUDDING_AND_MATURATION_OF_HIV_VIRION,7,-0.017804848318125073,1.653995386582929,-0.028480853793858927,0.9782023257004232,0.7142857142857143,0.9954322657579973,False,0.6531655288922179,False
c2,REACTOME_CD28_DEPENDENT_PI3K_AKT_SIGNALING,7,-0.008067368537148718,0.8733683778847776,-0.02443900125591491,0.9812949588605973,0.5714285714285714,0.9954322657579973,False,0.65795989106504,False
c2,REACTOME_ONCOGENE_INDUCED_SENESCENCE,7,-0.012495663572585343,1.3979447879530835,-0.02364930186420156,0.9818992427056068,0.5714285714285714,0.9954322657579973,False,0.8948176799352973,False
c2,REACTOME_SIGNALING_BY_ERBB2,7,0.015423513240923701,1.7718189459263316,0.023031010291551884,0.9823723732245117,0.7142857142857143,0.9954322657579973,False,0.486054424266338,False
c2,REACTOME_PINK1_PRKN_MEDIATED_MITOPHAGY,7,0.01957320040072587,2.255105846453724,0.022963809305619268,0.9824237973969795,0.5714285714285714,0.9954322657579973,False,0.8492161252836227,False
c2,REACTOME_DOWNSTREAM_SIGNALING_OF_ACTIVATED_FGFR2,7,0.012718124167492953,1.4875026790600203,0.02262113148709765,0.9826860259841821,0.5714285714285714,0.9954322657579973,False,0.3699619309022635,False
c2,REACTOME_SIGNALING_BY_EGFR_IN_CANCER,7,-0.005777928206959263,0.6980824341694717,-0.02189850421746663,0.983239012394208,0.5714285714285714,0.9954322657579973,False,0.5419305142843219,False
c2,REACTOME_PI_METABOLISM,7,0.02200237543476307,2.748676287327792,0.021178490141395688,0.9837900092262518,0.5714285714285714,0.9954322657579973,False,0.6912176733844282,False
c2,REACTOME_NEGATIVE_REGULATION_OF_FGFR2_SIGNALING,7,-0.007418435153673825,0.9403375540920921,-0.020872647751296724,0.9840240606748907,0.5714285714285714,0.9954322657579973,False,0.5643998461142791,False
c2,REACTOME_ADHERENS_JUNCTIONS_INTERACTIONS,7,-0.01626185340648804,2.220422323142453,-0.019376863366093813,0.985168761497247,0.8571428571428571,0.9954322657579973,False,0.502041906425652,False
c2,REACTOME_PEPTIDE_LIGAND_BINDING_RECEPTORS,7,0.016015498408483868,2.3314242051663268,0.01817473877885561,0.9860887571800285,0.5714285714285714,0.9954322657579973,False,0.7681923908994184,False
c2,REACTOME_REGULATION_OF_HOMOTYPIC_CELL_CELL_ADHESION,7,0.017063274020489207,2.589469081087394,0.017434145068766723,0.9866555513165635,0.5714285714285714,0.9954322657579973,False,0.5135934813342088,False
c2,REACTOME_EPHRIN_SIGNALING,6,0.012241791691480727,1.7236721869101572,0.017396662433431343,0.9867930205119547,0.5,0.9954322657579973,False,0.502041906425652,False
c2,REACTOME_SIGNALING_BY_FGFR2_IIIA_TM,7,0.010019739651920014,1.6581962836582285,0.015987093676334142,0.98776303877384,0.5714285714285714,0.9954322657579973,False,0.521086358291271,False
c2,REACTOME_TNFR1_INDUCED_PROAPOPTOTIC_SIGNALING,7,-0.005923187636664273,1.0448451597605395,-0.014998663973308408,0.9885195416902333,0.5714285714285714,0.9954322657579973,False,0.8784139415410872,False
c2,REACTOME_SIGNALING_BY_KIT_IN_DISEASE,7,0.006747438079067842,1.8670987780966408,0.009561381193886073,0.9926812222361631,0.5714285714285714,0.9980087066814554,False,0.4145854789343113,False
c2,REACTOME_NR1H2_AND_NR1H3_MEDIATED_SIGNALING,7,-0.00815977538190835,2.9044152081551995,-0.007433075117517074,0.9943102982323194,0.5714285714285714,0.9980087066814554,False,0.8400199707518692,False
h,HALLMARK_GLYCOLYSIS,7,0.006037889929082499,2.197024482159478,0.007271086565331287,0.9944342909778268,0.5714285714285714,0.9980087066814554,False,0.9672202365164428,False
c2,REACTOME_CONSTITUTIVE_SIGNALING_BY_LIGAND_RESPONSIVE_EGFR_CANCER_VARIANTS,7,0.0022032009787321433,0.9866742015268991,0.0059078486789242764,0.9954777760840905,0.5714285714285714,0.9980087066814554,False,0.6485853016685005,False
c2,REACTOME_CELL_JUNCTION_ORGANIZATION,7,-0.0039045518802425633,2.4251806350842933,-0.004259671674276095,0.9967393796059203,0.5714285714285714,0.9980087066814554,False,0.5146843128424073,False
c2,REACTOME_SIGNALING_BY_FLT3_FUSION_PROTEINS,7,0.0029056468245093614,1.9737797325162367,0.003894871737098996,0.9970186186787952,0.5714285714285714,0.9980087066814554,False,0.8348057617101062,False
h,HALLMARK_APICAL_JUNCTION,7,0.002267277862827504,3.3233608624334243,0.0018049960947458686,0.9986183385565842,0.5714285714285714,0.9986183385565842,False,0.8420970973494453,False
