collection,pathway,n_genes,rank_enrichment_z,p,BH_q
c2,REACTOME_PROCESSING_OF_CAPPED_INTRON_CONTAINING_PRE_MRNA,275,-7.188746893050849,6.539279308044698e-13,6.702761290745816e-10
c2,REACTOME_MRNA_SPLICING,209,-6.802397871000085,1.0289900978986013e-11,5.273574251730332e-09
c2,REACTOME_RRNA_PROCESSING,198,-6.6120166802731255,3.791452389754722e-11,1.2954128998328635e-08
h,HALLMARK_MYC_TARGETS_V1,195,-6.490402363632692,8.561323499400935e-11,2.1938391467214897e-08
c2,REACTOME_MITOTIC_METAPHASE_AND_ANAPHASE,210,-5.35329799040596,8.637014659322161e-08,1.770588005161043e-05
c2,REACTOME_CELL_CYCLE_CHECKPOINTS,240,-5.291689494041487,1.2119764324677635e-07,2.070459738799096e-05
c2,REACTOME_RRNA_MODIFICATION_IN_THE_NUCLEUS_AND_CYTOSOL,59,-5.250077467063652,1.52050500206661e-07,2.2264537530261075e-05
c2,REACTOME_G2_M_CHECKPOINTS,121,-5.0801221441666815,3.772179367262869e-07,4.833104814305551e-05
c2,REACTOME_CELL_CYCLE_MITOTIC,468,-4.86419608566386,1.1492681459810652e-06,0.00013088887218117687
c2,REACTOME_NUCLEAR_ENVELOPE_NE_REASSEMBLY,66,-4.769036034087431,1.8512559598288575e-06,0.00018975373588245789
c2,REACTOME_DNA_REPLICATION,124,-4.681094609883817,2.853649832253961e-06,0.00026590827982366454
c2,REACTOME_COOPERATION_OF_PREFOLDIN_AND_TRIC_CCT_IN_ACTIN_AND_TUBULIN_FOLDING,25,-4.6487369145390725,3.3401972768056326e-06,0.0002853085173938145
h,HALLMARK_E2F_TARGETS,198,-4.5370355415430135,5.705323626478028e-06,0.0004345821072759174
c2,REACTOME_M_PHASE,327,-4.517013840077516,6.2720155879503576e-06,0.0004345821072759174
c2,REACTOME_THE_ROLE_OF_GTSE1_IN_G2_M_PROGRESSION_AFTER_G2_CHECKPOINT,56,-4.514081716504899,6.3597381552573285e-06,0.0004345821072759174
c2,REACTOME_DNA_REPAIR,279,-4.474597748537798,7.655836851853563e-06,0.0004904520483218689
c2,REACTOME_SEPARATION_OF_SISTER_CHROMATIDS,165,-4.32990677239445,1.4917999371737364e-05,0.0008459567275571501
c2,REACTOME_FORMATION_OF_ATP_BY_CHEMIOSMOTIC_COUPLING,15,4.3266480693495195,1.5142067674975236e-05,0.0008459567275571501
c2,REACTOME_CHOLESTEROL_BIOSYNTHESIS,26,4.318924002505836,1.5681149096181318e-05,0.0008459567275571501
c2,REACTOME_DNA_DOUBLE_STRAND_BREAK_REPAIR,132,-4.25247413687667,2.1143333386200988e-05,0.0010391270343913903
c2,REACTOME_SYNTHESIS_OF_DNA,107,-4.242543320456718,2.210143974861191e-05,0.0010391270343913903
h,HALLMARK_MYC_TARGETS_V2,57,-4.228902980995538,2.3485318626232396e-05,0.0010391270343913903
c2,REACTOME_MITOTIC_G2_G2_M_PHASES,177,-4.227455390686972,2.3636026308156742e-05,0.0010391270343913903
c2,REACTOME_ORC1_REMOVAL_FROM_CHROMATIN,57,-4.220938308483514,2.4330779341847183e-05,0.0010391270343913903
c2,REACTOME_HOMOLOGY_DIRECTED_REPAIR,102,-4.197458469829918,2.699438997488588e-05,0.001106769988970321
c2,REACTOME_KINESINS,42,-3.998306975043644,6.380307089568636e-05,0.0025153133718491738
c2,REACTOME_RNA_POLYMERASE_II_TRANSCRIPTION_TERMINATION,66,-3.9707505906032625,7.165180511219947e-05,0.0026242773428843255
c2,REACTOME_FORMATION_OF_TUBULIN_FOLDING_INTERMEDIATES_BY_CCT_TRIC,18,-3.9706475991942822,7.16875761958645e-05,0.0026242773428843255
c2,REACTOME_SLC_MEDIATED_TRANSMEMBRANE_TRANSPORT,143,3.9469189072478272,7.916728826396096e-05,0.0027981541541572405
c2,REACTOME_RESOLUTION_OF_SISTER_CHROMATID_COHESION,113,-3.8923599039192793,9.927930106222376e-05,0.003376043450489563
c2,REACTOME_MITOTIC_PROMETAPHASE,188,-3.885545522885591,0.00010210472874651362,0.003376043450489563
c2,REACTOME_RHO_GTPASES_ACTIVATE_FORMINS,127,-3.8601391402360696,0.00011332833237463371,0.003557706241066134
c2,REACTOME_REGULATION_OF_INSULIN_LIKE_GROWTH_FACTOR_IGF_TRANSPORT_AND_UPTAKE_BY_INSULIN_LIKE_GROWTH_FACTOR_BINDING_PROTEINS_IGFBPS,81,3.8575411591342705,0.00011454078629773894,0.003557706241066134
c2,REACTOME_UCH_PROTEINASES,71,-3.81451816160078,0.000136458207155888,0.004113813598081918
c2,REACTOME_SWITCHING_OF_ORIGINS_TO_A_POST_REPLICATIVE_STATE,78,-3.8046006317709975,0.0001420423834995632,0.0041598126596300656
c2,REACTOME_METABOLISM_OF_STEROIDS,112,3.7702289194219545,0.00016310665249797492,0.004644008855845119
c2,REACTOME_S_PHASE,148,-3.738726784945871,0.00018496320787151786,0.0051239807586028596
c2,REACTOME_DNA_REPLICATION_PRE_INITIATION,90,-3.6846815290448447,0.0002290022349516258,0.006122949568808969
c2,REACTOME_PROTEASOME_ASSEMBLY,50,-3.6803079585087737,0.00023297076408151197,0.006122949568808969
c2,REACTOME_ACTIVATION_OF_GENE_EXPRESSION_BY_SREBF_SREBP,41,3.6696628616282547,0.00024289159542693154,0.0062240971328151205
c2,REACTOME_HDR_THROUGH_HOMOLOGOUS_RECOMBINATION_HRR,67,-3.6068792212359866,0.00030992251335691093,0.007738171349358125
c2,REACTOME_ACTIVATION_OF_APC_C_AND_APC_C_CDC20_MEDIATED_DEGRADATION_OF_MITOTIC_PROTEINS,63,-3.5894374767051196,0.00033141501863170853,0.007738171349358125
c2,REACTOME_SIGNALING_BY_PDGF,49,3.5890321219434544,0.00033193373089152446,0.007738171349358125
c2,REACTOME_SEALING_OF_THE_NUCLEAR_ENVELOPE_NE_BY_ESCRT_III,22,-3.5888524880154318,0.00033217516036269023,0.007738171349358125
c2,REACTOME_REGULATION_OF_CHOLESTEROL_BIOSYNTHESIS_BY_SREBP_SREBF,54,3.544467715901955,0.0003934354788536502,0.008961585907222033
c2,REACTOME_REGULATION_OF_MRNA_STABILITY_BY_PROTEINS_THAT_BIND_AU_RICH_ELEMENTS,74,-3.512289034037082,0.00044429213942514655,0.00989998788936468
h,HALLMARK_G2M_CHECKPOINT,193,-3.4731489634993795,0.0005144094462195628,0.011218503880320252
c2,REACTOME_TRANSPORT_OF_MATURE_TRANSCRIPT_TO_CYTOPLASM,79,-3.444197090004951,0.0005727918563145741,0.0122314927650508
c2,REACTOME_RESOLUTION_OF_D_LOOP_STRUCTURES,34,-3.4154354195047394,0.0006368580951273383,0.013322031581745343
c2,REACTOME_INTRA_GOLGI_TRAFFIC,41,3.409896628371709,0.0006499278056146086,0.013323520015099476
c2,REACTOME_CROSS_PRESENTATION_OF_SOLUBLE_EXOGENOUS_ANTIGENS_ENDOSOMES,39,-3.4035000908046085,0.0006653391774859875,0.013372012880845828
c2,REACTOME_TRNA_PROCESSING,104,-3.3883074028106313,0.0007032897167128098,0.013862922300589038
h,HALLMARK_INTERFERON_GAMMA_RESPONSE,167,3.379848794108997,0.0007252862685793471,0.014026762741393034
c2,REACTOME_TRANSLATION,270,-3.367456104540976,0.0007586749834235118,0.014197071852043008
c2,REACTOME_MITOCHONDRIAL_PROTEIN_IMPORT,61,-3.3663340731433,0.0007617940993779175,0.014197071852043008
c2,REACTOME_HIV_INFECTION,206,-3.3520558906996056,0.0008021670401675943,0.014682521717353287
c2,REACTOME_UBIQUITIN_DEPENDENT_DEGRADATION_OF_CYCLIN_D,39,-3.325164808481013,0.0008837347606491845,0.01589172157307744
c2,REACTOME_APC_C_MEDIATED_DEGRADATION_OF_CELL_CYCLE_PROTEINS,74,-3.31639379983529,0.0009119262114822113,0.016115937358090804
h,HALLMARK_CHOLESTEROL_HOMEOSTASIS,70,3.297437934968707,0.0009757712882510756,0.01695195882131106
h,HALLMARK_APOPTOSIS,142,3.2880670918516284,0.0010088207570092785,0.017234021265575175
c2,REACTOME_EXTRACELLULAR_MATRIX_ORGANIZATION,240,3.2767951910980258,0.0010499592809130695,0.017642758408785184
h,HALLMARK_UV_RESPONSE_DN,143,3.248930793425461,0.0011584450418281626,0.019151712385062365
c2,REACTOME_ACTIVATION_OF_ATR_IN_RESPONSE_TO_REPLICATION_STRESS,37,-3.2363818549488057,0.0012106520726972265,0.019697117055788207
c2,REACTOME_RESOLUTION_OF_ABASIC_SITES_AP_SITES,37,-3.2271566151445983,0.001250371868291256,0.020025486953102148
c2,REACTOME_NEGATIVE_REGULATION_OF_NOTCH4_SIGNALING,43,-3.2096162099915504,0.001329223012489026,0.02078694192009429
c2,REACTOME_DISEASES_OF_METABOLISM,201,3.2076098313857,0.0013384762602207053,0.02078694192009429
c2,REACTOME_MITOTIC_G1_PHASE_AND_G1_S_TRANSITION,134,-3.2023454659890063,0.0013631923201137637,0.02085480788233743
c2,REACTOME_CHROMOSOME_MAINTENANCE,91,-3.1833626498065577,0.0014558264685077423,0.02136719386989682
c2,REACTOME_FOXO_MEDIATED_TRANSCRIPTION,54,3.1800251131007555,0.0014727209640669093,0.02136719386989682
c2,REACTOME_SCF_BETA_TRCP_MEDIATED_DEGRADATION_OF_EMI1,42,-3.178665198831341,0.0014796604253477796,0.02136719386989682
c2,REACTOME_REGULATION_OF_EXPRESSION_OF_SLITS_AND_ROBOS,150,-3.1785749098501954,0.001480069038792853,0.02136719386989682
c2,REACTOME_RETROGRADE_TRANSPORT_AT_THE_TRANS_GOLGI_NETWORK,49,3.1438208756845185,0.0016676902178424254,0.02374142324011786
c2,REACTOME_DEGRADATION_OF_CRY_AND_PER_PROTEINS,48,-3.107229492916431,0.0018886280414902228,0.026518407431883266
c2,REACTOME_INTEGRIN_CELL_SURFACE_INTERACTIONS,62,3.0993620503283106,0.001939496622062829,0.026864649156951345
c2,REACTOME_REGULATION_OF_RUNX2_EXPRESSION_AND_ACTIVITY,58,-3.0739421218182503,0.002112635989725231,0.028872691859578154
c2,REACTOME_METABOLISM_OF_POLYAMINES,45,-3.0468325942005934,0.002312827273084332,0.03119273624883474
c2,REACTOME_DECTIN_1_MEDIATED_NONCANONICAL_NF_KB_SIGNALING,48,-3.042486166504922,0.002346485545341053,0.031235684207462065
h,HALLMARK_INTERFERON_ALPHA_RESPONSE,85,3.0340162479989328,0.002413337518803936,0.03171373021505172
c2,REACTOME_HOST_INTERACTIONS_OF_HIV_FACTORS,110,-3.012461074589118,0.0025915023817437203,0.03362392330743434
c2,REACTOME_EGR2_AND_SOX10_MEDIATED_INITIATION_OF_SCHWANN_CELL_MYELINATION,22,3.004438125735627,0.0026609828043164603,0.03407144725673483
c2,REACTOME_INSULIN_PROCESSING,19,3.0008594319248023,0.0026924753441907525,0.03407144725673483
c2,REACTOME_DEGRADATION_OF_DVL,43,-2.988148584645915,0.00280692917589875,0.03508661469873438
c2,REACTOME_BASE_EXCISION_REPAIR,44,-2.9793762925060174,0.002888559786175762,0.035671973263013926
c2,REACTOME_SCF_SKP2_MEDIATED_DEGRADATION_OF_P27_P21,48,-2.972749991912501,0.0029516442487004593,0.036017087558547274
c2,REACTOME_ASPARAGINE_N_LINKED_GLYCOSYLATION,271,2.9415358085138124,0.003265982461827211,0.03873605088626917
c2,REACTOME_ACTIVATION_OF_THE_PRE_REPLICATIVE_COMPLEX,32,-2.939921320428862,0.0032832213568514752,0.03873605088626917
c2,REACTOME_CDK_MEDIATED_PHOSPHORYLATION_AND_REMOVAL_OF_CDC6,59,-2.939479091383823,0.003287840416688213,0.03873605088626917
c2,REACTOME_PROCESSING_OF_DNA_DOUBLE_STRAND_BREAK_ENDS,62,-2.9339849164438747,0.003346598936436556,0.03887010310976913
c2,REACTOME_FATTY_ACYL_COA_BIOSYNTHESIS,27,2.9293989322889464,0.0033964802678141605,0.03887010310976913
c2,REACTOME_RECRUITMENT_OF_NUMA_TO_MITOTIC_CENTROSOMES,83,-2.9266390431054203,0.0034266347099210235,0.03887010310976913
c2,REACTOME_ELASTIC_FIBRE_FORMATION,38,2.9244502942261748,0.0034509067151112104,0.03887010310976913
c2,REACTOME_TNFR2_NON_CANONICAL_NF_KB_PATHWAY,70,-2.9149252299535124,0.003557931012874302,0.03963999226300174
c2,REACTOME_AUF1_HNRNP_D0_BINDS_AND_DESTABILIZES_MRNA,42,-2.892300146861548,0.003824590279125832,0.041996568014951816
h,HALLMARK_EPITHELIAL_MESENCHYMAL_TRANSITION,197,2.8900938699285956,0.0038513925789321665,0.041996568014951816
c2,REACTOME_VIF_MEDIATED_DEGRADATION_OF_APOBEC3G,41,-2.880270995331268,0.003973613835520104,0.04287320190955901
c2,REACTOME_DEGRADATION_OF_THE_EXTRACELLULAR_MATRIX,96,2.87542215020462,0.0040350616165352425,0.04289892907085399
c2,REACTOME_MOLECULES_ASSOCIATED_WITH_ELASTIC_FIBRES,31,2.8735104466705605,0.004059703531583256,0.04289892907085399
c2,REACTOME_NUCLEAR_RNA_DECAY,35,-2.8696953953829434,0.0041089850905990525,0.04297662977412275
c2,REACTOME_FBXL7_DOWN_REGULATES_AURKA_DURING_MITOTIC_ENTRY_AND_IN_EARLY_MITOSIS,42,-2.852190668832481,0.004342203579001791,0.04495715826744279
c2,REACTOME_FOXO_MEDIATED_TRANSCRIPTION_OF_CELL_DEATH_GENES,15,2.8425156629994817,0.00447641648719353,0.045883268993733684
h,HALLMARK_SPERMATOGENESIS,70,-2.833483977427,0.004604605944403293,0.046729911812013615
c2,REACTOME_EXTENSION_OF_TELOMERES,50,-2.8290349828266788,0.004669152039335839,0.04692040039528661
c2,REACTOME_HEDGEHOG_OFF_STATE,92,-2.81598628911543,0.004862998316241524,0.048166338475734205
h,HALLMARK_ANDROGEN_RESPONSE,89,2.813898976963255,0.004894689897011127,0.048166338475734205
c2,REACTOME_MITOCHONDRIAL_TRANSLATION,93,-2.8113188268885168,0.004934112721904479,0.048166338475734205
c2,REACTOME_REGULATION_OF_APOPTOSIS,40,-2.799275603852341,0.005122095616312893,0.04909738469196799
c2,REACTOME_ECM_PROTEOGLYCANS,58,2.7990706433732995,0.005125287962966414,0.04909738469196799
c2,REACTOME_HOMOLOGOUS_DNA_PAIRING_AND_STRAND_EXCHANGE,43,-2.7892038234043346,0.005284132689710618,0.04977121089361682
c2,REACTOME_REGULATION_OF_ORNITHINE_DECARBOXYLASE_ODC,37,-2.788678171723401,0.005292743402345593,0.04977121089361682
c2,REACTOME_NON_INTEGRIN_MEMBRANE_ECM_INTERACTIONS,67,2.771970487858626,0.005572105480178227,0.05149556047964612
c2,REACTOME_SOMITOGENESIS,40,-2.7717135331783336,0.005576592403161677,0.05149556047964612
c2,REACTOME_TRANSPORT_OF_VITAMINS_NUCLEOSIDES_AND_RELATED_MOLECULES,28,2.7551422270919077,0.005867142740167052,0.0536202207306244
c2,REACTOME_LAMININ_INTERACTIONS,26,2.752689046516069,0.005911302382985909,0.0536202207306244
c2,REACTOME_TELOMERE_MAINTENANCE,65,-2.7310066346573727,0.006314457187064876,0.05670375194549271
c2,REACTOME_PCP_CE_PATHWAY,76,-2.7285382950364925,0.0063618843646162555,0.05670375194549271
c2,REACTOME_ACTIVATION_OF_NF_KAPPAB_IN_B_CELLS,53,-2.703575619969441,0.006860185783335325,0.060440960379685646
c2,REACTOME_BRANCHED_CHAIN_AMINO_ACID_CATABOLISM,21,2.700665563966288,0.006920731395662758,0.060440960379685646
c2,REACTOME_INITIATION_OF_NUCLEAR_ENVELOPE_NE_REFORMATION,19,-2.6988763488818805,0.00695808129249064,0.060440960379685646
c2,REACTOME_CARDIAC_CONDUCTION,58,2.6952675525296574,0.007033606256523354,0.06058358330198687
c2,REACTOME_DISEASES_OF_DNA_REPAIR,51,-2.6904123271762046,0.007136803019067496,0.060732043904013204
c2,REACTOME_GLYCOSAMINOGLYCAN_METABOLISM,99,2.6888884520742224,0.007169343719400583,0.060732043904013204
c2,REACTOME_APC_C_CDH1_MEDIATED_DEGRADATION_OF_CDC20_AND_OTHER_APC_C_CDH1_TARGETED_PROTEINS_IN_LATE_MITOSIS_EARLY_G1,61,-2.6820542729302352,0.007317556027817917,0.061479466627158724
c2,REACTOME_ION_HOMEOSTASIS,29,2.6726109963541314,0.007526937213060163,0.06272447677550136
c2,REACTOME_REGULATION_OF_RAS_BY_GAPS,54,-2.667150205907582,0.007650186685556304,0.06323743026367105
c2,REACTOME_ANTIGEN_PROCESSING_UB_ATP_INDEPENDENT_PROTEASOMAL_DEGRADATION,19,-2.657425142560584,0.007874766390884464,0.0645730844052526
c2,REACTOME_MITOTIC_SPINDLE_CHECKPOINT,108,-2.6401631498731466,0.008286946840334456,0.06741365485192712
h,HALLMARK_HEME_METABOLISM,153,2.6252813468175615,0.008658032276568896,0.06987781955498518
c2,REACTOME_SIGNALING_BY_RECEPTOR_TYROSINE_KINASES,433,2.6222590933927603,0.008735077210446167,0.06994886047427594
c2,REACTOME_DEGRADATION_OF_GLI1_BY_THE_PROTEASOME,45,-2.614450644644926,0.008937660009875168,0.0710162907761399
c2,REACTOME_RESOLUTION_OF_D_LOOP_STRUCTURES_THROUGH_SYNTHESIS_DEPENDENT_STRAND_ANNEALING_SDSA,27,-2.608877514058749,0.009084698750053206,0.07162935552926566
c2,REACTOME_RECRUITMENT_OF_MITOTIC_CENTROSOME_PROTEINS_AND_COMPLEXES,77,-2.5869716575358943,0.009682810124036014,0.07576244562699935
c2,REACTOME_RHO_GTPASE_EFFECTORS,231,-2.578149429937303,0.009933373474029738,0.0771341500824279
c2,REACTOME_TRNA_MODIFICATION_IN_THE_NUCLEUS_AND_CYTOSOL,42,-2.558696014988383,0.010507217897323836,0.0809672779453866
c2,REACTOME_MET_ACTIVATES_PTK2_SIGNALING,28,2.5561359375835395,0.010584990482616395,0.0809672779453866
c2,REACTOME_REGULATION_OF_PLK1_ACTIVITY_AT_G2_M_TRANSITION,85,-2.5515243488577393,0.01072575697256487,0.08143630293984438
c2,REACTOME_G2_M_DNA_DAMAGE_CHECKPOINT,61,-2.5257221820487112,0.011546671509333568,0.08702454630196256
c2,REACTOME_HH_MUTANTS_ABROGATE_LIGAND_SECRETION,43,-2.519448214941175,0.011754614522891442,0.08790235003463873
c2,REACTOME_TIE2_SIGNALING,17,2.5170708095345007,0.011834657858322092,0.08790235003463873
c2,REACTOME_G1_S_DNA_DAMAGE_CHECKPOINTS,54,-2.5130059979664625,0.011971384771021854,0.08827819705249929
c2,REACTOME_SIGNALING_BY_MET,71,2.504716370316389,0.012255545745411192,0.08972810277890338
c2,REACTOME_POST_CHAPERONIN_TUBULIN_FOLDING_PATHWAY,15,-2.497071051176628,0.012523677305202064,0.09104091658036961
c2,REACTOME_TRANSCRIPTIONAL_REGULATION_BY_RUNX2,98,-2.49360814031785,0.01264571706315464,0.09128070415305287
c2,REACTOME_INTEGRATION_OF_ENERGY_METABOLISM,78,2.487927619498447,0.012849568699736136,0.09170192630706239
c2,REACTOME_RHO_GTPASES_ACTIVATE_IQGAPS,20,-2.4870188940821456,0.01288300232996779,0.09170192630706239
c2,REACTOME_MET_PROMOTES_CELL_MOTILITY,38,2.482336784246473,0.013053226928787385,0.09227281104832462
c2,REACTOME_GLOBAL_GENOME_NUCLEOTIDE_EXCISION_REPAIR_GG_NER,84,-2.4772709311845613,0.013239710848085288,0.092589683508329
c2,REACTOME_PLATELET_HOMEOSTASIS,57,2.4762241978305206,0.013278715586072548,0.092589683508329
c2,REACTOME_HCMV_INFECTION,88,-2.4657314698442843,0.013673957613354982,0.09470139563303281
c2,REACTOME_RHOBTB2_GTPASE_CYCLE,23,-2.44299729718435,0.014567038268873626,0.09992870779268853
c2,REACTOME_FATTY_ACID_METABOLISM,128,2.4415786133572883,0.014623713335515395,0.09992870779268853
c2,REACTOME_AURKA_ACTIVATION_BY_TPX2,70,-2.432518943642783,0.014994909371885934,0.10178663646478862
c2,REACTOME_SPHINGOLIPID_METABOLISM,78,2.426565166971024,0.01524318774488283,0.10279123314805856
c2,REACTOME_STABILIZATION_OF_P53,44,-2.416135574721145,0.015687140182323075,0.1050935861887657
c2,REACTOME_LEISHMANIA_INFECTION,135,2.3924010750103633,0.0167390982736422,0.1104839046743843
c2,REACTOME_SARS_COV_2_MODULATES_HOST_TRANSLATION_MACHINERY,48,-2.3916561286274116,0.016773483602283007,0.1104839046743843
c2,REACTOME_RNA_POLYMERASE_III_TRANSCRIPTION_INITIATION_FROM_TYPE_1_PROMOTER,28,-2.3907524486700744,0.01681511134556483,0.1104839046743843
c2,REACTOME_G_ALPHA_I_SIGNALLING_EVENTS,133,2.38068929198959,0.017280858931807044,0.11282089430001414
c2,REACTOME_PCNA_DEPENDENT_LONG_PATCH_BASE_EXCISION_REPAIR,21,-2.3771196860487307,0.017449887459296456,0.11320338383404346
c2,REACTOME_MRNA_SPLICING_MINOR_PATHWAY,50,-2.362334639365768,0.018161223503238594,0.11641329462199469
c2,REACTOME_HIV_LIFE_CYCLE,143,-2.362110032638158,0.01817183135562844,0.11641329462199469
c2,REACTOME_SIGNALING_BY_ROBO_RECEPTORS,191,-2.3587681778952065,0.018336215830816138,0.11673677780488535
c2,REACTOME_ANCHORING_OF_THE_BASAL_BODY_TO_THE_PLASMA_MEMBRANE,94,-2.3527811832762264,0.018634329753759605,0.11720014755171618
c2,REACTOME_GLUTAMATE_NEUROTRANSMITTER_RELEASE_CYCLE,17,2.3488036403522714,0.018835573022115238,0.11720014755171618
c2,REACTOME_RHOBTB_GTPASE_CYCLE,35,-2.346904904050932,0.018931302355979316,0.11720014755171618
c2,REACTOME_G_BETA_GAMMA_SIGNALLING_THROUGH_CDC42,16,2.3453164305389267,0.01901274257304903,0.11720014755171618
c2,REACTOME_HDMS_DEMETHYLATE_HISTONES,22,2.3439979645190303,0.01907981999839813,0.11720014755171618
c2,REACTOME_INFLUENZA_INFECTION,151,-2.3436817727640578,0.01909504843037717,0.11720014755171618
c2,REACTOME_SIGNALING_BY_HIPPO,19,2.338939541640532,0.019340244226725128,0.11799851388329319
c2,REACTOME_NUCLEOTIDE_EXCISION_REPAIR,108,-2.3227856175917005,0.020191407119390374,0.12246267631582919
c2,REACTOME_CELLULAR_RESPONSE_TO_STARVATION,150,-2.313721883158926,0.020683620770080773,0.12471006640783995
c2,REACTOME_MEIOTIC_RECOMBINATION,22,-2.308491078280084,0.02097351595720319,0.12564264872233893
c2,REACTOME_SIGNALING_BY_PDGFR_IN_DISEASE,19,2.306519240771681,0.02108344934657785,0.12564264872233893
c2,REACTOME_REGULATION_OF_INSULIN_SECRETION,54,2.296802729842739,0.021631127114004337,0.12745115174709673
c2,REACTOME_NUCLEAR_EVENTS_KINASE_AND_TRANSCRIPTION_FACTOR_ACTIVATION,56,2.2967238436192057,0.02163561015023886,0.12745115174709673
c2,REACTOME_SIGNALING_BY_GPCR,315,2.2930281731146547,0.0218468479828162,0.12796010961363774
c2,REACTOME_REGULATION_OF_PYRUVATE_METABOLISM,32,2.286249277227856,0.0222411438161726,0.12952938870214156
c2,REACTOME_RUNX1_REGULATES_TRANSCRIPTION_OF_GENES_INVOLVED_IN_DIFFERENTIATION_OF_HSCS,53,-2.2786963022597355,0.022686283365716497,0.131375369773217
c2,REACTOME_DEGRADATION_OF_AXIN,42,-2.272199743352192,0.023075769132050308,0.13277593568585502
c2,REACTOME_METABOLISM_OF_CARBOHYDRATES_AND_CARBOHYDRATE_DERIVATIVES,226,2.2687624553888157,0.023283353294514857,0.13277593568585502
c2,REACTOME_HCMV_EARLY_EVENTS,64,-2.2682221610151005,0.02331674968141844,0.13277593568585502
c2,REACTOME_FCERI_MEDIATED_NF_KB_ACTIVATION,61,-2.2656529974037967,0.023473750333860992,0.13293145907296972
c2,REACTOME_N_GLYCAN_TRIMMING_IN_THE_ER_AND_CALNEXIN_CALRETICULIN_CYCLE,34,2.2630740502863897,0.02363262258790314,0.13309581402527867
c2,REACTOME_SYNTHESIS_OF_VERY_LONG_CHAIN_FATTY_ACYL_COAS,17,2.25587895467735,0.024080364163754853,0.13487635665491107
c2,REACTOME_REGULATION_OF_HSF1_MEDIATED_HEAT_SHOCK_RESPONSE,76,-2.250929314863034,0.024391046034087687,0.1358740336138037
c2,REACTOME_NCAM1_INTERACTIONS,24,2.2475131484658335,0.024609096763285005,0.13634769828306556
c2,REACTOME_RNA_POLYMERASE_III_TRANSCRIPTION,41,-2.2435161386233347,0.02486497605262641,0.13702473362334447
c2,REACTOME_EUKARYOTIC_TRANSLATION_INITIATION,117,-2.2365366635227324,0.02531749842094439,0.13779560116220702
c2,REACTOME_CYCLIN_A_CDK2_ASSOCIATED_EVENTS_AT_S_PHASE_ENTRY,73,-2.2351756706505537,0.025406908108967733,0.13779560116220702
c2,REACTOME_RNA_POLYMERASE_I_TRANSCRIPTION_TERMINATION,28,-2.235166686681558,0.025408164506982564,0.13779560116220702
c2,REACTOME_GAP_JUNCTION_TRAFFICKING_AND_REGULATION,27,-2.230674234884931,0.02570452257402031,0.13827443992830962
c2,REACTOME_OPIOID_SIGNALLING,71,2.2297078425999453,0.025767963662550554,0.13827443992830962
c2,REACTOME_REGULATION_OF_RUNX3_EXPRESSION_AND_ACTIVITY,45,-2.22771159466116,0.025901163381693116,0.13827443992830962
c2,REACTOME_ANTIGEN_PRESENTATION_FOLDING_ASSEMBLY_AND_PEPTIDE_LOADING_OF_CLASS_I_MHC,28,2.221460576884909,0.02632159336808992,0.13979084560773145
c2,REACTOME_ENDOGENOUS_STEROLS,16,2.218953924396096,0.0264922677169568,0.13997203304062225
c2,REACTOME_SNRNP_ASSEMBLY,50,-2.2071020367246623,0.027308332052954687,0.1429690010799749
c2,REACTOME_COLLAGEN_CHAIN_TRIMERIZATION,31,2.2064037196949577,0.027357524861698266,0.1429690010799749
c2,REACTOME_HEDGEHOG_LIGAND_BIOGENESIS,47,-2.2043358722400406,0.027502185129657714,0.1429690010799749
c2,REACTOME_CARBOXYTERMINAL_POST_TRANSLATIONAL_MODIFICATIONS_OF_TUBULIN,27,-2.202705619890529,0.027617426550082955,0.1429690010799749
c2,REACTOME_ER_TO_GOLGI_ANTEROGRADE_TRANSPORT,137,2.19116627224379,0.02844064174296886,0.14649074264594514
c2,REACTOME_POSTMITOTIC_NUCLEAR_PORE_COMPLEX_NPC_REFORMATION,27,-2.170048309205057,0.03000525137553399,0.15320710608300456
c2,REACTOME_ANTIGEN_PROCESSING_CROSS_PRESENTATION,83,-2.1695314667479746,0.0300435398270087,0.15320710608300456
c2,REACTOME_ANTI_INFLAMMATORY_RESPONSE_FAVOURING_LEISHMANIA_PARASITE_INFECTION,60,2.165888035729414,0.030321143413929528,0.15385728712513744
c2,REACTOME_RNA_POLYMERASE_III_TRANSCRIPTION_INITIATION_FROM_TYPE_3_PROMOTER,28,-2.1518056985824106,0.031414770187588786,0.1569142843052566
h,HALLMARK_KRAS_SIGNALING_UP,153,2.150201056089119,0.03154022480127592,0.1569142843052566
c2,REACTOME_TRANSPORT_OF_SMALL_MOLECULES,463,2.1464528788992316,0.031837398690578785,0.1569142843052566
c2,REACTOME_HDR_THROUGH_SINGLE_STRAND_ANNEALING_SSA,37,-2.1454739520411534,0.03191683265359311,0.1569142843052566
c2,REACTOME_RECYCLING_PATHWAY_OF_L1,36,-2.1448916514884053,0.03196339960771313,0.1569142843052566
c2,REACTOME_TRANSPORT_TO_THE_GOLGI_AND_SUBSEQUENT_MODIFICATION,159,2.1446421326784426,0.03198237463999912,0.1569142843052566
h,HALLMARK_PROTEIN_SECRETION,94,2.143199068656365,0.03209829291994794,0.1569142843052566
c2,REACTOME_PHASE_I_FUNCTIONALIZATION_OF_COMPOUNDS,51,2.1413307588758204,0.0322489743148852,0.1569142843052566
c2,REACTOME_PKR_MEDIATED_SIGNALING,62,-2.1406790920718684,0.032301379500886976,0.1569142843052566
c2,REACTOME_CALNEXIN_CALRETICULIN_CYCLE,25,2.135399327070949,0.032730717551293954,0.15824993155696368
c2,REACTOME_E2F_MEDIATED_REGULATION_OF_DNA_REPLICATION,22,-2.124193430658885,0.033656496093474556,0.16124000038317718
c2,REACTOME_ABC_TRANSPORTER_DISORDERS,55,-2.1240953975318724,0.033663765933658454,0.16124000038317718
c2,REACTOME_DOWNSTREAM_SIGNAL_TRANSDUCTION,27,2.119454011515378,0.034054417981917474,0.16235245782076935
c2,REACTOME_INTERLEUKIN_2_FAMILY_SIGNALING,32,2.1083302659290077,0.03500459663566606,0.1654386614647458
c2,REACTOME_PEPTIDE_HORMONE_METABOLISM,45,2.1068424346837182,0.03513307213414345,0.1654386614647458
c2,REACTOME_COMPLEMENT_CASCADE,26,2.1062393463210864,0.03518597873103862,0.1654386614647458
c2,REACTOME_CELLULAR_RESPONSES_TO_MECHANICAL_STIMULI,88,2.097620119339813,0.035940054645583315,0.1679660049462378
c2,REACTOME_PYROPTOSIS,24,-2.0952736352063206,0.036149243297261754,0.1679660049462378
c2,REACTOME_PROTEIN_FOLDING,78,-2.0945200466942935,0.03621510935914005,0.1679660049462378
c2,REACTOME_METABOLISM_OF_STEROID_HORMONES,17,2.0907024069698963,0.03655782945426217,0.1680429188664712
c2,REACTOME_RESPONSE_OF_EIF2AK4_GCN2_TO_AMINO_ACID_DEFICIENCY,99,-2.0906628153190594,0.036559581372900565,0.1680429188664712
c2,REACTOME_NONSENSE_MEDIATED_DECAY_NMD,113,-2.085544301687023,0.0370211336360965,0.16893655555887482
c2,REACTOME_DEFECTIVE_CFTR_CAUSES_CYSTIC_FIBROSIS,46,-2.0848630190832003,0.03708363414707008,0.16893655555887482
c2,REACTOME_RESOLUTION_OF_AP_SITES_VIA_THE_MULTIPLE_NUCLEOTIDE_PATCH_REPLACEMENT_PATHWAY,24,-2.080818687118634,0.037453152277932174,0.1691589062281806
c2,REACTOME_MATURATION_OF_SARS_COV_2_SPIKE_PROTEIN,37,2.0807109049308075,0.03746250898907024,0.1691589062281806
c2,REACTOME_ION_TRANSPORT_BY_P_TYPE_ATPASES,32,2.0779257502031063,0.03771850556144833,0.1695678429845813
c2,REACTOME_PROCESSING_OF_CAPPED_INTRONLESS_PRE_MRNA,29,-2.074535370240868,0.038032057749137524,0.17023082616972035
c2,REACTOME_COMPLEX_I_BIOGENESIS,62,-2.0724385056716237,0.03822624406797828,0.17035608769425103
h,HALLMARK_INFLAMMATORY_RESPONSE,143,2.065257399296456,0.03889977760570809,0.1717540282205579
c2,REACTOME_FORMATION_OF_THE_URETERIC_BUD,18,2.065254717277225,0.03890206195189011,0.1717540282205579
c2,REACTOME_MYOGENESIS,23,2.0637669121823987,0.03904262300038048,0.1717540282205579
c2,REACTOME_MITOCHONDRIAL_UNFOLDED_PROTEIN_RESPONSE_UPRMT,16,-2.051886409271681,0.040184143806263055,0.17602028804025485
c2,REACTOME_DOWNSTREAM_TCR_SIGNALING,67,-2.047509322349571,0.040609802624466215,0.17712786251096968
c2,REACTOME_DARPP_32_EVENTS,21,2.0431288695699377,0.04104274109845182,0.17794891459729328
c2,REACTOME_NEUROTRANSMITTER_RELEASE_CYCLE,30,2.0419745789373174,0.041156618804275624,0.17794891459729328
c2,REACTOME_TRNA_AMINOACYLATION,24,-2.040344832473112,0.04131886992600566,0.17794891459729328
c2,REACTOME_SIGNALING_BY_FGFR1,39,2.0370804239931997,0.041644257029440926,0.17859984709279056
c2,REACTOME_TCR_SIGNALING,82,-2.0320631447760666,0.04214885079970191,0.17949056106983532
c2,REACTOME_NCAM_SIGNALING_FOR_NEURITE_OUT_GROWTH,42,2.031542875177791,0.042202170944224696,0.17949056106983532
c2,REACTOME_RHOBTB1_GTPASE_CYCLE,23,-2.0291571931960815,0.04244528899994534,0.17977860010307428
c2,REACTOME_ANTIVIRAL_MECHANISM_BY_IFN_STIMULATED_GENES,132,-2.022413392439433,0.043134940779190445,0.18194779546777862
c2,REACTOME_RESPONSE_OF_EIF2AK1_HRI_TO_HEME_DEFICIENCY,15,-2.017542752986978,0.04364271487895226,0.18332031647204816
c2,REACTOME_TGF_BETA_RECEPTOR_SIGNALING_ACTIVATES_SMADS,46,2.015848305408887,0.043818026864050535,0.18332031647204816
c2,REACTOME_INTRA_GOLGI_AND_RETROGRADE_GOLGI_TO_ER_TRAFFIC,180,2.0112512138344956,0.044300050398796295,0.18357384481750497
c2,REACTOME_BUTYRATE_RESPONSE_FACTOR_1_BRF1_BINDS_AND_DESTABILIZES_MRNA,17,-2.0103462486257295,0.044398187303477034,0.18357384481750497
c2,REACTOME_CILIUM_ASSEMBLY,173,-2.007411201533516,0.04470704974143246,0.18357384481750497
c2,REACTOME_ACTIVATION_OF_THE_MRNA_UPON_BINDING_OF_THE_CAP_BINDING_COMPLEX_AND_EIFS_AND_SUBSEQUENT_BINDING_TO_43S,59,-2.0063322287137586,0.0448227824603742,0.18357384481750497
h,HALLMARK_APICAL_SURFACE,31,2.0045770907236222,0.04501100037670759,0.18357384481750497
c2,REACTOME_HIV_TRANSCRIPTION_INITIATION,45,-2.0024976948290663,0.04523350121703588,0.18357384481750497
c2,REACTOME_FORMATION_OF_PARAXIAL_MESODERM,51,-2.0021146771242186,0.045274534202739886,0.18357384481750497
c2,REACTOME_CD209_DC_SIGN_SIGNALING,19,2.0006379251593582,0.045434926896528595,0.18357384481750497
c2,REACTOME_DOWNSTREAM_SIGNALING_OF_ACTIVATED_FGFR4,15,1.9988266004734008,0.04563107530355406,0.18357384481750497
c2,REACTOME_SIGNALING_BY_FGFR4,29,1.9984606556596072,0.04566959066191587,0.18357384481750497
c2,REACTOME_AZATHIOPRINE_ADME,18,-1.9922322338183425,0.046349243309135986,0.18557802496822026
c2,REACTOME_AGGREPHAGY,31,-1.9891576584043293,0.04668661149898414,0.18620146609517021
c2,REACTOME_RUNX1_REGULATES_GENES_INVOLVED_IN_MEGAKARYOCYTE_DIFFERENTIATION_AND_PLATELET_FUNCTION,33,1.9854140454966491,0.04710116639572314,0.1871267269597528
c2,REACTOME_RAB_GERANYLGERANYLATION,54,1.9728451731432506,0.04851540397528507,0.19200111611840615
c2,REACTOME_SELENOAMINO_ACID_METABOLISM,103,-1.9663364056351402,0.0492613803170138,0.19420351855745824
c2,REACTOME_FANCONI_ANEMIA_PATHWAY,35,-1.95109971531386,0.05104803367860986,0.20047599433170538
c2,REACTOME_FORMATION_OF_THE_DYSTROPHIN_GLYCOPROTEIN_COMPLEX_DGC,30,1.9422941479401745,0.05210463046073862,0.20384445122998887
c2,REACTOME_DNA_DOUBLE_STRAND_BREAK_RESPONSE,44,-1.9381993923865044,0.05260150696639327,0.2050058731579966
c2,REACTOME_TRANSCRIPTION_COUPLED_NUCLEOTIDE_EXCISION_REPAIR_TC_NER,76,-1.9355732354398039,0.05292198669382654,0.20547362258019777
c2,REACTOME_TELOMERE_EXTENSION_BY_TELOMERASE,22,-1.9300528877027399,0.05360402582335685,0.20733632629788967
c2,REACTOME_DISEASES_OF_CARBOHYDRATE_METABOLISM,27,1.9281443233762794,0.053840567013847616,0.20746835033531508
c2,REACTOME_REGULATION_OF_TP53_ACTIVITY_THROUGH_PHOSPHORYLATION,87,-1.9239489685730014,0.05436288877397771,0.20859879721911292
c2,REACTOME_CHONDROITIN_SULFATE_BIOSYNTHESIS,16,1.9225506676901953,0.054540953809485135,0.20859879721911292
c2,REACTOME_TRISTETRAPROLIN_TTP_ZFP36_BINDS_AND_DESTABILIZES_MRNA,17,-1.9207869063344534,0.05476290908647292,0.20866907737410686
c2,REACTOME_ATF4_ACTIVATES_GENES_IN_RESPONSE_TO_ENDOPLASMIC_RETICULUM_STRESS,26,-1.918071149813661,0.055105511881711124,0.2091968506620515
c2,REACTOME_THROMBIN_SIGNALLING_THROUGH_PROTEINASE_ACTIVATED_RECEPTORS_PARS,25,1.9029483178654913,0.05705098602609874,0.21516152021328408
c2,REACTOME_SIGNALING_BY_ERBB4,41,1.9019421345661593,0.057181614026875466,0.21516152021328408
c2,REACTOME_DEPOSITION_OF_NEW_CENPA_CONTAINING_NUCLEOSOMES_AT_THE_CENTROMERE,27,-1.9009935041419475,0.05730643416412347,0.21516152021328408
c2,REACTOME_O_LINKED_GLYCOSYLATION,72,1.8993806958129558,0.057516637098094,0.21516260228301587
c2,REACTOME_KERATAN_SULFATE_KERATIN_METABOLISM,28,1.8973860354821241,0.05778053792793545,0.2151672444513491
c2,REACTOME_CLASS_B_2_SECRETIN_FAMILY_RECEPTORS,47,1.8961895600871628,0.05793771655470474,0.2151672444513491
c2,REACTOME_PLATELET_CALCIUM_HOMEOSTASIS,17,1.893658117833645,0.05827496510942581,0.2156384087984168
c2,REACTOME_RMTS_METHYLATE_HISTONE_ARGININES,29,-1.8875052109487633,0.05909594094879199,0.21788971033277624
c2,REACTOME_SIGNALING_BY_NOTCH4,65,-1.879865599629621,0.06012879609519207,0.22039294955545977
c2,REACTOME_NUCLEAR_SIGNALING_BY_ERBB4,23,1.8793195531478102,0.06020490329319877,0.22039294955545977
c2,REACTOME_TRNA_PROCESSING_IN_THE_NUCLEUS,56,-1.871770995546553,0.06124091557705688,0.22311884136576457
c2,REACTOME_ORGANELLE_BIOGENESIS_AND_MAINTENANCE,258,-1.8707217657616346,0.06138489099038596,0.22311884136576457
c2,REACTOME_NOTCH3_INTRACELLULAR_DOMAIN_REGULATES_TRANSCRIPTION,17,1.8679029388771813,0.06178038877590266,0.22371049916506866
c2,REACTOME_MHC_CLASS_II_ANTIGEN_PRESENTATION,95,-1.8664234843727907,0.06198417732963853,0.22371049916506866
c2,REACTOME_PYRUVATE_METABOLISM,42,1.8622257656352423,0.0625743555348458,0.2248554657686699
c2,REACTOME_SIGNALING_BY_NTRKS,118,1.86044534484218,0.062824394567618,0.2248554657686699
c2,REACTOME_FOXO_MEDIATED_TRANSCRIPTION_OF_OXIDATIVE_STRESS_METABOLIC_AND_NEURONAL_GENES,21,1.859508085750823,0.06295953041522757,0.2248554657686699
c2,REACTOME_PROCESSING_OF_SMDT1,15,-1.85721258711872,0.06328611376454875,0.22523703683563356
c2,REACTOME_RESPIRATORY_ELECTRON_TRANSPORT,141,-1.8553009910895686,0.06355496728270171,0.2254112161410701
c2,REACTOME_RNA_POLYMERASE_III_CHAIN_ELONGATION,18,-1.8441180740420533,0.06517079731986535,0.2303450594926275
c2,REACTOME_AQUAPORIN_MEDIATED_TRANSPORT,32,1.8394982463228926,0.06584561602034025,0.23193043443590639
c2,REACTOME_COLLAGEN_BIOSYNTHESIS_AND_MODIFYING_ENZYMES,53,1.8313401012348653,0.06705270110790963,0.23537335149180608
c2,REACTOME_G_PROTEIN_BETA_GAMMA_SIGNALLING,25,1.8216499512532975,0.06851241749729561,0.23842951547707594
c2,REACTOME_EPIGENETIC_REGULATION_OF_GENE_EXPRESSION,244,-1.821616731269629,0.06851454972619796,0.23842951547707594
c2,REACTOME_VXPX_CARGO_TARGETING_TO_CILIUM,17,1.8201013267339847,0.0687488043714979,0.23842951547707594
c2,REACTOME_CLEC7A_DECTIN_1_SIGNALING,85,-1.8193933279457588,0.06885379178655071,0.23842951547707594
c2,REACTOME_CHONDROITIN_SULFATE_DERMATAN_SULFATE_METABOLISM,42,1.8115312345167163,0.07006204079958955,0.24179660545312892
c2,REACTOME_ABC_FAMILY_PROTEINS_MEDIATED_TRANSPORT,76,-1.8093656810934498,0.0703967388242795,0.24213643387545802
c2,REACTOME_DOWNSTREAM_SIGNALING_EVENTS_OF_B_CELL_RECEPTOR_BCR,66,-1.8052581255410494,0.0710370305204529,0.24337242317832367
c2,REACTOME_GAP_FILLING_DNA_REPAIR_SYNTHESIS_AND_LIGATION_IN_GG_NER,25,-1.8040305839944875,0.07123095312536303,0.24337242317832367
c2,REACTOME_DEADENYLATION_DEPENDENT_MRNA_DECAY,53,-1.800799587336964,0.07173754507114885,0.2438201696043822
c2,REACTOME_MITOCHONDRIAL_CALCIUM_ION_TRANSPORT,21,-1.8001758903733913,0.07183774753221797,0.2438201696043822
c2,REACTOME_RET_SIGNALING,33,1.7906214972813381,0.07335801551232891,0.24815830330078265
c2,REACTOME_FORMATION_OF_THE_EARLY_ELONGATION_COMPLEX,33,-1.78563946452121,0.07416164874292437,0.25005161171545226
c2,REACTOME_RNA_POLYMERASE_I_TRANSCRIPTION_INITIATION,44,-1.7840443526224834,0.07441993053359203,0.25009976654731747
c2,REACTOME_TELOMERE_C_STRAND_LAGGING_STRAND_SYNTHESIS,34,-1.7802019785693892,0.07504688706627605,0.2513825465455325
c2,REACTOME_CRISTAE_FORMATION,27,1.7758707528512003,0.07575871678251832,0.25294034104912466
c2,REACTOME_KSRP_KHSRP_BINDS_AND_DESTABILIZES_MRNA,17,-1.772849158408526,0.07625939716721676,0.25330336449188445
c2,REACTOME_HATS_ACETYLATE_HISTONES,79,-1.7722139603249067,0.07636169719804127,0.25330336449188445
c2,REACTOME_ACTIVATION_OF_AMPK_DOWNSTREAM_OF_NMDARS,16,-1.7706324950389265,0.07662772465630383,0.25336586378294007
c2,REACTOME_SYNDECAN_INTERACTIONS,26,1.7592365251267021,0.07854205909919584,0.2583028956697197
c2,REACTOME_EUKARYOTIC_TRANSLATION_ELONGATION,90,-1.7587361301196067,0.07862488141361225,0.2583028956697197
c2,REACTOME_SYNTHESIS_OF_PA,28,1.7544891329537857,0.07935131351380156,0.25979492237080903
c2,REACTOME_CYTOCHROME_P450_ARRANGED_BY_SUBSTRATE_TYPE,27,1.7504645645716848,0.08004288364011294,0.25979492237080903
c2,REACTOME_SIGNALING_BY_ALK_IN_CANCER,82,1.7500551222461946,0.08011150759971497,0.25979492237080903
c2,REACTOME_INTERFERON_ALPHA_BETA_SIGNALING,58,1.749158433903825,0.0802668550541861,0.25979492237080903
c2,REACTOME_SPHINGOLIPID_DE_NOVO_BIOSYNTHESIS,28,1.7487068678833246,0.08034633208931363,0.25979492237080903
c2,REACTOME_BASIGIN_INTERACTIONS,18,1.7467325133779679,0.08068953977092502,0.2600842083811263
c2,REACTOME_RECOGNITION_OF_DNA_DAMAGE_BY_PCNA_CONTAINING_REPLICATION_COMPLEX,30,-1.7418469916797032,0.08153974856320789,0.26156272567648853
c2,REACTOME_DEGRADATION_OF_BETA_CATENIN_BY_THE_DESTRUCTION_COMPLEX,71,-1.7411593190816341,0.08165860704046471,0.26156272567648853
c2,REACTOME_CELLULAR_RESPONSE_TO_HYPOXIA,58,-1.7362342600528227,0.08252571333025388,0.2635166858676331
c2,REACTOME_CELL_SURFACE_INTERACTIONS_AT_THE_VASCULAR_WALL,90,1.7297252471343503,0.08368205151830405,0.26637920126168213
c2,REACTOME_ASSOCIATION_OF_TRIC_CCT_WITH_TARGET_PROTEINS_DURING_BIOSYNTHESIS,36,-1.7265029296173984,0.08426121782342402,0.26694968031687355
c2,REACTOME_RNA_POLYMERASE_I_PROMOTER_ESCAPE,29,-1.725833289850412,0.08438214285138247,0.26694968031687355
c2,REACTOME_MEIOSIS,43,-1.7241447006949022,0.08468562533330667,0.26708543374350563
c2,REACTOME_RNA_POLYMERASE_II_TRANSCRIBES_SNRNA_GENES,74,-1.7160052964683508,0.08616409259742147,0.2704744780155167
c2,REACTOME_TP53_REGULATES_TRANSCRIPTION_OF_DNA_REPAIR_GENES,61,-1.7153306207899561,0.08628795542543802,0.2704744780155167
c2,REACTOME_RNA_POLYMERASE_I_TRANSCRIPTION,49,-1.7102009659769155,0.0872324611629197,0.27260144113412405
c2,REACTOME_RAS_PROCESSING,21,1.7011034849671172,0.08892935853716036,0.2770595516735239
c2,REACTOME_SIGNALING_BY_RETINOIC_ACID,30,1.6977744814515945,0.08955521752925592,0.27816393323481003
c2,REACTOME_SUMOYLATION_OF_RNA_BINDING_PROTEINS,45,-1.694577170494926,0.09015967241385724,0.2791953601939688
c2,REACTOME_MUSCLE_CONTRACTION,101,1.6891448488863612,0.09119438351864448,0.2808053117953652
c2,REACTOME_EPHA_MEDIATED_GROWTH_CONE_COLLAPSE,23,1.6886117329996557,0.09129952370110464,0.2808053117953652
c2,REACTOME_COLLAGEN_DEGRADATION,47,1.6851480044683014,0.0919640084867285,0.2808053117953652
c2,REACTOME_RHO_GTPASES_ACTIVATE_NADPH_OXIDASES,16,-1.6844794586379042,0.09209588125262994,0.2808053117953652
c2,REACTOME_ENDOSOMAL_SORTING_COMPLEX_REQUIRED_FOR_TRANSPORT_ESCRT,31,-1.684178589462016,0.09215207579413583,0.2808053117953652
c2,REACTOME_METABOLISM_OF_AMINO_ACIDS_AND_DERIVATIVES,264,-1.6832763633034369,0.09232330739028105,0.2808053117953652
c2,REACTOME_ROS_AND_RNS_PRODUCTION_IN_PHAGOCYTES,27,-1.6800250897709679,0.09295773795032217,0.2818984656777521
c2,REACTOME_VISUAL_PHOTOTRANSDUCTION,46,1.6740352746912264,0.09412777447126484,0.28460462782609575
c2,REACTOME_SIGNALING_BY_NTRK2_TRKB,22,1.6702125280323534,0.09488329392640499,0.2853180207336793
c2,REACTOME_TRANSCRIPTIONAL_REGULATION_BY_VENTX,38,1.670017577266297,0.09492043421481428,0.2853180207336793
c2,REACTOME_ADORA2B_MEDIATED_ANTI_INFLAMMATORY_CYTOKINES_PRODUCTION,35,1.6676221518446608,0.09539551554971139,0.28590761239314083
c2,REACTOME_CELL_CELL_COMMUNICATION,102,1.6597266422555632,0.0969722886214672,0.28978599369388885
c2,REACTOME_SIGNALING_BY_EGFR,48,1.657298196182335,0.09746333688005512,0.29040674506411773
c2,REACTOME_VASOPRESSIN_REGULATES_RENAL_WATER_HOMEOSTASIS_VIA_AQUAPORINS,31,1.6508461532602448,0.09877519027300312,0.29258460499516187
c2,REACTOME_ATTENUATION_PHASE,24,-1.6505816122367358,0.09882994347685096,0.29258460499516187
c2,REACTOME_DEFECTS_IN_VITAMIN_AND_COFACTOR_METABOLISM,20,1.6495055289814027,0.09905059310567918,0.29258460499516187
c2,REACTOME_SIGNALING_BY_BMP,25,1.6462494334614144,0.09971824532378866,0.2937103490140327
c2,REACTOME_SIGNALING_BY_FGFR3,32,1.6438474416682467,0.10021289364060691,0.29432153576396014
c2,REACTOME_TNF_SIGNALING,55,1.6362288283353348,0.10179570560193955,0.29811599497710867
c2,REACTOME_VIRAL_MESSENGER_RNA_SYNTHESIS,42,-1.6276050021151616,0.10361330815722555,0.30148634068024877
h,HALLMARK_COMPLEMENT,145,1.6257679944131924,0.10400153484305308,0.30148634068024877
c2,REACTOME_GLYCOGEN_METABOLISM,24,1.624620525471251,0.10424960484649404,0.30148634068024877
c2,REACTOME_LAGGING_STRAND_SYNTHESIS,20,-1.6238576716758601,0.10441294775776774,0.30148634068024877
c2,REACTOME_ERK_MAPK_TARGETS,22,1.6238361868223008,0.1044172204307203,0.30148634068024877
c2,REACTOME_RNA_POLYMERASE_III_TRANSCRIPTION_TERMINATION,23,-1.6209869407823632,0.10502677298352962,0.3023945008654996
c2,REACTOME_CA2_PATHWAY,52,1.6164519967022895,0.10600087229373574,0.3042660351805672
c2,REACTOME_DEACTIVATION_OF_THE_BETA_CATENIN_TRANSACTIVATING_COMPLEX,37,1.6152090317801135,0.10627047862892006,0.3042660351805672
c2,REACTOME_DNA_STRAND_ELONGATION,32,-1.6081334058979542,0.10781144836156697,0.3063967070227601
c2,REACTOME_SARS_COV_2_HOST_INTERACTIONS,173,-1.6079571089386047,0.10784694581164636,0.3063967070227601
c2,REACTOME_POLYMERASE_SWITCHING_ON_THE_C_STRAND_OF_THE_TELOMERE,26,-1.6076797373876242,0.10791142559533307,0.3063967070227601
c2,REACTOME_HIGH_LAMINAR_FLOW_SHEAR_STRESS_ACTIVATES_SIGNALING_BY_PIEZO1_AND_PECAM1_CDH5_KDR_IN_ENDOTHELIAL_CELLS,57,1.6035290196143632,0.10882205129111144,0.308128736390578
c2,REACTOME_SUMOYLATION_OF_SUMOYLATION_PROTEINS,33,-1.6002190571417838,0.10955546550153013,0.3093508323390314
c2,REACTOME_DOWNSTREAM_SIGNALING_OF_ACTIVATED_FGFR3,17,1.5918074204638906,0.11143570088929108,0.31346282374942125
c2,REACTOME_REGULATED_NECROSIS,54,-1.5909581081514188,0.11162334699369635,0.31346282374942125
c2,REACTOME_GPER1_SIGNALING,37,1.587719680848384,0.11235501093868627,0.31460552475081466
c2,REACTOME_PERK_REGULATES_GENE_EXPRESSION,31,-1.5851481759526314,0.11293845184070517,0.31460552475081466
c2,REACTOME_RNA_POLYMERASE_II_PRE_TRANSCRIPTION_EVENTS,76,-1.5850835256915694,0.11295105669102419,0.31460552475081466
c2,REACTOME_L1CAM_INTERACTIONS,86,-1.5817946200969581,0.11369996009619465,0.3158332224894296
c2,REACTOME_INTERACTIONS_OF_VPR_WITH_HOST_CELLULAR_PROTEINS,35,-1.570000104810151,0.1164206589518963,0.3225166903397127
c2,REACTOME_CIRCADIAN_CLOCK,107,-1.5559994669413384,0.1197114860756256,0.3307392809367014
c2,REACTOME_TRANSLATION_OF_SARS_COV_2_STRUCTURAL_PROTEINS,57,1.5519840635459758,0.1206705317001681,0.33236865473984956
c2,REACTOME_SLC_TRANSPORTER_DISORDERS,66,1.5508168647875418,0.12094976411508672,0.33236865473984956
c2,REACTOME_INTERACTIONS_OF_REV_WITH_HOST_CELLULAR_PROTEINS,35,-1.546624462536922,0.12195960617600629,0.3340897974906013
c2,REACTOME_G_BETA_GAMMA_SIGNALLING_THROUGH_PI3KGAMMA,20,1.5455208828191782,0.1222279746916834,0.3340897974906013
c2,REACTOME_DOPAMINE_NEUROTRANSMITTER_RELEASE_CYCLE,17,1.5398849796876597,0.12359676500309605,0.33538342043463
c2,REACTOME_TRANSPORT_OF_BILE_SALTS_AND_ORGANIC_ACIDS_METAL_IONS_AND_AMINE_COMPOUNDS,42,1.538506848630746,0.12393007855599208,0.33538342043463
c2,REACTOME_NEGATIVE_REGULATION_OF_THE_PI3K_AKT_NETWORK,84,1.5366837704272625,0.1243745627393889,0.33538342043463
c2,REACTOME_REGULATION_OF_PTEN_STABILITY_AND_ACTIVITY,55,-1.5362232566140095,0.12448832217014281,0.33538342043463
c2,REACTOME_GOLGI_ASSOCIATED_VESICLE_BIOGENESIS,54,1.5339162605457666,0.12505500312457962,0.33538342043463
c2,REACTOME_PROCESSIVE_SYNTHESIS_ON_THE_C_STRAND_OF_THE_TELOMERE,19,-1.5334997222594855,0.12516077317752414,0.33538342043463
c2,REACTOME_NUCLEAR_PORE_COMPLEX_NPC_DISASSEMBLY,34,-1.5333715385280602,0.1251903210377118,0.33538342043463
c2,REACTOME_INTRAFLAGELLAR_TRANSPORT,39,-1.5328481026634508,0.12531887807459832,0.33538342043463
c2,REACTOME_ACTIVATION_OF_SMO,15,1.5297530281018814,0.12608692430716947,0.3363398642632174
c2,REACTOME_GASTRULATION,74,-1.5287219295609276,0.12633748515320944,0.3363398642632174
c2,REACTOME_CELLULAR_RESPONSE_TO_HEAT_STRESS,94,-1.5267879785721155,0.12681738595888417,0.3363398642632174
h,HALLMARK_ESTROGEN_RESPONSE_EARLY,155,1.5255889864803278,0.12711510689243743,0.3363398642632174
c2,REACTOME_GLUCAGON_LIKE_PEPTIDE_1_GLP1_REGULATES_INSULIN_SECRETION,31,1.5247935662804166,0.12731694374061303,0.3363398642632174
c2,REACTOME_CELL_CELL_JUNCTION_ORGANIZATION,51,1.5199807168766577,0.12852081222926845,0.3386473844087408
c2,REACTOME_DETOXIFICATION_OF_REACTIVE_OXYGEN_SPECIES,30,1.5155356862243323,0.12964334484957432,0.3407293037713171
c2,REACTOME_HCMV_LATE_EVENTS,52,-1.5133394739465138,0.13019844284707163,0.3413130534993566
c2,REACTOME_INTERLEUKIN_1_FAMILY_SIGNALING,120,-1.5065363285108697,0.13193287795722466,0.344507984381509
c2,REACTOME_NEUTROPHIL_DEGRANULATION,358,-1.5059210029819945,0.13208940279212977,0.344507984381509
c2,REACTOME_LATE_SARS_COV_2_INFECTION_EVENTS,62,1.5026980659952438,0.13292156938388563,0.34579849903168214
c2,REACTOME_SARS_COV_1_INFECTION,133,-1.4933154473465078,0.1353578615100251,0.35054126707066086
c2,REACTOME_NS1_MEDIATED_EFFECTS_ON_HOST_PATHWAYS,38,-1.4919032118689004,0.13573054804256324,0.35054126707066086
c2,REACTOME_DEVELOPMENTAL_LINEAGE_OF_PANCREATIC_DUCTAL_CELLS,35,1.4901971949183488,0.13617868945683667,0.35054126707066086
c2,REACTOME_NEUREXINS_AND_NEUROLIGINS,38,1.489328507567854,0.13640693504621582,0.35054126707066086
c2,REACTOME_G_PROTEIN_MEDIATED_EVENTS,43,1.4891460648606498,0.13645460054750605,0.35054126707066086
c2,REACTOME_REGULATION_OF_FZD_BY_UBIQUITINATION,16,1.4866177193274213,0.13712515922025575,0.35138322050190535
c2,REACTOME_COPI_MEDIATED_ANTEROGRADE_TRANSPORT,86,1.4849975473232386,0.13754852980119472,0.3515891347786149
c2,REACTOME_SARS_COV_1_MODULATES_HOST_TRANSLATION_MACHINERY,36,-1.483017508388561,0.13807603360664758,0.3520595384249099
c2,REACTOME_SIGNALING_BY_FGFR1_IN_DISEASE,30,1.4794810622466426,0.13901869690526933,0.3535835343124096
c2,REACTOME_PHOSPHORYLATED_BMAL1_CLOCK_ARNTL_CLOCK_ACTIVATES_EXPRESSION_OF_CORE_CLOCK_GENES,20,-1.4768732845001455,0.1397180969730214,0.35448279553798745
c2,REACTOME_BASE_EXCISION_REPAIR_AP_SITE_FORMATION,17,-1.4745011653768505,0.14035594354508701,0.35522183242892397
c2,REACTOME_REGULATION_OF_MITF_M_DEPENDENT_GENES_INVOLVED_IN_CELL_CYCLE_AND_PROLIFERATION,18,1.465188788305238,0.14287852081024505,0.3607154774150275
c2,REACTOME_KIDNEY_DEVELOPMENT,32,1.4600178325841324,0.14429205612681045,0.36292148896438997
c2,REACTOME_DUAL_INCISION_IN_GG_NER,41,-1.4574001246203123,0.1450120691182412,0.36292148896438997
c2,REACTOME_SYNTHESIS_OF_PIPS_AT_THE_PLASMA_MEMBRANE,47,1.4549170932140978,0.14569794045843062,0.36292148896438997
c2,REACTOME_FORMATION_OF_THE_POLYBROMO_BAF_PBAF_COMPLEX,18,-1.4542420906020783,0.14588844911009077,0.36292148896438997
c2,REACTOME_SIGNALING_BY_ERYTHROPOIETIN,24,1.454109957828902,0.1459238372860633,0.36292148896438997
h,HALLMARK_UNFOLDED_PROTEIN_RESPONSE,109,-1.4538450085746537,0.14599305687011585,0.36292148896438997
c2,REACTOME_FGFR2_ALTERNATIVE_SPLICING,25,-1.4530029327546594,0.14623080482174933,0.36292148896438997
c2,REACTOME_DAG_AND_IP3_SIGNALING,34,1.4498311710480356,0.1471123826728216,0.36415152066218975
c2,REACTOME_COPI_DEPENDENT_GOLGI_TO_ER_RETROGRADE_TRAFFIC,81,-1.448660022641518,0.14743695714615487,0.36415152066218975
c2,REACTOME_REGULATION_OF_TP53_ACTIVITY_THROUGH_ACETYLATION,30,1.4452369287125955,0.14839860944641836,0.3653603844490771
c2,REACTOME_FORMATION_OF_WDR5_CONTAINING_HISTONE_MODIFYING_COMPLEXES,42,-1.443372590492011,0.14892169857107643,0.3653603844490771
c2,REACTOME_SIGNALING_BY_ERBB2_IN_CANCER,20,1.443119437725197,0.14899574702411145,0.3653603844490771
c2,REACTOME_CHAPERONE_MEDIATED_AUTOPHAGY,17,-1.439199400087191,0.1501037623136933,0.36707739586114063
c2,REACTOME_TRANSPORT_OF_MATURE_MRNAS_DERIVED_FROM_INTRONLESS_TRANSCRIPTS,41,-1.4380991570504666,0.1504122012309064,0.36707739586114063
c2,REACTOME_DUAL_INCISION_IN_TC_NER,63,-1.4321648215409681,0.15210177045663903,0.36996193090226354
c2,REACTOME_DOWNSTREAM_SIGNALING_OF_ACTIVATED_FGFR2,19,1.4314309994840055,0.1523160339909807,0.36996193090226354
c2,REACTOME_DEUBIQUITINATION,213,-1.428887852923618,0.15303928078834986,0.3708398647944648
c2,REACTOME_TRANSPORT_OF_INORGANIC_CATIONS_ANIONS_AND_AMINO_ACIDS_OLIGOPEPTIDES,66,1.4254298879714689,0.1540380186326845,0.3723796441002396
c2,REACTOME_COPII_MEDIATED_VESICLE_TRANSPORT,65,1.4241523367569993,0.1544074715924771,0.3723944903112683
c2,REACTOME_FORMATION_OF_TC_NER_PRE_INCISION_COMPLEX,51,-1.4193210570819315,0.15581122152958227,0.37489789217798547
c2,REACTOME_NUCLEAR_EVENTS_MEDIATED_BY_NFE2L2,81,-1.416103738079639,0.1567497513933408,0.37627282243132154
c2,REACTOME_PROTEIN_LOCALIZATION,147,-1.4072299306089264,0.15936269940674452,0.379665681313706
c2,REACTOME_PRE_NOTCH_EXPRESSION_AND_PROCESSING,45,1.4071959509681409,0.15937555624189437,0.379665681313706
c2,REACTOME_EGFR_DOWNREGULATION,29,1.4067508943211244,0.1595090714627594,0.379665681313706
c2,REACTOME_INTERLEUKIN_1_SIGNALING,97,-1.4062816474139888,0.15964478892312906,0.379665681313706
c2,REACTOME_SUMOYLATION_OF_INTRACELLULAR_RECEPTORS,23,1.4026385942082762,0.1607334475329688,0.3809986734330582
c2,REACTOME_KERATAN_SULFATE_BIOSYNTHESIS,22,1.4019181478288845,0.16094870789903826,0.3809986734330582
h,HALLMARK_REACTIVE_OXYGEN_SPECIES_PATHWAY,46,1.4004427241167994,0.1613870387147046,0.3811560246142217
c2,REACTOME_FACTORS_INVOLVED_IN_MEGAKARYOCYTE_DEVELOPMENT_AND_PLATELET_PRODUCTION,110,-1.3981431694115436,0.16207414725764702,0.3818988527335361
c2,REACTOME_SIGNALING_BY_ERBB2_ECD_MUTANTS,16,1.3936687162094734,0.1634283611613535,0.38420658300547555
c2,REACTOME_NUCLEAR_IMPORT_OF_REV_PROTEIN,32,-1.3900924553957335,0.1645084083370808,0.3858606831704985
c2,REACTOME_NEGATIVE_REGULATION_OF_FGFR4_SIGNALING,19,1.3873809714497756,0.1653355249215389,0.3869153265857931
c2,REACTOME_MRNA_DECAY_BY_5_TO_3_EXORIBONUCLEASE,15,-1.3841910763263678,0.1663111454843439,0.38831190004886673
c2,REACTOME_TRIGLYCERIDE_METABOLISM,23,1.3799001269561735,0.16762649128828844,0.39044129346788814
c2,REACTOME_ADP_SIGNALLING_THROUGH_P2Y_PURINOCEPTOR_1,19,1.3787398892542702,0.16798498577496457,0.39044129346788814
c2,REACTOME_HSP90_CHAPERONE_CYCLE_FOR_STEROID_HORMONE_RECEPTORS_SHR_IN_THE_PRESENCE_OF_LIGAND,44,-1.3711977531990167,0.17031997806820331,0.3941540839151855
c2,REACTOME_EXTRA_NUCLEAR_ESTROGEN_SIGNALING,64,1.3710196432003527,0.1703743604660698,0.3941540839151855
c2,REACTOME_DOWNSTREAM_SIGNALING_OF_ACTIVATED_FGFR1,20,1.3695322520732451,0.17084285111088582,0.3941540839151855
c2,REACTOME_POSITIVE_EPIGENETIC_REGULATION_OF_RRNA_EXPRESSION,44,-1.3686334886063245,0.1711205535046415,0.3941540839151855
c2,REACTOME_SIGNALING_BY_TGF_BETA_RECEPTOR_COMPLEX,90,1.3652779008190505,0.17217042524556103,0.39568315218991046
c2,REACTOME_DEATH_RECEPTOR_SIGNALING,135,1.3502578733057762,0.17693720664364854,0.40572849398152067
c2,REACTOME_G_PROTEIN_ACTIVATION,17,1.3482664482515698,0.17758374062896443,0.4057800370593511
c2,REACTOME_SIGNALING_BY_ALK,25,1.346096997007475,0.1782803714525547,0.4057800370593511
c2,REACTOME_O_LINKED_GLYCOSYLATION_OF_MUCINS,30,1.3445219317476567,0.17878802719404674,0.4057800370593511
c2,REACTOME_SUMOYLATION_OF_TRANSCRIPTION_FACTORS,17,1.3441456196185357,0.17891240522569796,0.4057800370593511
c2,REACTOME_TP53_REGULATES_METABOLIC_GENES,74,1.344045219803907,0.17893909926909923,0.4057800370593511
c2,REACTOME_NUCLEAR_ENVELOPE_BREAKDOWN,51,-1.340897850732983,0.1799600671927919,0.4071944125223216
c2,REACTOME_GENE_SILENCING_BY_RNA,66,-1.3377637844036852,0.1809791455805121,0.408598291233535
h,HALLMARK_BILE_ACID_METABOLISM,76,1.335826861986373,0.18161119352944455,0.40912411729160586
c2,REACTOME_GPCR_LIGAND_BINDING,137,1.3308241874306042,0.18325086827551806,0.4119125876807149
c2,REACTOME_ER_QUALITY_CONTROL_COMPARTMENT_ERQC,20,1.3267224951879444,0.18461097520933245,0.4140618152944546
c2,REACTOME_ANTIGEN_ACTIVATES_B_CELL_RECEPTOR_BCR_LEADING_TO_GENERATION_OF_SECOND_MESSENGERS,23,1.323851281703588,0.1855622504728146,0.4145854789343113
c2,REACTOME_SIGNALING_BY_KIT_IN_DISEASE,19,1.3235798983972478,0.18565339983497453,0.4145854789343113
c2,REACTOME_MICRORNA_MIRNA_BIOGENESIS,24,-1.3218760927227469,0.18621904312937543,0.4146491401428175
c2,REACTOME_PROGRAMMED_CELL_DEATH,173,-1.3208528655492597,0.18655404172812673,0.4146491401428175
c2,REACTOME_HEMOSTASIS,419,1.319825858619125,0.18689551487412848,0.4146491401428175
c2,REACTOME_TRANSCRIPTIONAL_REGULATION_BY_SMALL_RNAS,46,-1.3177170315901698,0.18760539035322654,0.41532510823338487
c2,REACTOME_FORMATION_OF_RNA_POL_II_ELONGATION_COMPLEX,55,-1.313228041047261,0.18911255923617543,0.41689340977173495
h,HALLMARK_IL2_STAT5_SIGNALING,160,1.3125542239179406,0.18933699946976668,0.41689340977173495
c2,REACTOME_CA_DEPENDENT_EVENTS,30,1.3119848320604732,0.1895339794669546,0.41689340977173495
c2,REACTOME_PHOSPHOLIPID_METABOLISM,168,1.3102547438430092,0.19011338904707853,0.41727242777999035
c2,REACTOME_ACTIVATION_OF_KAINATE_RECEPTORS_UPON_GLUTAMATE_BINDING,21,1.3073478425195986,0.19110509320092084,0.4175454281627426
c2,REACTOME_G_ALPHA_Z_SIGNALLING_EVENTS,36,1.3049968386288155,0.1919019661205097,0.4175454281627426
c2,REACTOME_ASSEMBLY_AND_CELL_SURFACE_PRESENTATION_OF_NMDA_RECEPTORS,22,-1.3042742106717815,0.1921503960890819,0.4175454281627426
c2,REACTOME_SUMOYLATION_OF_DNA_REPLICATION_PROTEINS,44,-1.304142234100112,0.19219237579278003,0.4175454281627426
c2,REACTOME_FOXO_MEDIATED_TRANSCRIPTION_OF_CELL_CYCLE_GENES,15,1.3039163284361048,0.19227457765152633,0.4175454281627426
c2,REACTOME_INTERLEUKIN_10_SIGNALING,28,1.295602152223029,0.1951218149277978,0.4228326856257774
c2,REACTOME_THROMBOXANE_SIGNALLING_THROUGH_TP_RECEPTOR,19,1.2940832719554476,0.19564787891352575,0.42307821916954413
c2,REACTOME_HIV_TRANSCRIPTION_ELONGATION,42,-1.290676638693241,0.19682341544754312,0.4247242122815404
c2,REACTOME_COLLAGEN_FORMATION,73,1.2792838682730596,0.20080295818965177,0.4324013280344392
c2,REACTOME_MAPK_TARGETS_NUCLEAR_EVENTS_MEDIATED_BY_MAP_KINASES,31,1.2763524158421762,0.20183995974763003,0.4337231839440687
c2,REACTOME_NGF_STIMULATED_TRANSCRIPTION,34,1.2732251818552436,0.20294676742858186,0.43457587836745054
c2,REACTOME_MAP2K_AND_MAPK_ACTIVATION,34,-1.272836395968193,0.20308472754927687,0.43457587836745054
c2,REACTOME_LATE_ENDOSOMAL_MICROAUTOPHAGY,30,-1.2699297254695665,0.20411887757613223,0.4358788531573657
c2,REACTOME_POLO_LIKE_KINASE_MEDIATED_EVENTS,16,-1.2663859229070589,0.20538761470011158,0.43745840594887936
c2,REACTOME_DNA_DAMAGE_RECOGNITION_IN_GG_NER,38,-1.265467163964363,0.20571214796815596,0.43745840594887936
c2,REACTOME_GLUCAGON_SIGNALING_IN_METABOLIC_REGULATION,28,1.2613368777314078,0.20719714083875151,0.4397040773493174
h,HALLMARK_PEROXISOME,85,1.2598382477224543,0.2077332758138679,0.43993100766366655
h,HALLMARK_MITOTIC_SPINDLE,197,-1.2566579946564458,0.20888118634045338,0.4407167623803363
c2,REACTOME_WNT_LIGAND_BIOGENESIS_AND_TRAFFICKING,17,1.2549983601905628,0.20949182165284497,0.4407167623803363
c2,REACTOME_DEFECTIVE_INTRINSIC_PATHWAY_FOR_APOPTOSIS,23,1.2543955999153469,0.2097089794936251,0.4407167623803363
c2,REACTOME_MRNA_CAPPING,29,-1.2540753606317605,0.2098241756503455,0.4407167623803363
c2,REACTOME_NEPHRIN_FAMILY_INTERACTIONS,18,1.2511941978398107,0.2108758081356874,0.4420198432292016
c2,REACTOME_SYNTHESIS_OF_PC,22,1.2477530448220298,0.21213256966247318,0.4437467018449694
c2,REACTOME_FLT3_SIGNALING,34,1.2439204456187951,0.21353778780417776,0.4457764409354017
c2,REACTOME_SELECTIVE_AUTOPHAGY,74,-1.2383601204021317,0.21558867534040838,0.4482736877953584
c2,REACTOME_MODULATION_OF_HOST_RESPONSES_BY_IFN_STIMULATED_GENES,17,1.2375535189773845,0.21589439868904792,0.4482736877953584
c2,REACTOME_BETA_CATENIN_INDEPENDENT_WNT_SIGNALING,120,-1.2371235113674202,0.21604605050820203,0.4482736877953584
h,HALLMARK_DNA_REPAIR,146,-1.23410060519904,0.21716980722344414,0.4496950553616772
c2,REACTOME_CHEMOKINE_RECEPTORS_BIND_CHEMOKINES,17,1.2296552640974023,0.21883909090651443,0.45199339765134894
c2,REACTOME_RIP_MEDIATED_NFKB_ACTIVATION_VIA_ZBP1,16,1.2287957320040654,0.2191616767148492,0.45199339765134894
c2,REACTOME_TRANSCRIPTION_OF_THE_HIV_GENOME,67,-1.2241792103369349,0.22089116742008275,0.45363753057876155
c2,REACTOME_HS_GAG_BIOSYNTHESIS,21,1.2240355515104546,0.22095047363447284,0.45363753057876155
c2,REACTOME_REGULATION_OF_GLUCOKINASE_BY_GLUCOKINASE_REGULATORY_PROTEIN,29,-1.2231404144534883,0.22128660028232272,0.45363753057876155
c2,REACTOME_DISEASES_OF_GLYCOSYLATION,112,1.21935962879092,0.22271282127535974,0.4556499836471931
c2,REACTOME_PI3K_AKT_SIGNALING_IN_CANCER,78,1.215484431572536,0.22418750933140297,0.45775338060694826
c2,REACTOME_APOPTOTIC_CLEAVAGE_OF_CELLULAR_PROTEINS,29,1.2140388061391327,0.22474295053664528,0.4579751974156291
c2,REACTOME_PLATELET_ACTIVATION_SIGNALING_AND_AGGREGATION,193,1.212488480604002,0.22532937689881782,0.4582591494470005
c2,REACTOME_SENSORY_PERCEPTION,97,1.2097772252153407,0.22636992371123876,0.4586656976502535
c2,REACTOME_ESTROGEN_DEPENDENT_GENE_EXPRESSION,79,-1.2096372808641147,0.22642423708393,0.4586656976502535
c2,REACTOME_PROCESSIVE_SYNTHESIS_ON_THE_LAGGING_STRAND,15,-1.1979068708396734,0.23096750753286177,0.4669461444204799
h,HALLMARK_P53_PATHWAY,184,1.193545364288083,0.23265997033010832,0.46944186926842724
c2,REACTOME_CARGO_CONCENTRATION_IN_THE_ER,29,1.189522335188325,0.23424453233323472,0.4717105022427615
c2,REACTOME_METABOLISM_OF_PORPHYRINS,17,-1.186592604882195,0.23540190644286219,0.47311167471359555
c2,REACTOME_CLASS_I_PEROXISOMAL_MEMBRANE_PROTEIN_IMPORT,19,1.1846728778409295,0.2361596593717562,0.47370577466937397
c2,REACTOME_HSF1_ACTIVATION,27,-1.1817148733015002,0.23732967495453983,0.47474608719820793
c2,REACTOME_REPRODUCTION,56,-1.1810141585750853,0.23760462705627383,0.47474608719820793
c2,REACTOME_INSULIN_RECEPTOR_RECYCLING,27,-1.170865449551235,0.24166382398942743,0.4819171587337804
c2,REACTOME_SARS_COV_1_HOST_INTERACTIONS,91,-1.1650464748125204,0.244006207115673,0.48441330821164164
c2,REACTOME_EXPORT_OF_VIRAL_RIBONUCLEOPROTEINS_FROM_NUCLEUS,31,-1.1645488092234106,0.24421198036680836,0.48441330821164164
c2,REACTOME_TRANSCRIPTIONAL_ACTIVATION_OF_MITOCHONDRIAL_BIOGENESIS,52,-1.164243415783653,0.2443333466784573,0.48441330821164164
c2,REACTOME_SIALIC_ACID_METABOLISM,24,1.1614261689494276,0.24548038313741327,0.4857478623858081
c2,REACTOME_SIGNALING_BY_ERBB2,41,1.1598730534346882,0.24610950848217505,0.486054424266338
c2,REACTOME_NPAS4_REGULATES_EXPRESSION_OF_TARGET_GENES,15,1.1554299778303447,0.24792935407495786,0.48782198481754374
h,HALLMARK_MYOGENESIS,140,1.1546467028158547,0.24824006048455738,0.48782198481754374
c2,REACTOME_PROSTACYCLIN_SIGNALLING_THROUGH_PROSTACYCLIN_RECEPTOR,15,1.154113998356734,0.24846842018977222,0.48782198481754374
c2,REACTOME_CO_STIMULATION_BY_CD28,42,1.1530272086414708,0.24890819322885405,0.48782198481754374
c2,REACTOME_BINDING_AND_UPTAKE_OF_LIGANDS_BY_SCAVENGER_RECEPTORS,26,1.1511204699243753,0.2496941042166484,0.48842835271386376
c2,REACTOME_HEDGEHOG_ON_STATE,68,-1.1488135247356739,0.25063997771597657,0.4892801085222641
h,HALLMARK_PANCREAS_BETA_CELLS,16,1.1473857140408972,0.25123686549232505,0.4892801085222641
c2,REACTOME_SUMOYLATION_OF_DNA_DAMAGE_RESPONSE_AND_REPAIR_PROTEINS,75,-1.1455316101999864,0.2519957934823487,0.4892801085222641
c2,REACTOME_ABORTIVE_ELONGATION_OF_HIV_1_TRANSCRIPT_IN_THE_ABSENCE_OF_TAT,23,-1.1443650427967307,0.2524845210993939,0.4892801085222641
c2,REACTOME_ASSEMBLY_OF_COLLAGEN_FIBRILS_AND_OTHER_MULTIMERIC_STRUCTURES,49,1.144279182564706,0.25251627064222215,0.4892801085222641
c2,REACTOME_ADP_SIGNALLING_THROUGH_P2Y_PURINOCEPTOR_12,16,1.1399526254442602,0.2543207861139378,0.49184680333355896
c2,REACTOME_GLYCOSPHINGOLIPID_METABOLISM,42,1.1376307677840756,0.2552838295312576,0.4919258807084645
c2,REACTOME_ESTROGEN_DEPENDENT_NUCLEAR_EVENTS_DOWNSTREAM_OF_ESR_MEMBRANE_SIGNALING,22,1.137548848587204,0.25532153027990545,0.4919258807084645
c2,REACTOME_TRANSPORT_OF_THE_SLBP_DEPENDANT_MATURE_MRNA,34,-1.1352547901881176,0.2562787571335522,0.49284376371836963
c2,REACTOME_TRANSMISSION_ACROSS_CHEMICAL_SYNAPSES,144,1.1331817990621234,0.25714289577336324,0.49357952840392755
c2,REACTOME_TRANSCRIPTIONAL_REGULATION_OF_PLURIPOTENT_STEM_CELLS,15,1.128525508592078,0.2591134794197568,0.49643236711261823
c2,REACTOME_ROLE_OF_PHOSPHOLIPIDS_IN_PHAGOCYTOSIS,19,1.1240553613867457,0.2610033213338758,0.49819919269032037
c2,REACTOME_RHOU_GTPASE_CYCLE,38,1.1231687744690242,0.2613755831745198,0.49819919269032037
c2,REACTOME_SYNTHESIS_OF_BILE_ACIDS_AND_BILE_SALTS,24,1.1222821695279728,0.26175477326845376,0.49819919269032037
c2,REACTOME_SHC1_EVENTS_IN_ERBB2_SIGNALING,16,1.1217592562124912,0.26197986815617824,0.49819919269032037
c2,REACTOME_EPHRIN_SIGNALING,19,1.1148295443058303,0.2649373970468951,0.502041906425652
c2,REACTOME_ADHERENS_JUNCTIONS_INTERACTIONS,41,1.1147194137070677,0.2649801671963685,0.502041906425652
c2,REACTOME_GLUCONEOGENESIS,17,-1.1057556831975077,0.2688471491944875,0.5084286493069182
c2,REACTOME_IRE1ALPHA_ACTIVATES_CHAPERONES,48,1.0978536500095644,0.27227733679625543,0.5134682193785444
c2,REACTOME_ASYMMETRIC_LOCALIZATION_OF_PCP_PROTEINS,51,-1.0972101457388073,0.27255821614943265,0.5134682193785444
c2,REACTOME_TRANSFERRIN_ENDOCYTOSIS_AND_RECYCLING,27,-1.0961734367981528,0.27301480932810407,0.5134682193785444
h,HALLMARK_ANGIOGENESIS,28,1.0937582696708235,0.27407275470389303,0.5135934813342088
c2,REACTOME_NFE2L2_REGULATING_ANTI_OXIDANT_DETOXIFICATION_ENZYMES,17,1.093049794912319,0.2743870142537488,0.5135934813342088
c2,REACTOME_RHO_GTPASES_ACTIVATE_CIT,17,-1.0920882682312776,0.2748093982917975,0.5135934813342088
c2,REACTOME_REGULATION_OF_HOMOTYPIC_CELL_CELL_ADHESION,26,1.0914533181531987,0.2750856792707128,0.5135934813342088
c2,REACTOME_CELL_JUNCTION_ORGANIZATION,75,1.0881403126474778,0.2765404032662552,0.5146843128424073
c2,REACTOME_ACTIVATION_OF_IRF3_IRF7_MEDIATED_BY_TBK1_IKK_IKBKE,18,-1.0863929988818757,0.27731991711145376,0.5146843128424073
c2,REACTOME_NONHOMOLOGOUS_END_JOINING_NHEJ,34,-1.082963088379795,0.2788355932173059,0.5146843128424073
c2,REACTOME_GLUCAGON_TYPE_LIGAND_RECEPTORS,16,1.0828948215500744,0.27887082365294424,0.5146843128424073
c2,REACTOME_RESPONSE_TO_ELEVATED_PLATELET_CYTOSOLIC_CA2,94,1.0828067423307126,0.2789007162477857,0.5146843128424073
c2,REACTOME_TRANSLESION_SYNTHESIS_BY_Y_FAMILY_DNA_POLYMERASES_BYPASSES_LESIONS_ON_DNA_TEMPLATE,38,-1.0811918989894622,0.27962198466759347,0.5146843128424073
c2,REACTOME_SIGNALING_BY_HEDGEHOG,123,-1.0808184967999221,0.2797835637738725,0.5146843128424073
c2,REACTOME_ISG15_ANTIVIRAL_MECHANISM,69,-1.0803438059338688,0.27999671322097364,0.5146843128424073
c2,REACTOME_FCGR3A_MEDIATED_IL10_SYNTHESIS,31,1.0799200437218142,0.28018911860103735,0.5146843128424073
h,HALLMARK_IL6_JAK_STAT3_SIGNALING,67,1.0736917991265411,0.28296860946801694,0.5188601515290113
c2,REACTOME_TRIGLYCERIDE_CATABOLISM,15,1.0694526522211012,0.28488221705447725,0.5207910101067943
c2,REACTOME_B_WICH_COMPLEX_POSITIVELY_REGULATES_RRNA_EXPRESSION,29,-1.0690970089943368,0.2850378113852796,0.5207910101067943
c2,REACTOME_HSF1_DEPENDENT_TRANSACTIVATION,33,-1.0668455894658764,0.28605270725381804,0.521086358291271
c2,REACTOME_SIGNALING_BY_FGFR2_IIIA_TM,19,-1.066491460445259,0.28621621435901035,0.521086358291271
c2,REACTOME_SULFUR_AMINO_ACID_METABOLISM,23,-1.0652824255225346,0.2867615028712368,0.5211534405018045
c2,REACTOME_NEGATIVE_REGULATION_OF_FGFR3_SIGNALING,21,1.0624789278473228,0.28803234117167087,0.5225365481432966
c2,REACTOME_DEVELOPMENTAL_CELL_LINEAGES_OF_THE_EXOCRINE_PANCREAS,42,1.0603861241643024,0.28897891777210605,0.5233275454353511
c2,REACTOME_SUMOYLATION_OF_DNA_METHYLATION_PROTEINS,16,-1.0557109546823729,0.29111646716552075,0.5262687457577756
c2,REACTOME_UB_SPECIFIC_PROCESSING_PROTEASES,141,-1.0532276368630737,0.2922421664757764,0.5268081815528676
h,HALLMARK_ADIPOGENESIS,186,1.052788376877937,0.29244278566203086,0.5268081815528676
c2,REACTOME_CYCLIN_A_B1_B2_ASSOCIATED_EVENTS_DURING_G2_M_TRANSITION,29,-1.0477371652045773,0.2947718425126682,0.5300721729394472
c2,REACTOME_AMINO_ACIDS_REGULATE_MTORC1,51,-1.0447559403783209,0.2961449615634919,0.5316087313530284
c2,REACTOME_PROTEIN_PROTEIN_INTERACTIONS_AT_SYNAPSES,55,1.0415876678401585,0.29761175780556626,0.5327467675401458
c2,REACTOME_SIGNALING_BY_NOTCH3,38,1.0411460517356852,0.29781843687854004,0.5327467675401458
c2,REACTOME_REGULATION_OF_ENDOGENOUS_RETROELEMENTS_BY_KRAB_ZFP_PROTEINS,45,1.0374884644357416,0.2995181121114955,0.5339910671348804
c2,REACTOME_SIGNALING_BY_TYPE_1_INSULIN_LIKE_GROWTH_FACTOR_1_RECEPTOR_IGF1R,36,1.0367141630556254,0.29988009909784963,0.5339910671348804
c2,REACTOME_TRAFFICKING_OF_AMPA_RECEPTORS,20,1.0363000912293805,0.3000769313850645,0.5339910671348804
c2,REACTOME_PHOSPHORYLATION_OF_THE_APC_C,20,-1.0338936256056506,0.3012006999319765,0.5346083656884972
c2,REACTOME_REGULATION_OF_SIGNALING_BY_CBL,22,1.0333228525864866,0.3014669613345867,0.5346083656884972
c2,REACTOME_FC_EPSILON_RECEPTOR_FCERI_SIGNALING,107,-1.0269008472337253,0.30447362521650856,0.5390077130344063
c2,REACTOME_RUNX2_REGULATES_OSTEOBLAST_DIFFERENTIATION,19,1.0253001362952565,0.30523691508042494,0.5394273068231648
c2,REACTOME_SIGNALING_BY_NOTCH,145,-1.0186522773196167,0.3083736899991444,0.5419305142843219
h,HALLMARK_KRAS_SIGNALING_DN,79,1.0166817525258054,0.3093124490123621,0.5419305142843219
c2,REACTOME_RAC2_GTPASE_CYCLE,79,1.0157235227873267,0.30976867055793655,0.5419305142843219
c2,REACTOME_APC_C_CDC20_MEDIATED_DEGRADATION_OF_CYCLIN_B,24,-1.015199914094392,0.3100243198071839,0.5419305142843219
c2,REACTOME_GLYCEROPHOSPHOLIPID_BIOSYNTHESIS,96,1.0138843813145868,0.3106448436120677,0.5419305142843219
c2,REACTOME_HEPARAN_SULFATE_HEPARIN_HS_GAG_METABOLISM,40,1.0128052604258506,0.31116389308755865,0.5419305142843219
c2,REACTOME_SIGNALING_BY_EGFR_IN_CANCER,24,1.0127136630233098,0.3112107628187144,0.5419305142843219
c2,REACTOME_FORMATION_OF_THE_CANONICAL_BAF_CBAF_COMPLEX,18,-1.0113013225644691,0.311888202111673,0.5419305142843219
c2,REACTOME_HS_GAG_DEGRADATION,19,1.0104868525315331,0.31227765164027177,0.5419305142843219
c2,REACTOME_PKA_ACTIVATION_IN_GLUCAGON_SIGNALLING,15,1.0097949160840751,0.312611073897761,0.5419305142843219
h,HALLMARK_NOTCH_SIGNALING,30,1.0089087317946406,0.31303081255403187,0.5419305142843219
c2,REACTOME_RHO_GTPASES_ACTIVATE_PAKS,19,1.006133826162369,0.3143668237447109,0.5419305142843219
c2,REACTOME_CDC42_GTPASE_CYCLE,134,1.0060131938879793,0.31441513542025556,0.5419305142843219
c2,REACTOME_FCGAMMA_RECEPTOR_FCGR_DEPENDENT_PHAGOCYTOSIS,76,1.0058182027241698,0.31451086252978977,0.5419305142843219
c2,REACTOME_TP53_REGULATES_TRANSCRIPTION_OF_ADDITIONAL_CELL_CYCLE_GENES_WHOSE_EXACT_ROLE_IN_THE_P53_PATHWAY_REMAIN_UNCERTAIN,21,1.0056807116474689,0.31458405463333805,0.5419305142843219
c2,REACTOME_DOWNREGULATION_OF_TGF_BETA_RECEPTOR_SIGNALING,26,0.9998970182287117,0.3173737920751022,0.5458190216056708
c2,REACTOME_SARS_COV_2_ACTIVATES_MODULATES_INNATE_AND_ADAPTIVE_IMMUNE_RESPONSES,100,-0.9960354327855543,0.319239832240758,0.5470886479381056
c2,REACTOME_RAC1_GTPASE_CYCLE,156,0.9942262364502307,0.3201182871151953,0.5470886479381056
c2,REACTOME_SIGNALING_BY_MODERATE_KINASE_ACTIVITY_BRAF_MUTANTS,37,-0.9939497007230266,0.32025869828793796,0.5470886479381056
c2,REACTOME_FORMATION_OF_THE_NON_CANONICAL_BAF_NCBAF_COMPLEX,17,-0.9914713691080261,0.32147222667896624,0.5470886479381056
c2,REACTOME_GROWTH_HORMONE_RECEPTOR_SIGNALING,19,0.9909307191417054,0.32173527484951625,0.5470886479381056
c2,REACTOME_EVASION_BY_RSV_OF_HOST_INTERFERON_RESPONSES,20,0.9901972761221336,0.32209317765878076,0.5470886479381056
c2,REACTOME_DNA_DAMAGE_BYPASS,47,-0.989988782756085,0.3221897091379047,0.5470886479381056
c2,REACTOME_CELL_EXTRACELLULAR_MATRIX_INTERACTIONS,18,-0.9896081716283294,0.3223819935166984,0.5470886479381056
c2,REACTOME_NEURONAL_SYSTEM,205,0.9883977904697928,0.3229627480969728,0.5471682922304084
c2,REACTOME_C_TYPE_LECTIN_RECEPTORS_CLRS,103,-0.9858842917806968,0.32419676707566936,0.5483526175784836
c2,REACTOME_SIGNALING_BY_TGFB_FAMILY_MEMBERS,141,0.9840751167822825,0.32508447290886955,0.5489482450273333
c2,REACTOME_REGULATION_OF_ENDOGENOUS_RETROELEMENTS_BY_PIWI_INTERACTING_RNAS_PIRNAS,36,-0.981357244785946,0.32642824458133257,0.5503107741708321
c2,REACTOME_TBC_RABGAPS,41,0.9780632511196519,0.32805398859124923,0.5521434126535805
c2,REACTOME_NEGATIVE_REGULATION_OF_FGFR1_SIGNALING,22,0.9764393715710313,0.3288617347924533,0.5525955379709256
c2,REACTOME_TRANSCRIPTIONAL_REGULATION_OF_GRANULOPOIESIS,26,0.9676745340319869,0.33322081776070056,0.5586835662193388
c2,REACTOME_MISCELLANEOUS_TRANSPORT_AND_BINDING_EVENTS,17,0.9666090363553865,0.33375668920724155,0.5586835662193388
c2,REACTOME_RHO_GTPASES_ACTIVATE_WASPS_AND_WAVES,33,0.9658731037234755,0.33412002545605335,0.5586835662193388
c2,REACTOME_SPRY_REGULATION_OF_FGF_SIGNALING,16,0.963186699484233,0.3354715986345438,0.5600299488605983
c2,REACTOME_RHO_GTPASES_ACTIVATE_ROCKS,17,-0.9567190476361045,0.3387264191638989,0.5632067951298605
c2,REACTOME_FGFR2_MUTANT_RECEPTOR_ACTIVATION,22,-0.956632809179238,0.3387678678133863,0.5632067951298605
c2,REACTOME_FORMATION_OF_THE_EMBRYONIC_STEM_CELL_BAF_ESBAF_COMPLEX,18,-0.9559671006381312,0.33910571828133573,0.5632067951298605
c2,REACTOME_SYNTHESIS_OF_PIPS_AT_THE_EARLY_ENDOSOME_MEMBRANE,16,0.9550456976879161,0.33957248721000366,0.5632067951298605
c2,REACTOME_CHROMATIN_ORGANIZATION,211,-0.9531450471318277,0.34052156247141485,0.5638685000536352
c2,REACTOME_PEROXISOMAL_LIPID_METABOLISM,24,0.9496322695686463,0.34231383072218546,0.5643998461142791
c2,REACTOME_TRANSLESION_SYNTHESIS_BY_POLH,19,-0.9494145422775859,0.34242633280561885,0.5643998461142791
c2,REACTOME_APOPTOSIS,144,-0.9477973368542418,0.3432386758982092,0.5643998461142791
c2,REACTOME_NEGATIVE_REGULATION_OF_FGFR2_SIGNALING,23,0.947692066304518,0.3433012791013076,0.5643998461142791
c2,REACTOME_INTERACTION_BETWEEN_L1_AND_ANKYRINS,15,-0.9465547913799971,0.343884325297394,0.5643998461142791
c2,REACTOME_AUTOPHAGY,137,-0.9440519643704064,0.34514930631718055,0.5643998461142791
h,HALLMARK_ALLOGRAFT_REJECTION,128,0.9438789294655137,0.3452379457061582,0.5643998461142791
c2,REACTOME_KEAP1_NFE2L2_PATHWAY,107,-0.9433980062858943,0.3454843871864516,0.5643998461142791
c2,REACTOME_ION_CHANNEL_TRANSPORT,109,0.9427844146317929,0.3457981496192851,0.5643998461142791
c2,REACTOME_RAB_REGULATION_OF_TRAFFICKING,113,0.9398736024696662,0.34728925919886255,0.5652364053611507
c2,REACTOME_GLYCOSPHINGOLIPID_CATABOLISM,28,0.9395109949671355,0.3474821876598375,0.5652364053611507
c2,REACTOME_INTRACELLULAR_SIGNALING_BY_SECOND_MESSENGERS,254,0.9377849942595277,0.34835952559563077,0.5652364053611507
c2,REACTOME_RND2_GTPASE_CYCLE,39,-0.9371187192454234,0.34870916517246553,0.5652364053611507
c2,REACTOME_CLASS_I_MHC_MEDIATED_ANTIGEN_PROCESSING_PRESENTATION,327,0.9361041545269453,0.3492236472992053,0.5652364053611507
c2,REACTOME_SIGNAL_AMPLIFICATION,25,0.9353561203953455,0.3496193960965557,0.5652364053611507
c2,REACTOME_TRANSLOCATION_OF_SLC2A4_GLUT4_TO_THE_PLASMA_MEMBRANE,60,0.9328835483697495,0.35088955297400237,0.5655250766479941
c2,REACTOME_TURBULENT_OSCILLATORY_DISTURBED_FLOW_SHEAR_STRESS_ACTIVATES_SIGNALING_BY_PIEZO1_AND_INTEGRINS_IN_ENDOTHELIAL_CELLS,30,0.932868133161636,0.3509014134128041,0.5655250766479941
c2,REACTOME_PTEN_REGULATION,122,-0.930703552510716,0.3520135930012539,0.5664268961166173
c2,REACTOME_BIOLOGICAL_OXIDATIONS,111,0.9174925640173719,0.35889165401479284,0.5757637197331924
c2,REACTOME_NEGATIVE_EPIGENETIC_REGULATION_OF_RRNA_EXPRESSION,47,-0.9174083535749952,0.3589395286922048,0.5757637197331924
c2,REACTOME_PROTEIN_HYDROXYLATION,18,-0.915117228721462,0.3601476101900154,0.5767989069449465
c2,REACTOME_SIGNALING_BY_THE_B_CELL_RECEPTOR_BCR,88,-0.9132697589701355,0.36110864247150865,0.5774358167446121
c2,REACTOME_PARASITE_INFECTION,52,0.9072879528979787,0.3642649386350614,0.5815756419017724
h,HALLMARK_WNT_BETA_CATENIN_SIGNALING,33,0.9048062071191313,0.3655811312650179,0.5827692994504563
c2,REACTOME_G_ALPHA_12_13_SIGNALLING_EVENTS,63,0.9001116763432415,0.3680703329627524,0.5854323770593145
c2,REACTOME_INTERLEUKIN_17_SIGNALING,66,0.8995031200337451,0.3683940323934223,0.5854323770593145
c2,REACTOME_INFECTION_WITH_MYCOBACTERIUM_TUBERCULOSIS,24,-0.8978257356223782,0.3692938772811841,0.5859539074507952
c2,REACTOME_GAMMA_CARBOXYLATION_HYPUSINYLATION_HYDROXYLATION_AND_ARYLSULFATASE_ACTIVATION,50,-0.8956652492867715,0.37044228764373366,0.5865278952646038
c2,REACTOME_GAB1_SIGNALOSOME,15,0.8950122619969046,0.37080007427459827,0.5865278952646038
c2,REACTOME_PRESYNAPTIC_FUNCTION_OF_KAINATE_RECEPTORS,15,0.8936231725525376,0.3715431091395007,0.5867976685177015
c2,REACTOME_CONSTITUTIVE_SIGNALING_BY_EGFRVIII,15,0.8898214540732173,0.3735813965978003,0.5891091254042236
h,HALLMARK_UV_RESPONSE_UP,132,-0.8882651006331814,0.3744048266335681,0.5894897742444513
h,HALLMARK_HEDGEHOG_SIGNALING,26,0.8859516473882245,0.37565855274743865,0.5894897742444513
c2,REACTOME_METABOLISM_OF_NITRIC_OXIDE_NOS3_ACTIVATION_AND_REGULATION,16,0.8855994127993352,0.3758525086830101,0.5894897742444513
c2,REACTOME_AMYLOID_FIBER_FORMATION,32,0.8850869734376842,0.3761232315667036,0.5894897742444513
c2,REACTOME_CONSTITUTIVE_SIGNALING_BY_ABERRANT_PI3K_IN_CANCER,52,0.8772822874278579,0.38034400803420443,0.5951948217329154
c2,REACTOME_MITOTIC_PROPHASE,81,-0.874823960451034,0.3816782818027893,0.5963723153168583
c2,REACTOME_SARS_COV_INFECTIONS,355,-0.8702990394663052,0.3841411673588613,0.5973557203514126
c2,REACTOME_TNFR1_INDUCED_NF_KAPPA_B_SIGNALING_PATHWAY,32,0.8698596706688638,0.3843907858872265,0.5973557203514126
c2,REACTOME_G1_S_SPECIFIC_TRANSCRIPTION,28,-0.869856116664637,0.38439367113837564,0.5973557203514126
c2,REACTOME_INTERLEUKIN_12_SIGNALING,39,-0.8694036316285031,0.38463880529944616,0.5973557203514126
c2,REACTOME_SIGNALING_BY_NUCLEAR_RECEPTORS,193,0.8652536585093956,0.386905213326621,0.5994466526420975
c2,REACTOME_PRE_NOTCH_PROCESSING_IN_GOLGI,15,0.8637943044840245,0.38772098215302386,0.5994466526420975
c2,REACTOME_RUNX1_INTERACTS_WITH_CO_FACTORS_WHOSE_PRECISE_EFFECT_ON_RUNX1_TARGETS_IS_NOT_KNOWN,36,0.8637474098955862,0.38773963970898595,0.5994466526420975
c2,REACTOME_SIGNALING_BY_WNT_IN_CANCER,30,0.8617417228756623,0.38884389653685836,0.6002484848648793
c2,REACTOME_REGULATION_OF_BETA_CELL_DEVELOPMENT,17,0.8576131190116323,0.3911250972174005,0.6028619919516324
c2,REACTOME_APOPTOTIC_EXECUTION_PHASE,37,0.8538937873318758,0.39317675132295304,0.6044931256275714
c2,REACTOME_APC_CDC20_MEDIATED_DEGRADATION_OF_NEK2A,26,-0.8535624951697925,0.39336284370106356,0.6044931256275714
c2,REACTOME_NEUROTRANSMITTER_RECEPTORS_AND_POSTSYNAPTIC_SIGNAL_TRANSMISSION,108,0.8470512043051005,0.39697420363729763,0.6085483055552723
c2,REACTOME_METABOLISM_OF_FAT_SOLUBLE_VITAMINS,28,0.8465128984172202,0.3972816088715747,0.6085483055552723
c2,REACTOME_SYNTHESIS_OF_IP3_AND_IP4_IN_THE_CYTOSOL,20,-0.845619354570149,0.3977827948507633,0.6085483055552723
c2,REACTOME_PKA_MEDIATED_PHOSPHORYLATION_OF_CREB,17,0.8440830649998367,0.39864217865041307,0.6089541477148636
c2,REACTOME_REGULATION_OF_TP53_ACTIVITY,151,-0.8387323437802698,0.40162602709846806,0.6125992228808479
c2,REACTOME_METAL_ION_SLC_TRANSPORTERS,18,0.8366881445677262,0.4027866495153438,0.6126522655582595
c2,REACTOME_INSULIN_RECEPTOR_SIGNALLING_CASCADE,36,0.8361634164915821,0.4030762603050583,0.6126522655582595
c2,REACTOME_COMPLEX_III_ASSEMBLY,22,-0.8354987721123556,0.40345393097739035,0.6126522655582595
c2,REACTOME_PROCESSING_OF_INTRONLESS_PRE_MRNAS,20,-0.8287107671613098,0.40728601348207694,0.6175564553537409
h,HALLMARK_COAGULATION,93,0.8244968177891963,0.40966568821877825,0.6202471645852994
c2,REACTOME_IRON_UPTAKE_AND_TRANSPORT,51,-0.8230267331618507,0.4105040814537908,0.6205998281565421
c2,REACTOME_ACTIVATION_OF_MATRIX_METALLOPROTEINASES,18,-0.8201346016995334,0.41215840246166147,0.6216057946887397
c2,REACTOME_MAPK6_MAPK4_SIGNALING,73,-0.819724973604415,0.4123823808666761,0.6216057946887397
c2,REACTOME_DISEASES_OF_SIGNAL_TRANSDUCTION_BY_GROWTH_FACTOR_RECEPTORS_AND_SECOND_MESSENGERS,383,0.8178335902348981,0.41345640992079,0.6223095744035385
c2,REACTOME_ADRENALINE_NORADRENALINE_INHIBITS_INSULIN_SECRETION,21,0.8128510766708155,0.4163211669163618,0.6257026335619806
c2,REACTOME_NOTCH_HLH_TRANSCRIPTION_PATHWAY,26,0.8116732657140503,0.41699508216466896,0.6257978905106671
c2,REACTOME_RAB_GEFS_EXCHANGE_GTP_FOR_GDP_ON_RABS,84,0.8104621212243546,0.41768352695238975,0.6259146419973677
c2,REACTOME_ACTIVATED_TAK1_MEDIATES_P38_MAPK_ACTIVATION,22,-0.8076608902141338,0.4193032097900037,0.6265480743227131
c2,REACTOME_ONCOGENIC_MAPK_SIGNALING,72,0.8076030518156556,0.4193287599857377,0.6265480743227131
h,HALLMARK_TGF_BETA_SIGNALING,52,0.8039788006174972,0.42142057451639403,0.6287570434924366
c2,REACTOME_GPVI_MEDIATED_ACTIVATION_CASCADE,30,-0.802874919308071,0.4220619847097553,0.6287987417550861
c2,REACTOME_INWARDLY_RECTIFYING_K_CHANNELS,19,0.7992676178128284,0.4241540840154884,0.6304242290876166
c2,REACTOME_SIGNALING_BY_VEGF,97,0.7988545161402173,0.4243831395809322,0.6304242290876166
c2,REACTOME_PURINE_CATABOLISM,15,-0.7963869114468455,0.4258284242057213,0.6316557667306285
c2,REACTOME_METABOLIC_DISORDERS_OF_BIOLOGICAL_OXIDATION_ENZYMES,23,0.7944288909299558,0.42696297639036374,0.6324234838152064
c2,REACTOME_UNFOLDED_PROTEIN_RESPONSE_UPR,89,0.7918945381311407,0.4284309497736193,0.6336821407185567
c2,REACTOME_CARGO_RECOGNITION_FOR_CLATHRIN_MEDIATED_ENDOCYTOSIS,86,0.7903001753065976,0.42936142422511114,0.6341433138771454
c2,REACTOME_FGFR1_MUTANT_RECEPTOR_ACTIVATION,23,0.7807858105786942,0.43494585241018113,0.6414669046337204
c2,REACTOME_HIV_ELONGATION_ARREST_AND_RECOVERY,32,-0.7770933393272345,0.43711847862222064,0.6437448859019772
c2,REACTOME_PHASE_II_CONJUGATION_OF_COMPOUNDS,56,-0.7728896252138363,0.43959892169892767,0.6457945697086188
c2,REACTOME_DISEASES_ASSOCIATED_WITH_GLYCOSYLATION_PRECURSOR_BIOSYNTHESIS,16,0.7726164661304512,0.43977035088450334,0.6457945697086188
c2,REACTOME_CONSTITUTIVE_SIGNALING_BY_LIGAND_RESPONSIVE_EGFR_CANCER_VARIANTS,19,0.7683416394289148,0.44230353743051887,0.6485853016685005
c2,REACTOME_NERVOUS_SYSTEM_DEVELOPMENT,465,-0.7653193285149362,0.4440853997980979,0.6502679068472148
c2,REACTOME_AEROBIC_RESPIRATION_AND_RESPIRATORY_ELECTRON_TRANSPORT,227,0.760754246042644,0.44680953044610283,0.6531655288922179
c2,REACTOME_BUDDING_AND_MATURATION_OF_HIV_VIRION,28,-0.7598860013430906,0.44733873295837756,0.6531655288922179
c2,REACTOME_MTOR_SIGNALLING,38,0.7533768692312183,0.45123728881301717,0.6569133342925622
c2,REACTOME_G_ALPHA_Q_SIGNALLING_EVENTS,107,0.7533665327764505,0.45123794157495045,0.6569133342925622
c2,REACTOME_EPIGENETIC_REGULATION_BY_WDR5_CONTAINING_HISTONE_MODIFYING_COMPLEXES,103,-0.7523846437032384,0.4518281957817135,0.6569133342925622
c2,REACTOME_TRANSCRIPTIONAL_REGULATION_BY_NPAS4,27,0.748991876789666,0.45387853202091477,0.65795989106504
c2,REACTOME_NETRIN_1_SIGNALING,31,0.7481223581713581,0.45440170355637277,0.65795989106504
c2,REACTOME_CD28_DEPENDENT_PI3K_AKT_SIGNALING,23,0.7480069811633254,0.45447375890151054,0.65795989106504
c2,REACTOME_SIGNALING_BY_FGFR,68,0.7433013459828228,0.45730967166931247,0.6605486391726727
c2,REACTOME_ATP_DEPENDENT_CHROMATIN_REMODELERS,29,-0.7429122023526907,0.45755076469521716,0.6605486391726727
c2,REACTOME_NUCLEOTIDE_SALVAGE,20,0.7401148353824107,0.45924952928332297,0.6620685900357328
c2,REACTOME_ZBP1_DAI_MEDIATED_INDUCTION_OF_TYPE_I_IFNS,18,0.7387018504931013,0.46010833223782366,0.6623750569434962
c2,REACTOME_GENE_AND_PROTEIN_EXPRESSION_BY_JAK_STAT_SIGNALING_AFTER_INTERLEUKIN_12_STIMULATION,33,-0.7352197850466473,0.4622206696980349,0.6638875769224457
c2,REACTOME_DISEASES_OF_PROGRAMMED_CELL_DEATH,44,0.7348327567792013,0.46245437065622075,0.6638875769224457
c2,REACTOME_RHOQ_GTPASE_CYCLE,56,-0.7326381157014249,0.4637907388135484,0.6648748353620798
c2,REACTOME_TRANSCRIPTION_OF_E2F_TARGETS_UNDER_NEGATIVE_CONTROL_BY_P107_RBL1_AND_P130_RBL2_IN_COMPLEX_WITH_HDAC1,16,-0.7312035439491873,0.4646764528518331,0.6652141957725265
c2,REACTOME_INTERLEUKIN_12_FAMILY_SIGNALING,45,-0.7264828181860932,0.46755578646772566,0.6684026236114627
c2,REACTOME_SUMOYLATION_OF_TRANSCRIPTION_COFACTORS,44,-0.7201309731144319,0.47145751461269003,0.6728758852306883
c2,REACTOME_INTERLEUKIN_4_AND_INTERLEUKIN_13_SIGNALING,77,0.7192484507608832,0.4719978160788926,0.6728758852306883
c2,REACTOME_RUNX2_REGULATES_BONE_DEVELOPMENT,25,0.7136693548528267,0.4754491808045994,0.6768547365621034
c2,REACTOME_HDACS_DEACETYLATE_HISTONES,32,-0.7119264942540919,0.476525804607132,0.6774465322084748
c2,REACTOME_TERMINATION_OF_TRANSLESION_DNA_SYNTHESIS,31,-0.7084796592382592,0.4786632353150887,0.6794350324671311
c2,REACTOME_INFLAMMASOMES,16,-0.7072052864800447,0.47946090716985756,0.6794350324671311
c2,REACTOME_PROTEIN_METHYLATION,17,-0.7056232229298879,0.48044383987082084,0.6794350324671311
c2,REACTOME_DIFFERENTIATION_OF_KERATINOCYTES_IN_INTERFOLLICULAR_EPIDERMIS_IN_MAMMALIAN_SKIN,18,-0.7050607795029032,0.48079318143531335,0.6794350324671311
c2,REACTOME_ANTIGEN_PROCESSING_UBIQUITINATION_PROTEASOME_DEGRADATION,264,0.704320213853937,0.4812388620206216,0.6794350324671311
h,HALLMARK_FATTY_ACID_METABOLISM,132,0.7020882619546496,0.4826318435153637,0.6804644286151964
c2,REACTOME_G_ALPHA_S_SIGNALLING_EVENTS,70,0.700340500172805,0.48372527385837116,0.6805811298872141
h,HALLMARK_OXIDATIVE_PHOSPHORYLATION,199,0.6998255394613303,0.4840425792075893,0.6805811298872141
c2,REACTOME_BILE_ACID_AND_BILE_SALT_METABOLISM,26,0.6930611902657616,0.48828858354646554,0.6856106823768866
c2,REACTOME_IRS_MEDIATED_SIGNALLING,31,0.6908719906492319,0.4896619811134971,0.6863717568225783
c2,REACTOME_PURINERGIC_SIGNALING_IN_LEISHMANIASIS_INFECTION,23,0.6900681853858899,0.4901698790186608,0.6863717568225783
c2,REACTOME_EPIGENETIC_REGULATION_OF_GENE_EXPRESSION_BY_MLL3_AND_MLL4_COMPLEXES,71,0.6879423366329892,0.49149970004880816,0.6868201185475334
c2,REACTOME_DISEASES_ASSOCIATED_WITH_N_GLYCOSYLATION_OF_PROTEINS,20,0.6864126551475956,0.4924728881977962,0.6868201185475334
c2,REACTOME_INTERLEUKIN_7_SIGNALING,21,0.6863375309024792,0.492519769798585,0.6868201185475334
c2,REACTOME_POTENTIAL_THERAPEUTICS_FOR_SARS,81,-0.6852908619551338,0.49317034853754593,0.6868201185475334
c2,REACTOME_RORA_B_C_AND_NR1D1_REV_ERBA_REGULATE_GENE_EXPRESSION,25,0.6805834690677944,0.496153019153314,0.690036424195586
c2,REACTOME_PI_METABOLISM,73,0.6778443867076547,0.497880896975641,0.6912176733844282
c2,REACTOME_PIWI_INTERACTING_RNA_PIRNA_BIOGENESIS,17,-0.6771208248847347,0.4983510835425292,0.6912176733844282
c2,REACTOME_INOSITOL_PHOSPHATE_METABOLISM,38,-0.6725495449233652,0.5012485395787163,0.6942969636056543
c2,REACTOME_RHOA_GTPASE_CYCLE,133,0.6624155574504995,0.5077128396643757,0.702301836242895
c2,REACTOME_SARS_COV_1_ACTIVATES_MODULATES_INNATE_IMMUNE_RESPONSES,37,-0.6589523563177127,0.5099413237488462,0.7030283344098497
c2,REACTOME_ASSEMBLY_OF_THE_HIV_VIRION,16,0.6585716496620476,0.5101936090990027,0.7030283344098497
h,HALLMARK_XENOBIOTIC_METABOLISM,148,-0.6583890473026502,0.5102956885862714,0.7030283344098497
c2,REACTOME_INTERLEUKIN_6_FAMILY_SIGNALING,20,0.6558885385518635,0.5119162181689644,0.7043142598968972
c2,REACTOME_AMINO_ACID_TRANSPORT_ACROSS_THE_PLASMA_MEMBRANE,24,0.6442281263720079,0.5194462589324805,0.7130894291359946
c2,REACTOME_RHOH_GTPASE_CYCLE,31,0.6421201221281679,0.5208117115492292,0.7130894291359946
h,HALLMARK_ESTROGEN_RESPONSE_LATE,152,0.6417150472803222,0.5210657169330644,0.7130894291359946
c2,REACTOME_HEME_SIGNALING,42,-0.6417079085762687,0.5210770560223024,0.7130894291359946
c2,REACTOME_SIGNALLING_TO_RAS,19,0.6389852886676286,0.5228536356509491,0.713526475790533
c2,REACTOME_MAPK_FAMILY_SIGNALING_CASCADES,245,0.638735255252144,0.5230011149243327,0.713526475790533
c2,REACTOME_RHOD_GTPASE_CYCLE,50,0.6378933118605182,0.5235561848289931,0.713526475790533
c2,REACTOME_KERATINIZATION,24,-0.636942832535814,0.5241809134344111,0.713526475790533
c2,REACTOME_TRAF6_MEDIATED_INDUCTION_OF_TAK1_COMPLEX_WITHIN_TLR4_COMPLEX,16,0.6351397227526487,0.5253603751111675,0.7137022230852186
c2,REACTOME_SRP_DEPENDENT_COTRANSLATIONAL_PROTEIN_TARGETING_TO_MEMBRANE,110,-0.6345931874656279,0.5257026131017951,0.7137022230852186
c2,REACTOME_REGULATION_OF_TP53_ACTIVITY_THROUGH_METHYLATION,18,0.6328392739247397,0.5268604035330176,0.7139488461874932
c2,REACTOME_TRANS_GOLGI_NETWORK_VESICLE_BUDDING,68,0.631530847290591,0.5277047327121056,0.7139488461874932
c2,REACTOME_SMAD2_SMAD3_SMAD4_HETEROTRIMER_REGULATES_TRANSCRIPTION,36,0.6311255477128465,0.5279738784488974,0.7139488461874932
c2,REACTOME_REGULATION_OF_NF_KAPPA_B_SIGNALING,18,0.6268319398193472,0.5307912838010084,0.7168129985454987
c2,REACTOME_ACTIVATION_OF_ANTERIOR_HOX_GENES_IN_HINDBRAIN_DEVELOPMENT_DURING_EARLY_EMBRYOGENESIS,58,0.6240848906265036,0.5325840657233945,0.7182877202190516
c2,REACTOME_MATURATION_OF_TCA_ENZYMES_AND_REGULATION_OF_TCA_CYCLE,19,-0.6204037134201511,0.5350134103629884,0.7206159600815547
c2,REACTOME_INTERLEUKIN_RECEPTOR_SHC_SIGNALING,20,0.6146619827348061,0.5387988870919485,0.7247622825055736
c2,REACTOME_RESPONSE_OF_MTB_TO_PHAGOCYTOSIS,21,-0.610565373055884,0.5415078160943501,0.7254679094186088
c2,REACTOME_MISMATCH_REPAIR,15,-0.6099564860186387,0.541914848895692,0.7254679094186088
c2,REACTOME_POST_TRANSLATIONAL_MODIFICATION_SYNTHESIS_OF_GPI_ANCHORED_PROTEINS,52,0.6091975934438294,0.5424065070452067,0.7254679094186088
c2,REACTOME_SARS_COV_1_TARGETS_HOST_INTRACELLULAR_SIGNALLING_AND_REGULATORY_PATHWAYS,16,0.6072479426852676,0.5437098665898815,0.7254679094186088
c2,REACTOME_DISASSEMBLY_OF_THE_DESTRUCTION_COMPLEX_AND_RECRUITMENT_OF_AXIN_TO_THE_MEMBRANE,26,0.6070604910648479,0.5438292026688785,0.7254679094186088
c2,REACTOME_ARACHIDONATE_METABOLISM,32,0.6066377099775774,0.5441079932013702,0.7254679094186088
c2,REACTOME_TRANSCRIPTIONAL_REGULATION_BY_RUNX3,84,0.6061658091576321,0.5444149401894149,0.7254679094186088
c2,REACTOME_INTERLEUKIN_3_INTERLEUKIN_5_AND_GM_CSF_SIGNALING,41,0.6040406020425296,0.5458313639209685,0.7254679094186088
c2,REACTOME_RAC3_GTPASE_CYCLE,79,0.6035250302851113,0.5461700903521697,0.7254679094186088
h,HALLMARK_HYPOXIA,177,0.6031723041453741,0.5464011961669912,0.7254679094186088
c2,REACTOME_SIGNALING_BY_PTK6,45,0.6018946071324223,0.5472583610215129,0.7256660026481898
c2,REACTOME_DRUG_ADME,42,0.6006361529936147,0.5480969225104588,0.7258001688544068
c2,REACTOME_INTERFERON_SIGNALING,221,-0.598760120399572,0.5493392653547853,0.7258001688544068
c2,REACTOME_SENESCENCE_ASSOCIATED_SECRETORY_PHENOTYPE_SASP,50,0.5985538173653169,0.5494838351522143,0.7258001688544068
c2,REACTOME_NR1H3_NR1H2_REGULATE_GENE_EXPRESSION_LINKED_TO_CHOLESTEROL_TRANSPORT_AND_EFFLUX,31,-0.596777831050644,0.5506727112468592,0.7264344002934758
c2,REACTOME_RHOV_GTPASE_CYCLE,34,0.593627451290576,0.5527775722357693,0.7282737937553516
c2,REACTOME_CONSTITUTIVE_SIGNALING_BY_AKT1_E17K_IN_CANCER,25,0.5914102084074507,0.5542645775662791,0.7292954967977358
c2,REACTOME_CITRIC_ACID_CYCLE_TCA_CYCLE,32,-0.5884050185043846,0.5562772767232107,0.7296688905409209
c2,REACTOME_GLUTATHIONE_CONJUGATION,27,0.5869047571437439,0.5572859838546194,0.7296688905409209
c2,REACTOME_INHIBITION_OF_THE_PROTEOLYTIC_ACTIVITY_OF_APC_C_REQUIRED_FOR_THE_ONSET_OF_ANAPHASE_BY_MITOTIC_SPINDLE_CHECKPOINT_COMPONENTS,21,-0.5868324949049113,0.5573369670029025,0.7296688905409209
c2,REACTOME_DNA_DAMAGE_TELOMERE_STRESS_INDUCED_SENESCENCE,27,-0.5867411979917299,0.5573958451644303,0.7296688905409209
c2,REACTOME_UPTAKE_AND_ACTIONS_OF_BACTERIAL_TOXINS,25,0.5841018534994556,0.5591708450456749,0.73049410367822
c2,REACTOME_DISEASES_ASSOCIATED_WITH_GLYCOSAMINOGLYCAN_METABOLISM,33,0.5827498517639109,0.5600783140603016,0.73049410367822
c2,REACTOME_FLT3_SIGNALING_IN_DISEASE,27,0.5816163445619564,0.5608434969513949,0.73049410367822
c2,REACTOME_METABOLISM_OF_COFACTORS,22,-0.5810931399275222,0.5611980300287825,0.73049410367822
c2,REACTOME_CREB1_PHOSPHORYLATION_THROUGH_NMDA_RECEPTOR_MEDIATED_ACTIVATION_OF_RAS_SIGNALING,19,0.5799920357840286,0.5619418956288654,0.73049410367822
c2,REACTOME_TRANSCRIPTIONAL_REGULATION_OF_BROWN_AND_BEIGE_ADIPOCYTE_DIFFERENTIATION,29,-0.5794515258630788,0.5623022905386493,0.73049410367822
c2,REACTOME_RESPIRATORY_SYNCYTIAL_VIRUS_RSV_GENOME_REPLICATION_TRANSCRIPTION_AND_TRANSLATION,17,0.5727951799917524,0.5668066373105707,0.734342031969274
c2,REACTOME_INTERFERON_GAMMA_SIGNALING,72,0.5719950212921734,0.5673366777909881,0.734342031969274
c2,REACTOME_LISTERIA_MONOCYTOGENES_ENTRY_INTO_HOST_CELLS,18,0.5718982068333688,0.5674135505557707,0.734342031969274
c2,REACTOME_CYTOSOLIC_SENSORS_OF_PATHOGEN_ASSOCIATED_DNA,58,-0.5693340676842167,0.5691420871707092,0.7348268849595596
c2,REACTOME_MATURATION_OF_SARS_COV_2_NUCLEOPROTEIN,15,-0.5692342323074578,0.5692219967394052,0.7348268849595596
c2,REACTOME_CYCLIN_D_ASSOCIATED_EVENTS_IN_G1,44,-0.56789913179493,0.5701179723503504,0.7350577630932191
c2,REACTOME_TRANSCRIPTIONAL_REGULATION_BY_RUNX1,139,-0.5634885959006084,0.5731104400658524,0.7379876897832899
c2,REACTOME_TRANSCRIPTIONAL_REGULATION_BY_TP53,337,-0.5618148086194007,0.5742475271814408,0.7385241096122671
c2,REACTOME_ENERGY_DEPENDENT_REGULATION_OF_MTOR_BY_LKB1_AMPK,26,0.5602823329723612,0.5753058202747432,0.7389579771699395
c2,REACTOME_VLDLR_INTERNALISATION_AND_DEGRADATION,16,-0.5588974711471424,0.576255853610771,0.7392518772854072
c2,REACTOME_RHO_GTPASES_ACTIVATE_PKNS,30,0.5565447623758479,0.5778561789765664,0.7403782293137257
c2,REACTOME_NRIF_SIGNALS_CELL_DEATH_FROM_THE_NUCLEUS,15,-0.5535886985656397,0.5798853854616423,0.7420505868891177
h,HALLMARK_MTORC1_SIGNALING,194,-0.5504540417468818,0.5820150124758277,0.7438471169422984
c2,REACTOME_INTRINSIC_PATHWAY_FOR_APOPTOSIS,51,0.5486050728694036,0.5832901318654209,0.7442480057292453
c2,REACTOME_RHOF_GTPASE_CYCLE,39,-0.5478931217905246,0.5837808747378666,0.7442480057292453
c2,REACTOME_GABA_B_RECEPTOR_ACTIVATION,27,0.5404539579717542,0.588902799958562,0.7471171884954766
c2,REACTOME_DDX58_IFIH1_MEDIATED_INDUCTION_OF_INTERFERON_ALPHA_BETA,63,-0.5404172994453764,0.5889216026825763,0.7471171884954766
c2,REACTOME_MITOCHONDRIAL_TRNA_AMINOACYLATION,18,-0.5393918545075226,0.5896395240333216,0.7471171884954766
c2,REACTOME_METABOLISM_OF_NUCLEOTIDES,82,-0.5380853540844044,0.5905289462292511,0.7471171884954766
c2,REACTOME_MATERNAL_TO_ZYGOTIC_TRANSITION_MZT,47,0.5372192450497763,0.591130461104585,0.7471171884954766
c2,REACTOME_SIGNALING_BY_FGFR_IN_DISEASE,50,0.5361159040839422,0.5918923058044749,0.7471171884954766
c2,REACTOME_DEFECTIVE_B4GALT7_CAUSES_EDS_PROGEROID_TYPE,15,0.5360423055841614,0.5919545760911507,0.7471171884954766
c2,REACTOME_GLUCOSE_METABOLISM,68,-0.5353146175050366,0.5924442160383907,0.7471171884954766
c2,REACTOME_SIGNALLING_TO_ERKS,32,0.5351094588135134,0.5925914870700707,0.7471171884954766
c2,REACTOME_STIMULI_SENSING_CHANNELS,57,0.5326562588466436,0.594284556044057,0.748331289858917
c2,REACTOME_TP53_REGULATES_TRANSCRIPTION_OF_CELL_DEATH_GENES,38,0.5303890860155824,0.5958581269885252,0.7492418194029321
c2,REACTOME_REGULATION_OF_T_CELL_ACTIVATION_BY_CD28_FAMILY,52,0.5281469033600561,0.5974110252412145,0.7492418194029321
c2,REACTOME_TRANSLATION_OF_SARS_COV_1_STRUCTURAL_PROTEINS,28,-0.527792306153751,0.5976620800169629,0.7492418194029321
c2,REACTOME_PLATELET_AGGREGATION_PLUG_FORMATION,23,0.5273552573870772,0.5979674115313377,0.7492418194029321
c2,REACTOME_PEROXISOMAL_PROTEIN_IMPORT,54,0.5263441932651445,0.59866248789366,0.7492418194029321
c2,REACTOME_TRANSLESION_SYNTHESIS_BY_POLK,17,-0.5243754435536008,0.6000413130578666,0.7500516413223333
c2,REACTOME_BBSOME_MEDIATED_CARGO_TARGETING_TO_CILIUM,21,-0.5205164056965943,0.6027252291413878,0.7524888670766413
c2,REACTOME_REGULATION_OF_RUNX1_EXPRESSION_AND_ACTIVITY,16,0.5191835406451099,0.6036574367315298,0.7527358548051315
c2,REACTOME_DAP12_SIGNALING,23,0.5125309579577844,0.6083001215136372,0.757603432018807
c2,REACTOME_RAF_INDEPENDENT_MAPK1_3_ACTIVATION,22,-0.5101397533105796,0.6099747077168284,0.7581302039635369
c2,REACTOME_CASPASE_ACTIVATION_VIA_EXTRINSIC_APOPTOTIC_SIGNALLING_PATHWAY,23,0.5098141540783123,0.6102023592877248,0.7581302039635369
c2,REACTOME_ADIPOGENESIS,100,-0.5065988398223783,0.6124462931191763,0.7599969133742805
c2,REACTOME_SYNTHESIS_OF_PIPS_AT_THE_GOLGI_MEMBRANE,15,-0.5054092278373307,0.6132971087127735,0.76013245033929
c2,REACTOME_FORMATION_OF_THE_CORNIFIED_ENVELOPE,22,-0.5002364721146829,0.6169298374463446,0.763711453360511
c2,REACTOME_ABERRANT_REGULATION_OF_MITOTIC_G1_S_TRANSITION_IN_CANCER_DUE_TO_RB1_DEFECTS,15,-0.4972209111126408,0.6190590522055774,0.7654228329441699
c2,REACTOME_METABOLISM_OF_VITAMINS_AND_COFACTORS,156,0.4943996435648342,0.621032015985625,0.7669371281750188
c2,REACTOME_G0_AND_EARLY_G1,26,-0.49039287586980984,0.6238755696654872,0.7681923908994184
c2,REACTOME_PEPTIDE_LIGAND_BINDING_RECEPTORS,53,0.49001163816543375,0.6241394460595151,0.7681923908994184
c2,REACTOME_SIGNALING_BY_NTRK3_TRKC,16,0.48980514285840127,0.6242968406041127,0.7681923908994184
c2,REACTOME_SIGNALING_BY_FGFR2,58,0.48352053295018327,0.6287394037660443,0.7725259997211891
c2,REACTOME_MTORC1_MEDIATED_SIGNALLING,23,0.4827051762374938,0.6293260583094564,0.7725259997211891
c2,REACTOME_SIGNALING_BY_NOTCH1_PEST_DOMAIN_MUTANTS_IN_CANCER,51,0.4770513423170973,0.6333396993835028,0.7765229567800124
c2,REACTOME_SIGNALING_BY_CYTOSOLIC_FGFR1_FUSION_MUTANTS,17,0.4750628609116249,0.6347666448897598,0.7770610680322514
c2,REACTOME_SARS_COV_2_INFECTION,257,-0.4742965591502598,0.6352948048888065,0.7770610680322514
c2,REACTOME_LDL_CLEARANCE,16,-0.4728152260660879,0.636370265322211,0.7772269249473754
c2,REACTOME_SEMAPHORIN_INTERACTIONS,60,0.4719900746433216,0.6369469433715076,0.7772269249473754
c2,REACTOME_MITF_M_REGULATED_MELANOCYTE_DEVELOPMENT,126,-0.47087963637985797,0.6377357393531651,0.7772641294137862
c2,REACTOME_NEGATIVE_REGULATION_OF_MAPK_PATHWAY,42,-0.4693290068177604,0.6388501146457385,0.7775171530696783
c2,REACTOME_FORMATION_OF_THE_BETA_CATENIN_TCF_TRANSACTIVATING_COMPLEX,32,0.46833973976470555,0.639559561341956,0.7775171530696783
c2,REACTOME_EFFECTS_OF_PIP2_HYDROLYSIS,20,-0.46742428338817266,0.6402190021373741,0.7775171530696783
c2,REACTOME_TOLL_LIKE_RECEPTOR_9_TLR9_CASCADE,104,0.4655202418326775,0.6415689204750608,0.7781286602543322
c2,REACTOME_GASTRIN_CREB_SIGNALLING_PATHWAY_VIA_PKC_AND_MAPK,16,0.4646034329498031,0.6422408259269903,0.7781286602543322
c2,REACTOME_SIGNALING_BY_FGFR2_IN_DISEASE,32,0.460325369886379,0.6453006679541966,0.780912850830049
c2,REACTOME_BMAL1_CLOCK_NPAS2_ACTIVATES_CIRCADIAN_EXPRESSION,22,-0.4567586522302586,0.6478662325315938,0.7830930287085892
c2,REACTOME_GABA_RECEPTOR_ACTIVATION,29,0.44839888822689494,0.6538843252602143,0.7894363173047346
c2,REACTOME_SIGNALING_BY_CSF3_G_CSF,28,0.44009461925175825,0.6598879667089463,0.7957472539725529
c2,REACTOME_TRANSCRIPTIONAL_ACTIVITY_OF_SMAD2_SMAD3_SMAD4_HETEROTRIMER,50,0.43582224890300575,0.6629802488418701,0.7985367274534864
c2,REACTOME_TICAM1_RIP1_MEDIATED_IKK_COMPLEX_RECRUITMENT,19,0.42724628960633715,0.6692236076556424,0.8051105608533257
c2,REACTOME_CLASS_A_1_RHODOPSIN_LIKE_RECEPTORS,88,0.4208197855096759,0.673897737239155,0.8097833302111769
c2,REACTOME_DEVELOPMENTAL_CELL_LINEAGES,57,0.4184458605610041,0.6756348937372669,0.8109201007970709
c2,REACTOME_N_GLYCAN_ANTENNAE_ELONGATION_IN_THE_MEDIAL_TRANS_GOLGI,17,0.41531084573262916,0.6779394983644744,0.8127344863433759
c2,REACTOME_METABOLISM_OF_WATER_SOLUBLE_VITAMINS_AND_COFACTORS,107,0.40899631046675416,0.6825524510249361,0.8173087176408406
c2,REACTOME_FCERI_MEDIATED_CA_2_MOBILIZATION,25,0.39754051464652573,0.6909898008880515,0.826446377958288
c2,REACTOME_DISEASES_ASSOCIATED_WITH_O_GLYCOSYLATION_OF_PROTEINS,44,0.39506769824746635,0.6928086969461486,0.8276560773540819
c2,REACTOME_ABERRANT_REGULATION_OF_MITOTIC_EXIT_IN_CANCER_DUE_TO_RB1_DEFECTS,20,0.3934571294798424,0.6940052642446628,0.8281203676959015
c2,REACTOME_SUMOYLATION,163,-0.3858944879634445,0.699583076211344,0.8320644984616303
c2,REACTOME_PLASMA_LIPOPROTEIN_CLEARANCE,29,-0.38316192689856576,0.7016192088238224,0.8320644984616303
c2,REACTOME_NUCLEAR_EVENTS_STIMULATED_BY_ALK_SIGNALING_IN_CANCER,28,-0.3829679819352587,0.7017633532997347,0.8320644984616303
c2,REACTOME_REGULATION_OF_TP53_EXPRESSION_AND_DEGRADATION,36,0.38282237421139204,0.7018689826170464,0.8320644984616303
c2,REACTOME_MITOCHONDRIAL_BIOGENESIS,85,-0.38245144664131514,0.702137957560504,0.8320644984616303
c2,REACTOME_TP53_REGULATES_TRANSCRIPTION_OF_CELL_CYCLE_GENES,48,-0.38097068619768265,0.7032401841608014,0.8320644984616303
c2,REACTOME_CARGO_TRAFFICKING_TO_THE_PERICILIARY_MEMBRANE,45,0.38090690170513425,0.7032880113949314,0.8320644984616303
c2,REACTOME_SIGNALING_BY_CSF1_M_CSF_IN_MYELOID_CELLS,29,0.3802157415482541,0.7038048001621791,0.8320644984616303
c2,REACTOME_RESPIRATORY_SYNCYTIAL_VIRUS_RSV_ATTACHMENT_AND_ENTRY,20,0.3753453092591383,0.7074272192169053,0.8348057617101062
c2,REACTOME_SIGNALING_BY_FLT3_FUSION_PROTEINS,19,0.3737105623198983,0.7086438376533737,0.8348057617101062
c2,REACTOME_SEMA4D_INDUCED_CELL_MIGRATION_AND_GROWTH_CONE_COLLAPSE,17,0.3730723522440287,0.7091201530910464,0.8348057617101062
c2,REACTOME_LYSOSOME_VESICLE_BIOGENESIS,31,-0.37271261487293567,0.7093812862921977,0.8348057617101062
c2,REACTOME_SEMA3A_PAK_DEPENDENT_AXON_REPULSION,16,-0.36790248987355273,0.7129723373771679,0.8380695479490793
c2,REACTOME_MITOCHONDRIAL_FATTY_ACID_BETA_OXIDATION,33,-0.36349108326123747,0.7162564933329268,0.8385497583892557
c2,REACTOME_RHOJ_GTPASE_CYCLE,53,0.3613441414756788,0.7178567581007115,0.8385497583892557
c2,REACTOME_REGULATION_OF_MITF_M_DEPENDENT_GENES_INVOLVED_IN_PIGMENTATION,34,-0.3606961067113103,0.7183448023809745,0.8385497583892557
c2,REACTOME_NUCLEOTIDE_BINDING_DOMAIN_LEUCINE_RICH_REPEAT_CONTAINING_RECEPTOR_NLR_SIGNALING_PATHWAYS,50,-0.3601107651038822,0.718779296524497,0.8385497583892557
c2,REACTOME_POTASSIUM_CHANNELS,36,0.3600089002145873,0.7188581386932221,0.8385497583892557
c2,REACTOME_APOPTOTIC_FACTOR_MEDIATED_RESPONSE,19,0.35818260258511814,0.7202309750239252,0.8385497583892557
c2,REACTOME_NEGATIVE_REGULATION_OF_MET_ACTIVITY,20,0.3578667694657314,0.7204667174059982,0.8385497583892557
c2,REACTOME_CELLULAR_SENESCENCE,125,0.35749332542918977,0.7207320432071878,0.8385497583892557
c2,REACTOME_TRANSCRIPTIONAL_AND_POST_TRANSLATIONAL_REGULATION_OF_MITF_M_EXPRESSION_AND_ACTIVITY,39,-0.35686577341276465,0.7212092828893222,0.8385497583892557
c2,REACTOME_EPH_EPHRIN_SIGNALING,84,0.3563876975589185,0.7215618408773888,0.8385497583892557
c2,REACTOME_FORMATION_OF_NEURONAL_PROGENITOR_AND_NEURONAL_BAF_NPBAF_AND_NBAF,23,-0.35283013860795154,0.7242379278313085,0.8400199707518692
c2,REACTOME_NR1H2_AND_NR1H3_MEDIATED_SIGNALING,36,0.35145975157396275,0.7252611771510267,0.8400199707518692
c2,REACTOME_METABOLISM_OF_FOLATE_AND_PTERINES,17,-0.3514380019205992,0.7252855357223456,0.8400199707518692
c2,REACTOME_CASPASE_ACTIVATION_VIA_DEATH_RECEPTORS_IN_THE_PRESENCE_OF_LIGAND,15,0.3462488215011714,0.7291831967718645,0.8420970973494453
h,HALLMARK_APICAL_JUNCTION,151,0.345540300321897,0.7296969270723013,0.8420970973494453
c2,REACTOME_EPHB_MEDIATED_FORWARD_SIGNALING,40,0.3454446191142288,0.7297769816834616,0.8420970973494453
c2,REACTOME_DOWNREGULATION_OF_SMAD2_3_SMAD4_TRANSCRIPTIONAL_ACTIVITY,30,0.344665652171231,0.7303651897986896,0.8420970973494453
c2,REACTOME_NOTCH2_ACTIVATION_AND_TRANSMISSION_OF_SIGNAL_TO_THE_NUCLEUS,18,-0.3370114433125209,0.7361334324408352,0.847794121631299
c2,REACTOME_PINK1_PRKN_MEDIATED_MITOPHAGY,30,-0.3342682641948814,0.7381966513441052,0.8492161252836227
c2,REACTOME_GOLGI_TO_ER_RETROGRADE_TRANSPORT,114,-0.32757522174301235,0.7432429273249377,0.8540627808386336
c2,REACTOME_REGULATION_OF_MITF_M_DEPENDENT_GENES_INVOLVED_IN_LYSOSOME_BIOGENESIS_AND_AUTOPHAGY,17,-0.3173038047436327,0.7510391451688272,0.8613470832003103
c2,REACTOME_NICOTINATE_METABOLISM,26,0.3170025772870891,0.7512627242742218,0.8613470832003103
c2,REACTOME_INHIBITION_OF_DNA_RECOMBINATION_AT_TELOMERE,21,-0.31520228794260635,0.7526315300973644,0.8619523110053614
c2,REACTOME_ACTIVATED_NOTCH1_TRANSMITS_SIGNAL_TO_THE_NUCLEUS,25,0.3119931044831719,0.7550672918513143,0.8622541826576688
c2,REACTOME_SIGNALING_BY_NOTCH2,25,0.3118231427411255,0.7551964641946319,0.8622541826576688
c2,REACTOME_RHOC_GTPASE_CYCLE,71,0.31151915160433374,0.7554187863674017,0.8622541826576688
c2,REACTOME_NUCLEOTIDE_CATABOLISM,27,0.30787284380777724,0.7581998338284502,0.864465883953461
c2,REACTOME_COPI_INDEPENDENT_GOLGI_TO_ER_RETROGRADE_TRAFFIC,42,0.2966439258376562,0.7667550701550874,0.8730361401891126
c2,REACTOME_BACTERIAL_INFECTION_PATHWAYS,62,0.29576925752883104,0.7674200607906247,0.8730361401891126
c2,REACTOME_REGULATION_OF_PTEN_GENE_TRANSCRIPTION,58,0.29356869825245296,0.7691017296385855,0.8739792382256654
c2,REACTOME_RHOG_GTPASE_CYCLE,64,0.28992926646911077,0.7718839176972683,0.8740073250765058
c2,REACTOME_SIGNALING_BY_BRAF_AND_RAF1_FUSIONS,57,0.289395624340224,0.7722930164132404,0.8740073250765058
c2,REACTOME_INTERCONVERSION_OF_NUCLEOTIDE_DI_AND_TRIPHOSPHATES,26,-0.2882245655389797,0.7731961076954047,0.8740073250765058
c2,REACTOME_DISORDERS_OF_TRANSMEMBRANE_TRANSPORTERS,121,-0.28800871613680096,0.7733499617982328,0.8740073250765058
c2,REACTOME_SCAVENGING_BY_CLASS_A_RECEPTORS,15,0.2879801748085123,0.7733898964335519,0.8740073250765058
c2,REACTOME_PLATELET_SENSITIZATION_BY_LDL,15,0.28534821586129056,0.7754053798914731,0.8750128573052639
c2,REACTOME_INACTIVATION_OF_CSF3_G_CSF_SIGNALING,23,0.2839650663587263,0.7764597830207757,0.8750128573052639
c2,REACTOME_DISEASES_OF_MITOTIC_CELL_CYCLE,36,-0.28330272677605545,0.7769628892500748,0.8750128573052639
c2,REACTOME_SUMOYLATION_OF_UBIQUITINYLATION_PROTEINS,37,-0.2823482485530184,0.7776943541513127,0.8750128573052639
c2,REACTOME_TGFBR3_EXPRESSION,20,0.2809865255918334,0.7787450211098356,0.8752342616640147
h,HALLMARK_TNFA_SIGNALING_VIA_NFKB,184,0.279168665277294,0.7801234548640372,0.8758231557893079
c2,REACTOME_TRANSCRIPTIONAL_REGULATION_BY_E2F6,34,-0.27574639039072685,0.7827615267166366,0.8778233751472128
c2,REACTOME_TNFR1_INDUCED_PROAPOPTOTIC_SIGNALING,24,-0.27395017615783285,0.7841451283025316,0.8784139415410872
c2,REACTOME_JNK_C_JUN_KINASES_PHOSPHORYLATION_AND_ACTIVATION_MEDIATED_BY_ACTIVATED_HUMAN_TAK1,21,-0.2664386398667796,0.7899252066878086,0.8833865702003622
c2,REACTOME_ACTIVATION_OF_BH3_ONLY_PROTEINS,28,-0.2648598639219523,0.7911380413909356,0.8833865702003622
c2,REACTOME_SIGNALING_BY_INTERLEUKINS,344,-0.2641800417505974,0.791647151712052,0.8833865702003622
h,HALLMARK_PI3K_AKT_MTOR_SIGNALING,95,0.2636881326616378,0.7920314712333003,0.8833865702003622
c2,REACTOME_FORMATION_OF_INCISION_COMPLEX_IN_GG_NER,43,-0.2613689757641446,0.7938246466789617,0.8844241987455823
c2,REACTOME_RIPK1_MEDIATED_REGULATED_NECROSIS,30,-0.25786556747314826,0.7965306213724279,0.8864667061940658
c2,REACTOME_TRANSCRIPTIONAL_REGULATION_OF_WHITE_ADIPOCYTE_DIFFERENTIATION,76,-0.25674576006733824,0.7973876127911499,0.8864667061940658
c2,REACTOME_COMPLEX_IV_ASSEMBLY,42,0.2538225747030255,0.7996495289499139,0.8872740854199309
c2,REACTOME_SIGNAL_TRANSDUCTION_BY_L1,19,-0.25358002863952767,0.7998451267590402,0.8872740854199309
c2,REACTOME_TRANSCRIPTIONAL_REGULATION_BY_THE_AP_2_TFAP2_FAMILY_OF_TRANSCRIPTION_FACTORS,28,0.24842324006425284,0.8038276643007523,0.8881835981052857
c2,REACTOME_TRAF6_MEDIATED_IRF7_ACTIVATION,15,-0.2479159108341369,0.8042277531663972,0.8881835981052857
c2,REACTOME_P75NTR_SIGNALS_VIA_NF_KB,15,0.2473310310680876,0.8046803335051038,0.8881835981052857
c2,REACTOME_REGULATION_OF_KIT_SIGNALING,15,0.24689237124355065,0.8050198117283833,0.8881835981052857
c2,REACTOME_MYD88_INDEPENDENT_TLR4_CASCADE,106,0.2460179471588051,0.805679024202284,0.8881835981052857
c2,REACTOME_SYNTHESIS_OF_BILE_ACIDS_AND_BILE_SALTS_VIA_7ALPHA_HYDROXYCHOLESTEROL,15,-0.24506462197464665,0.8064346993370676,0.8881835981052857
c2,REACTOME_VEGFR2_MEDIATED_CELL_PROLIFERATION,18,-0.24463199440292913,0.8067672324381466,0.8881835981052857
c2,REACTOME_EPH_EPHRIN_MEDIATED_REPULSION_OF_CELLS,47,0.24354766236321268,0.8075971838381719,0.8881835981052857
c2,REACTOME_TOLL_LIKE_RECEPTOR_TLR1_TLR2_CASCADE,101,0.24222734672016633,0.8086149600624177,0.888203260271521
c2,REACTOME_SMOOTH_MUSCLE_CONTRACTION,34,-0.24124164291497496,0.8093866693205072,0.888203260271521
c2,REACTOME_MAPK1_MAPK3_SIGNALING,209,-0.2401589589099815,0.8102146813208508,0.888203260271521
c2,REACTOME_COOPERATION_OF_PDCL_PHLP1_AND_TRIC_CCT_IN_G_PROTEIN_BETA_FOLDING,29,-0.23858840292255878,0.8114451582312886,0.8886018025502894
c2,REACTOME_DISEASES_OF_IMMUNE_SYSTEM,22,0.23604833045585413,0.8134185960000049,0.8898122314834632
c2,REACTOME_SIGNALING_BY_TGFBR3,41,0.23240843977451672,0.816237984340618,0.890701288996739
c2,REACTOME_SEMA4D_IN_SEMAPHORIN_SIGNALING,21,0.2321990187843867,0.8164074404799552,0.890701288996739
c2,REACTOME_SYNTHESIS_OF_ACTIVE_UBIQUITIN_ROLES_OF_E1_AND_E2_ENZYMES,30,-0.23163932018952013,0.8168382552750582,0.890701288996739
c2,REACTOME_FCERI_MEDIATED_MAPK_ACTIVATION,29,-0.22927635279746664,0.8186745758362444,0.8909944624726395
c2,REACTOME_SIGNALING_BY_NOTCH1,63,0.22690449215419337,0.820511906436883,0.8909944624726395
c2,REACTOME_RHOB_GTPASE_CYCLE,66,-0.2247884631722134,0.8221574276232678,0.8909944624726395
c2,REACTOME_INSERTION_OF_TAIL_ANCHORED_PROTEINS_INTO_THE_ENDOPLASMIC_RETICULUM_MEMBRANE,19,0.2247331076259611,0.8222121804205925,0.8909944624726395
c2,REACTOME_TNFS_BIND_THEIR_PHYSIOLOGICAL_RECEPTORS,15,0.22466694013367816,0.8222668249729385,0.8909944624726395
c2,REACTOME_E3_UBIQUITIN_LIGASES_UBIQUITINATE_TARGET_PROTEINS,43,-0.22458019005867202,0.82232269414548,0.8909944624726395
c2,REACTOME_SUMOYLATION_OF_CHROMATIN_ORGANIZATION_PROTEINS,55,-0.21940036901156518,0.8263530765814565,0.8944159487814075
c2,REACTOME_ONCOGENE_INDUCED_SENESCENCE,32,0.2170892440791694,0.8281583137040867,0.8948176799352973
c2,REACTOME_O_GLYCOSYLATION_OF_TSR_DOMAIN_CONTAINING_PROTEINS,30,0.2166898419548682,0.8284702226913143,0.8948176799352973
c2,REACTOME_RSV_HOST_INTERACTIONS,76,-0.20800151113635468,0.8352404995516511,0.9011805389899394
c2,REACTOME_TRAF6_MEDIATED_NF_KB_ACTIVATION,22,-0.20591578584151002,0.8368802795551205,0.902000301308095
c2,REACTOME_VITAMIN_B5_PANTOTHENATE_METABOLISM,18,-0.2006449591201105,0.841002298678606,0.9045742412188743
c2,REACTOME_INTERLEUKIN_37_SIGNALING,18,0.19971048492593832,0.84173311615944,0.9045742412188743
c2,REACTOME_SIGNALING_BY_INSULIN_RECEPTOR,62,-0.19946139720789482,0.8419159279246888,0.9045742412188743
c2,REACTOME_SENSORY_PROCESSING_OF_SOUND,38,0.19613729550472214,0.8445206982760975,0.9064227389874345
c2,REACTOME_RND3_GTPASE_CYCLE,38,0.18790743711387703,0.8509672337896119,0.9123864169815399
c2,REACTOME_NEDDYLATION,208,0.17498318620640013,0.861100620336136,0.9222864533380768
c2,REACTOME_TOLL_LIKE_RECEPTOR_CASCADES,146,0.1723924041283195,0.86313830407555,0.9235039265944038
c2,REACTOME_CO_INHIBITION_BY_CTLA4,18,-0.167537873383725,0.8669731076122102,0.9250443113575956
c2,REACTOME_TP53_REGULATES_TRANSCRIPTION_OF_GENES_INVOLVED_IN_CYTOCHROME_C_RELEASE,18,-0.16740437707027184,0.8670781395852825,0.9250443113575956
c2,REACTOME_CLATHRIN_MEDIATED_ENDOCYTOSIS,125,-0.16712024300771047,0.8672854470386823,0.9250443113575956
c2,REACTOME_TP53_REGULATES_TRANSCRIPTION_OF_GENES_INVOLVED_IN_G2_CELL_CYCLE_ARREST,18,0.16400022107721607,0.8697572428008463,0.925603633663754
c2,REACTOME_P75_NTR_RECEPTOR_MEDIATED_SIGNALLING,82,0.16317208686295906,0.8703952865731809,0.925603633663754
c2,REACTOME_CELLULAR_RESPONSE_TO_CHEMICAL_STRESS,173,-0.16301020551079562,0.8705189296115696,0.925603633663754
c2,REACTOME_MITOPHAGY,37,-0.15943823540403115,0.8733419695266988,0.9276430246268045
c2,REACTOME_ESR_MEDIATED_SIGNALING,141,0.15438869387881335,0.8773127169950654,0.9308959988819275
c2,REACTOME_BIOSYNTHESIS_OF_THE_N_GLYCAN_PRECURSOR_DOLICHOL_LIPID_LINKED_OLIGOSACCHARIDE_LLO_AND_TRANSFER_TO_A_NASCENT_PROTEIN,68,0.15096587985308535,0.8800162042084503,0.9324529892250619
c2,REACTOME_ERCC6_CSB_AND_EHMT2_G9A_POSITIVELY_REGULATE_RRNA_EXPRESSION,17,-0.1484185112664481,0.8820395914728622,0.9324529892250619
c2,REACTOME_SIGNALING_BY_FLT3_ITD_AND_TKD_MUTANTS,15,0.14746281101517372,0.882795582630105,0.9324529892250619
c2,REACTOME_SYNTHESIS_OF_GLYCOSYLPHOSPHATIDYLINOSITOL_GPI,17,-0.14704490172210335,0.8831236840400403,0.9324529892250619
c2,REACTOME_METALLOPROTEASE_DUBS,20,0.14603446653476848,0.8839191760511127,0.9324529892250619
c2,REACTOME_SIGNALING_BY_CTNNB1_PHOSPHO_SITE_MUTANTS,15,-0.14563506174626972,0.8842383468553758,0.9324529892250619
c2,REACTOME_RND1_GTPASE_CYCLE,38,0.14386160282097413,0.8856279100434344,0.9329584869419532
c2,REACTOME_CRMPS_IN_SEMA3A_SIGNALING,15,0.1381047347583853,0.890186533747274,0.9367979436252112
c2,REACTOME_BETA_CATENIN_PHOSPHORYLATION_CASCADE,16,0.13443271661917966,0.893088399981548,0.9385780669004767
c2,REACTOME_TRANSCRIPTION_OF_E2F_TARGETS_UNDER_NEGATIVE_CONTROL_BY_DREAM_COMPLEX,19,0.13364440658762705,0.8937094568730394,0.9385780669004767
c2,REACTOME_DEADENYLATION_OF_MRNA,25,-0.1307572335476958,0.8959897644231571,0.9391033372952653
c2,REACTOME_MITF_M_DEPENDENT_GENE_EXPRESSION,94,0.1306775103040096,0.8960420135363605,0.9391033372952653
c2,REACTOME_NOD1_2_SIGNALING_PATHWAY,35,-0.1271290053138315,0.8988572507144719,0.9410916057020773
c2,REACTOME_DEPOLYMERIZATION_OF_THE_NUCLEAR_LAMINA,15,0.12567603972983818,0.9000173062838408,0.9413446315723845
c2,REACTOME_NOTCH1_INTRACELLULAR_DOMAIN_REGULATES_TRANSCRIPTION,43,0.12017958197557425,0.9043580139850216,0.9449204529405169
c2,REACTOME_DAP12_INTERACTIONS,28,0.1177333415735543,0.906300159418044,0.9451894509195926
c2,REACTOME_INTEGRIN_SIGNALING,20,0.11753684730638782,0.9064597368331313,0.9451894509195926
c2,REACTOME_CYTOPROTECTION_BY_HMOX1,48,-0.11557215789260455,0.9080078478450273,0.9458415081719035
c2,REACTOME_DOWNREGULATION_OF_ERBB2_SIGNALING,22,0.11346503272615757,0.9096858197942149,0.9466273759279901
c2,REACTOME_REGULATION_OF_LIPID_METABOLISM_BY_PPARALPHA,105,-0.10836160107589085,0.9137198596277053,0.9498609088421885
c2,REACTOME_SYNTHESIS_OF_SUBSTRATES_IN_N_GLYCAN_BIOSYTHESIS,54,0.10543865200178726,0.9160430585430256,0.9513111803511665
c2,REACTOME_M_DECAY_DEGRADATION_OF_MATERNAL_MRNAS_BY_MATERNALLY_STORED_FACTORS,27,0.0948097884508101,0.9244875645515696,0.9587227400049841
c2,REACTOME_CONVERSION_FROM_APC_C_CDC20_TO_APC_C_CDH1_IN_LATE_ANAPHASE,20,-0.09410547149638594,0.925050526697492,0.9587227400049841
c2,REACTOME_OVARIAN_TUMOR_DOMAIN_PROTEASES,34,0.08295718864944848,0.9339049020471071,0.9669217420184694
c2,REACTOME_OXIDATIVE_STRESS_INDUCED_SENESCENCE,63,-0.0810679565541447,0.935402121872961,0.9672202365164427
c2,REACTOME_IMMUNOREGULATORY_INTERACTIONS_BETWEEN_A_LYMPHOID_AND_A_NON_LYMPHOID_CELL,48,0.07939447107353145,0.9367351415488261,0.9672202365164427
h,HALLMARK_GLYCOLYSIS,172,0.07749004394476047,0.938242354367966,0.9672202365164427
c2,REACTOME_OTHER_INTERLEUKIN_SIGNALING,17,0.07747157830104277,0.938275718016334,0.9672202365164427
c2,REACTOME_NEF_MEDIATES_DOWN_MODULATION_OF_CELL_SURFACE_RECEPTORS_BY_RECRUITING_THEM_TO_CLATHRIN_ADAPTERS,17,-0.07609796875669805,0.9393684765167913,0.9672202365164427
c2,REACTOME_MEIOTIC_SYNAPSIS,22,-0.0754823261882368,0.9398549810442702,0.9672202365164427
c2,REACTOME_TRANSCRIPTIONAL_REGULATION_BY_MECP2,44,0.06684183038284697,0.9467246338827182,0.9733126877931656
c2,REACTOME_NRAGE_SIGNALS_DEATH_THROUGH_JNK,48,0.06507072629222424,0.9481339802436889,0.9733900853042516
c2,REACTOME_RAF_ACTIVATION,32,0.0643654080853098,0.9486992148477534,0.9733900853042516
c2,REACTOME_PROTEIN_UBIQUITINATION,63,0.06090820016237327,0.9514465522616828,0.9742508514173538
c2,REACTOME_ACTIVATION_OF_NMDA_RECEPTORS_AND_POSTSYNAPTIC_EVENTS,59,-0.06082368540516051,0.9515143327287191,0.9742508514173538
c2,REACTOME_OTHER_SEMAPHORIN_INTERACTIONS,18,-0.059739600270292376,0.9523896128001839,0.9742508514173538
c2,REACTOME_A_TETRASACCHARIDE_LINKER_SEQUENCE_IS_REQUIRED_FOR_GAG_SYNTHESIS,20,0.05781850301224789,0.9539184216242395,0.9748418565950603
c2,REACTOME_NUCLEAR_RECEPTOR_TRANSCRIPTION_PATHWAY,35,-0.05613986218078768,0.9552494681863569,0.9751484519444077
c2,REACTOME_MAP3K8_TPL2_DEPENDENT_MAPK1_3_ACTIVATION,16,-0.054155359775498915,0.9568395864918604,0.9751484519444077
c2,REACTOME_CELL_DEATH_SIGNALLING_VIA_NRAGE_NRIF_AND_NADE,65,-0.05384518435362663,0.9570725294205601,0.9751484519444077
c2,REACTOME_REGULATION_OF_ENDOGENOUS_RETROELEMENTS,77,-0.05075791927512372,0.9595313125490769,0.9766828156532311
c2,REACTOME_EARLY_SARS_COV_2_INFECTION_EVENTS,32,0.0441792139542749,0.9647815141979184,0.9810526310048276
c2,REACTOME_RHO_GTPASE_CYCLE,390,-0.04165054283696743,0.9667830856264579,0.9821136400070559
c2,REACTOME_SIGNALING_BY_SCF_KIT,38,0.039861939803702326,0.9682215221633466,0.982601049720228
c2,REACTOME_VEGFR2_MEDIATED_VASCULAR_PERMEABILITY,25,0.03614519714186738,0.9711891706413575,0.9832240338191541
c2,REACTOME_NOTCH3_ACTIVATION_AND_TRANSMISSION_OF_SIGNAL_TO_THE_NUCLEUS,22,-0.0360503589875019,0.9712662791988489,0.9832240338191541
c2,REACTOME_SENSORY_PROCESSING_OF_SOUND_BY_OUTER_HAIR_CELLS_OF_THE_COCHLEA,26,0.03466694851509702,0.9723674666781309,0.9832240338191541
c2,REACTOME_IKK_COMPLEX_RECRUITMENT_MEDIATED_BY_RIP1,23,0.03407817040120322,0.9728383641149517,0.9832240338191541
c2,REACTOME_RESPIRATORY_SYNCYTIAL_VIRUS_INFECTION_PATHWAY,99,-0.033068179262135594,0.9736316042209185,0.9832240338191541
c2,REACTOME_EXPRESSION_OF_BMAL_ARNTL_CLOCK_AND_NPAS2,34,0.029693522123499135,0.9763308575946846,0.984979457711173
c2,REACTOME_NEGATIVE_REGULATORS_OF_DDX58_IFIH1_SIGNALING,33,0.021851886264720885,0.9825857787539792,0.9903150670824274
c2,REACTOME_THE_ROLE_OF_NEF_IN_HIV_1_REPLICATION_AND_DISEASE_PATHOGENESIS,22,-0.01962540480894157,0.9843662834686696,0.9907582897192462
c2,REACTOME_MITOCHONDRIAL_PROTEIN_DEGRADATION,90,0.018831625797447103,0.984987366368171,0.9907582897192462
c2,REACTOME_TAK1_DEPENDENT_IKK_AND_NF_KAPPA_B_ACTIVATION,41,0.01766304142286327,0.985925322452323,0.9907582897192462
c2,REACTOME_TCF_DEPENDENT_SIGNALING_IN_RESPONSE_TO_WNT,139,0.016149332590391426,0.9871248859367823,0.9907896896967355
c2,REACTOME_REGULATION_OF_MECP2_EXPRESSION_AND_ACTIVITY,28,-0.015205215555656855,0.9878898174342086,0.9907896896967355
c2,REACTOME_PKMTS_METHYLATE_HISTONE_LYSINES,42,0.009535295758273232,0.9924094989196655,0.9943496934434576
c2,REACTOME_PLASMA_LIPOPROTEIN_ASSEMBLY_REMODELING_AND_CLEARANCE,49,-0.004739306324474162,0.9962347545415208,0.9964364928078129
c2,REACTOME_SIGNALING_BY_WNT,221,-0.004475813540362537,0.9964364928078129,0.9964364928078129
